ID,Row type,Chapter,Chapter name,Note #,Category,Note / citation text,Source ID,File stem,Source (full citation),URL,Wayback link,Wayback status,Status,Download URL,Backup file,OneDrive link,Cited page,Google Books link,Remarks
BI_Ch01_01,Note,1,Chapter 1: Superpower or Balkanized War Zone?,1,URL,"In his article of 19 October 2006, Suman Guha Mozumder quotes the well-known journalist P. Sainath, who told an audience in New York that while food courts are springing up almost everywhere in India’s big city malls, catering to the palates of well-off Indians, ‘The average rural family today is eating nearly 100 grams less of food grains than six or seven years ago, and the average per capita avai lability of food grains has declined sharply. In 1991, when reforms began, availability of food per person was 510 grams; today it has fallen to 437 grams’. He said, ‘At a time when people of our class are eating foods like we never had in our lives before, India’s agriculture sector is in the midst of a collapse’. He also stated that while India has eight billionaires and hundreds of millionaires, the country ranks 127th in the Human Development Report Index. ‘So, on the one hand we have this incredible emerging tiger-economy . . . [on the other hand] it should be remembered that the incredible tiger economy produces a very shameful kind of human development indicators,’ Sainath said. ‘The life expectancy of an average Indian is lower than people in Mongolia or Tajikistan’. He said that the Vidarbha region in Maharashtra has seen 968 suicides by farmers, including on an average 120, every month in the last three months. In March 2006, the parliament was told by Union Agriculture Minister Sharad Pa war that in the last ten years over, 120,000 farmers have committed suicide in India. ‘Suicides by farmers today are actually a symptom of a much wider crisis in India’s farm and agricultural sector,’ Sainath said, and that this was the result of a systematic and structured move to shift to corporate farming from small family farming-practices as well as mindless deregulation that has ruined the farming community. He further said, ‘The claim that India is shining is true. I believe it, although it is happening for just the ten percent of the population’. (See: http://ia.rediff.com/money/2006/oct/19bspec.htm)",,BI_Ch01_01_ia-rediff-com_19bspec,,http://ia.rediff.com/money/2006/oct/19bspec.htm,,,On OneDrive,,BI_Ch01_01_ia-rediff-com_19bspec.pdf,https://1drv.ms/b/c/ACD215A5F926CFCE/IQBLxm5QelkmS71lkBhCQ2DTATvmzySu1NNgrXbjGUxp60M?download=1,,,"No source matched: either a comment by the author, or a source to identify by hand | Page saved as PDF (cover page + copy) from live page on 2026-10-08"
BI_Ch01_02,Note,1,Chapter 1: Superpower or Balkanized War Zone?,2,Unlinked note,"(Information warfare Monitor and Shadowserver Foundation 2010, 43)",,BI_Ch01_02,,,,,To do,,,,,,"No source matched: either a comment by the author, or a source to identify by hand"
BI_Ch01_03,Note,1,Chapter 1: Superpower or Balkanized War Zone?,3,Unlinked note,"In fact, almost all nation states surrounding India have been listed as among the first 25 of the Failed State Index 2009 released by Carnegie Endowmer.t for International Peace: Afghanistan is ranked 7; Pakistan 10; Burma 13; Bangladesh 19; Sri Lanka 22; Nepal 25.",,BI_Ch01_03,,,,,To do,,,,,,"No source matched: either a comment by the author, or a source to identify by hand"
BI_Ch01_04,Note,1,Chapter 1: Superpower or Balkanized War Zone?,4,Unlinked note,"Atrocity literature is a technical term referring to literature generated by Western interests, with the explicit goal to shew that the target nor- Western cultme is committing atrocities on its own people, and hence in need of Western intervention. This will be elaborated in a later chapter.",,BI_Ch01_04,,,,,To do,,,,,,"No source matched: either a comment by the author, or a source to identify by hand"
BI_Ch01_05,Note,1,Chapter 1: Superpower or Balkanized War Zone?,5,Book/Print,"(Oldenburg, 2002)",BI_B596,BI_Ch01_05_Oldenburg_New-York-Oxford-University-Press,"Oldenburg, Veena Taiwan Dowry Murders: The Imperial Origins of a Cultural Crime. New York: Oxford University Press, 2002.",,,,To do,,,,,https://www.google.com/search?tbm=bks&q=New%20York%20Oxford%20University%20Press%202002%20Oldenburg,
BI_Ch01_06,Note,1,Chapter 1: Superpower or Balkanized War Zone?,6,Book/Print,"For example, see (Dirks, 2004)",BI_B213,BI_Ch01_06_Dirks_Castes-of-Mind-Colonialism-and-the-Making,"Dirks, Nicholas. Castes of Mind: Colonialism and the Making of Modern India. Hyderabad: Orient Blackswan, 2004.",,,,To do,,,,,https://www.google.com/search?tbm=bks&q=Castes%20of%20Mind%20Colonialism%20and%20the%20Making%20of%20Modern%20Dirks,
BI_Ch01_07,Note,1,Chapter 1: Superpower or Balkanized War Zone?,7,Book/Print,"(Digby, 1969, 33)",BI_B203,BI_Ch01_07_Digby_Prosperous-India-A-Revelation-from-Official-Records,"Digby, William. 'Prosperous' India: A Revelation from Official Records. New Delhi: Sagar, 1969.",,,,To do,,,,33,https://www.google.com/search?tbm=bks&q=Prosperous%20India%20A%20Revelation%20from%20Official%20Records%20New%20Delhi%20Digby,
BI_Ch01_08,Note,1,Chapter 1: Superpower or Balkanized War Zone?,8,Book/Print,"(Bagchi, 1984, 81)",BI_B053,BI_Ch01_08_Bagchi_The-Political-Economy-of-Underdevelopment,"Bagchi, Amiya. The Political Economy of Underdevelopment. Cambridge University Press, 1984.",,,,To do,,,,81,https://www.google.com/search?tbm=bks&q=The%20Political%20Economy%20of%20Underdevelopment%20Cambridge%20University%20Press%201984%20Bagchi,
BI_Ch03_01,Note,3,Chapter 3: Inventing the Aryan Race,1,Book/Print,"(Jones, 1799)",BI_B410,BI_Ch03_01_Jones_On-the-Hindus-The-Third-Discourse,"Jones, William. ‘On the Hindus: The Third Discourse’. Asiatic Researches 1 (1799): 422-423.",,,,On OneDrive,,BI_B410_Jones_On-the-Hindus-The-Third-Discourse.pdf,https://1drv.ms/b/c/ACD215A5F926CFCE/IQAJ6CMUCuS3T56e28y6Y_hVAdWPTrvOPaY_99FyoBIy6SM?download=1,,https://www.google.com/search?tbm=bks&q=On%20the%20Hindus%20The%20Third%20Discourse%20Asiatic%20Researches%201%20Jones,"Earlier check: Public domain (1799 Calcutta edition, Asiatic Researches Vol. 1, containing Jones' Third Discourse 'On the Hindus'). Downloaded from archive.org. | Carried over from the earlier backup (A403_AsiaticResearches_Vol1_1799.pdf)"
BI_Ch03_02,Note,3,Chapter 3: Inventing the Aryan Race,2,Book/Print,"(Schwab, 1984, 17)",BI_B719,BI_Ch03_02_Schwab_Oriental-Renaissance-Europe-s-Discovery-of-India,"Schwab, Raymond. Oriental Renaissance: Europe's Discovery of India and the East, 1680-1S80. New York: Gene Patterson-Black and Victor Reinking, 1984.",,,,To do,,,,17,https://www.google.com/search?tbm=bks&q=Oriental%20Renaissance%20Europe%20s%20Discovery%20of%20India%20and%20the%20Schwab,
BI_Ch03_03,Note,3,Chapter 3: Inventing the Aryan Race,3,Unlinked note,"This three-volume vzork published in London claimed to deal with the ‘mythology, cosmogony, fasts and festivals of the Gentoos’ (a derogatory term derived from ‘gentiles’)- It was the main source of Voltaire’s ideas on India.",,BI_Ch03_03,,,,,To do,,,,,,"No source matched: either a comment by the author, or a source to identify by hand"
BI_Ch03_04,Note,3,Chapter 3: Inventing the Aryan Race,4,Unlinked note,"In 1781-2, Herder and von Schlozer became the first to apply the term ‘Semitic’ to a group of languages. The term vzas named after Shem, son of Noah, as desired in Genesis 5:32.",,BI_Ch03_04,,,,,To do,,,,,,"No source matched: either a comment by the author, or a source to identify by hand"
BI_Ch03_05,Note,3,Chapter 3: Inventing the Aryan Race,5,Book/Print,"For a detailed presentation of Renan’s eulogizing of ‘Aryan’ Aartues along with his preference for Christian monotheism, see (Katz, 1980, 136)",BI_B426,BI_Ch03_05_Katz_From-Prejudice-to-Destruction-Anti-Semitism,"Katz, Jacob. From Prejudice to Destruction: Anti-Semitism, 1700-1933. Cambridge: Harvard University Press, 1980.",,,,To do,,,,136,https://www.google.com/search?tbm=bks&q=From%20Prejudice%20to%20Destruction%20Anti%20Semitism%201700%201933%20Cambridge%20Katz,
BI_Ch03_06,Note,3,Chapter 3: Inventing the Aryan Race,6,Unlinked note,"In Marxism, God’s invisible hand became the dialectical process, an equally mystical notion that was used to justify European colonialism.",,BI_Ch03_06,,,,,To do,,,,,,"No source matched: either a comment by the author, or a source to identify by hand"
BI_Ch03_07,Note,3,Chapter 3: Inventing the Aryan Race,7,Book/Print,"(Olender, 1992, 7)",BI_B597,BI_Ch03_07_Olender_The-Languages-of-Paradise-Race,"Olender, Maurice. The Languages of Paradise: Race, Religion, and Philology in the Nineteenth Century. Harvard University Press, 1992.",,,,To do,,,,7,https://www.google.com/search?tbm=bks&q=The%20Languages%20of%20Paradise%20Race%20Religion%20and%20Philology%20in%20Olender,
BI_Ch03_08,Note,3,Chapter 3: Inventing the Aryan Race,8,Book/Print,"Ronald Taylor lists various tropes that became Europeanized but were Indian in origin and inspiration, such as: poems with love of flowers and animals, the cult of lotus blossom, the sacred mystery of Ganges, magicians as agents of the supernatural and miraculous, and an overarching influx of moral philosophy.",BI_B776,BI_Ch03_08_Taylor_The-Prophetic-Families,"Taylor, Troup. The Prophetic Families, Or The Negro: His Origin, Destiny and Stanis, Atlanta, 1895.",,,,To do,,,,,https://www.google.com/search?tbm=bks&q=The%20Prophetic%20Families%20Or%20The%20Negro%20His%20Origin%20Destiny%20Taylor,[match: author only (unique)]
BI_Ch03_09,Note,3,Chapter 3: Inventing the Aryan Race,9,Book/Print,"See (A.L. Wilson, 1964)",BI_B933,BI_Ch03_09_Wilson_A-Mythical-Image-The-Idea-of-India,"Wilson, A Leslie. A Mythical Image: The Idea of India in German Romanticism. Durham: Duke University Press, 1964.",,,,To do,,,,,https://www.google.com/search?tbm=bks&q=A%20Mythical%20Image%20The%20Idea%20of%20India%20in%20German%20Wilson,
BI_Ch03_10,Note,3,Chapter 3: Inventing the Aryan Race,10,URL,"Jones believed that all three linguistic families had descended from the three sons of Noah in the Middle East, from where they dispersed to the corners of the world. (Jones, The Qrigin and Families of Katiotis 1993).",BI_B412,BI_Ch03_10_Jones_The-Origin-and-Families-of-Nations,"Jones, William. ‘The Origin and Families of Nations’. The Collected Works of William Jones (New York University Press) hi (1993): 193-203. Joshua Project. Great Commission Resources and Downloads. 2001:2009. http://www.joshuaproject.net/download.php# (accessed 30 January 2009).",http://www.joshuaproject.net/download.php#,,,To do,,,,,,download failed - live page: web server answered HTTP 404 | download failed - live page: web server answered HTTP 404
BI_Ch03_11,Note,3,Chapter 3: Inventing the Aryan Race,11,Book/Print,"His teacher, possibly the only person in continental Europe who was capable of teaching Sanskrit at that time, was a Scot named Hamilton who had been captured by the French in India and was being held in Paris as a prisoner of war. The development of Schlegel’s ideas about India have been traced in (wichman, 2006, 28).",BI_B921,BI_Ch03_11_Wichman_Aryan-Idols-Indo-European-Mythology-as-Ideology,"wichman, Stefan Arvidsson and Sonia. Aryan Idols: Indo-European Mythology as Ideology and Science. Chicago: University of Chicago Press, 2006.",,,,To do,,,,28,https://www.google.com/search?tbm=bks&q=Aryan%20Idols%20Indo%20European%20Mythology%20as%20Ideology%20and%20Science%20wichman,
BI_Ch03_12,Note,3,Chapter 3: Inventing the Aryan Race,12,Unlinked note,"Neo-Classicism refers to certain movements in the decorative and visual arts, literature, theatre, music, and architecture that draw upon western classical art a nd culture, usually that of ancient Greece or ancient Rome. These movements were dominant during the mid-eighteenth century to the end of the nineteenth century.",,BI_Ch03_12,,,,,To do,,,,,,"No source matched: either a comment by the author, or a source to identify by hand"
BI_Ch03_13,Note,3,Chapter 3: Inventing the Aryan Race,13,Book/Print,"(Schlegal, 1860, 514)",BI_B718,BI_Ch03_13_Schlegal_On-the-Language-and-the-wisom-of,"Schlegal, Friedrich. ‘On the Language and the wisom of the Indians, Translated by E.J Millington’. In The Aesthetic and Miscellaneous Works of Frederick von Schlegal, 514. London: Henry G Bohn, 1860.",,,,To do,,,,514,https://www.google.com/search?tbm=bks&q=On%20the%20Language%20and%20the%20wisom%20of%20the%20Indians%20Schlegal,
BI_Ch03_14,Note,3,Chapter 3: Inventing the Aryan Race,14,Book/Print,"(Schlegal, 1860, 509-11)",BI_B718,BI_Ch03_14_Schlegal_On-the-Language-and-the-wisom-of,"Schlegal, Friedrich. ‘On the Language and the wisom of the Indians, Translated by E.J Millington’. In The Aesthetic and Miscellaneous Works of Frederick von Schlegal, 514. London: Henry G Bohn, 1860.",,,,To do,,,,509,https://www.google.com/search?tbm=bks&q=On%20the%20Language%20and%20the%20wisom%20of%20the%20Indians%20Schlegal,
BI_Ch03_15,Note,3,Chapter 3: Inventing the Aryan Race,15,Book/Print,"Sir H.S. Maine, ‘The effects of observation of India on modern European thought’, 1875 Rede lecture - quoted in (Trautman, Aryans and British India, 2004, 2)",BI_B882,BI_Ch03_15_Trautman_Aryans-and-British-India,"Trautman, Thomas R. Aryans and British India. New Delhi: Yoda Press, 2004.",,,,To do,,,,2,https://www.google.com/search?tbm=bks&q=Aryans%20and%20British%20India%20New%20Delhi%20Yoda%20Press%202004%20Trautman,
BI_Ch03_16,Note,3,Chapter 3: Inventing the Aryan Race,16,Book/Print,"This section on Renan draws heavily on (Olender, 1992, 53-4, 63-71. 73, 76-9)",BI_B597,BI_Ch03_16_Olender_The-Languages-of-Paradise-Race,"Olender, Maurice. The Languages of Paradise: Race, Religion, and Philology in the Nineteenth Century. Harvard University Press, 1992.",,,,To do,,,,53,https://www.google.com/search?tbm=bks&q=The%20Languages%20of%20Paradise%20Race%20Religion%20and%20Philology%20in%20Olender,
BI_Ch03_17,Note,3,Chapter 3: Inventing the Aryan Race,17,Book/Print,"(Olender, 1992, 66)",BI_B597,BI_Ch03_17_Olender_The-Languages-of-Paradise-Race,"Olender, Maurice. The Languages of Paradise: Race, Religion, and Philology in the Nineteenth Century. Harvard University Press, 1992.",,,,To do,,,,66,https://www.google.com/search?tbm=bks&q=The%20Languages%20of%20Paradise%20Race%20Religion%20and%20Philology%20in%20Olender,
BI_Ch03_18,Note,3,Chapter 3: Inventing the Aryan Race,18,Book/Print,"(Olender, 1992, 70)",BI_B597,BI_Ch03_18_Olender_The-Languages-of-Paradise-Race,"Olender, Maurice. The Languages of Paradise: Race, Religion, and Philology in the Nineteenth Century. Harvard University Press, 1992.",,,,To do,,,,70,https://www.google.com/search?tbm=bks&q=The%20Languages%20of%20Paradise%20Race%20Religion%20and%20Philology%20in%20Olender,
BI_Ch03_19,Note,3,Chapter 3: Inventing the Aryan Race,19,Book/Print,"As quoted in (Halbfass, India and Europe: An Essay in Understanding 1988, 133)",BI_B314,BI_Ch03_19_Halbfass_India-and-Europe-An-Essay-in-Understanding,"Halbfass, Wilhelm. India and Europe: An Essay in Understanding. New York: State University of New York Press, 1988.",,,,To do,,,,133,https://www.google.com/search?tbm=bks&q=India%20and%20Europe%20An%20Essay%20in%20Understanding%20New%20York%20Halbfass,
BI_Ch03_20,Note,3,Chapter 3: Inventing the Aryan Race,20,Unlinked note,"At the end of their lives, they cautioned readers about the dangers of racism brought by their fashionable comparative philology.",,BI_Ch03_20,,,,,To do,,,,,,"No source matched: either a comment by the author, or a source to identify by hand"
BI_Ch03_21,Note,3,Chapter 3: Inventing the Aryan Race,21,Book/Print,"Max Muller opposed Darwinian theories to explain the origin of languages, which he felt were not of animal origin. He said famously that no process of natural selection will ever distill significant words out of the notes of birds or the cries of beasts. (Max Muller, 1869, 354)",BI_B518,BI_Ch03_21_Max-Muller_Lectures-on-the-Science-of-Language,"Max Muller, Frederich. Lectures on the Science of Language. New York: Charles Scriber and Company, 1869.",,,,To do,,,,354,https://www.google.com/search?tbm=bks&q=Lectures%20on%20the%20Science%20of%20Language%20New%20York%20Charles%20Max%20Muller,
BI_Ch03_22,Note,3,Chapter 3: Inventing the Aryan Race,22,Book/Print,"(Muller, 1902, 346)",BI_B547,BI_Ch03_22_Muller_The-Life-and-Letters-of-the-Tight,"Muller, Friedrich Max. The Life and Letters of the Tight Honourable Friedrich Max Muller. Georgina Adelaide Grenfall Muller. Vol. 1. Longmans, Green, and Co, 1902.",,,,On OneDrive,,BI_B547_Muller_The-Life-and-Letters-of-the-Tight.pdf,https://1drv.ms/b/c/ACD215A5F926CFCE/IQDFEvdhoYwUSbd9DF4E3HQRARkaViHlrB1sl5BeHIZG-LE?download=1,346,https://www.google.com/search?tbm=bks&q=The%20Life%20and%20Letters%20of%20the%20Tight%20Honourable%20Friedrich%20Muller,"Earlier check: Public domain (pub. 1902, pre-1930). Downloaded Vol. 1 from archive.org. | Carried over from the earlier backup (A539_Muller_1902_Life-and-Letters-of-Max-Muller-Vol1.pdf)"
BI_Ch03_23,Note,3,Chapter 3: Inventing the Aryan Race,23,Book/Print,"Pictet described the Aryan ancestors of European Christians as follows: ‘In an epoch predating all historical records, cloaked in the darkness of time, a race destined by Providence.one day to dominate the globe, slowly came of age in what was to be the training ground for its brilliant future. Outstripping all others in innate beauty and gifts of intelligence, nurtured by a grand but harsh natural setting that was generous but not lavish with its treasures, this race was destined from the first to conquer. . . . It was therefore quick to develop gifts of the mind, for planning, and energy, for execution. Once initial difficulties were overcome, it enjoyed the tranquil well-being of a patriarchal existence, while thus jubilantly growing in numbers and in prosperity, this fertile race forged itself a powerful tool, a language admirable for its richness, vigor, harmony, and perfection of form; a language that spontaneously r<;flected all the race’s impressions, its tenderest emotions, its most naive admirations, but also its yearning for a higher v/orld; a l anguage full of images and intuiti ve ideas, bearing the seeds of future riches, of a magnificent outpouring of the noblest poetry and profoundest thought’. (Olender, 1992, 95-6)",BI_B597,BI_Ch03_23_Olender_The-Languages-of-Paradise-Race,"Olender, Maurice. The Languages of Paradise: Race, Religion, and Philology in the Nineteenth Century. Harvard University Press, 1992.",,,,To do,,,,95,https://www.google.com/search?tbm=bks&q=The%20Languages%20of%20Paradise%20Race%20Religion%20and%20Philology%20in%20Olender,"Also cites: BI_B619, BI_B620"
BI_Ch03_24,Note,3,Chapter 3: Inventing the Aryan Race,24,Book/Print,"Pictet explained the Semite/Aryan division of civilizational assets as follows: ‘Faithful guardians of pure monotheism, the Hebrews had a magnificent part ir the divine plan, but one vzonders where the world would be today if they had remaine<I the sole leaders of mankind. , The fact is, while they religiously preserved the principle of truth from which a higher light would one day emanate. Providence had already singled out another race of men to lead the way to further progress. This was the race of Aryas, blessed from the beginning with the very qualities the Hebrews lacked to become the civilizers of the world. . . . The contrast between the two races is as stark as can be. The FIebrews possess the authority that preserves; the Aryas, the freedom that allows for development. The Hebrews display intolerance, which concentrates and isolates; the .Aryas, receptivity, which extends and assimilates; the Hebrews direct their energy toward a single goal; the Aryas engage in incessant activity in all directions. On the one ha nd i s a single compact nationality, on the other a vast race divided into a host of diverse peoples. In bc>ch we find exactly what was needed to accomplish the providential designs’. (Olender, 1992, 102). But Ferdinand de Saussure (1857-1913) raised serious questions about Pictet’s thesis, even though Pictet was his first intellectual guide. Saussure asked: ‘Can one really rely on comparative linguistics to draw conc’usions about race and the history of the Indo-European people, their homeland and their travels?’ He opposed the idea of extrapolating prehistoric anthropology based on reconstructing a lost language.",BI_B597,BI_Ch03_24_Olender_The-Languages-of-Paradise-Race,"Olender, Maurice. The Languages of Paradise: Race, Religion, and Philology in the Nineteenth Century. Harvard University Press, 1992.",,,,To do,,,,102,https://www.google.com/search?tbm=bks&q=The%20Languages%20of%20Paradise%20Race%20Religion%20and%20Philology%20in%20Olender,"Also cites: BI_B619, BI_B620"
BI_Ch03_25,Note,3,Chapter 3: Inventing the Aryan Race,25,Book/Print,"(Olender, 1992, 103-4)",BI_B597,BI_Ch03_25_Olender_The-Languages-of-Paradise-Race,"Olender, Maurice. The Languages of Paradise: Race, Religion, and Philology in the Nineteenth Century. Harvard University Press, 1992.",,,,To do,,,,103,https://www.google.com/search?tbm=bks&q=The%20Languages%20of%20Paradise%20Race%20Religion%20and%20Philology%20in%20Olender,
BI_Ch03_26,Note,3,Chapter 3: Inventing the Aryan Race,26,Book/Print,"(Olender, 1992, 112)",BI_B597,BI_Ch03_26_Olender_The-Languages-of-Paradise-Race,"Olender, Maurice. The Languages of Paradise: Race, Religion, and Philology in the Nineteenth Century. Harvard University Press, 1992.",,,,To do,,,,112,https://www.google.com/search?tbm=bks&q=The%20Languages%20of%20Paradise%20Race%20Religion%20and%20Philology%20in%20Olender,
BI_Ch03_27,Note,3,Chapter 3: Inventing the Aryan Race,27,Book/Print,"(Caine and Slug, 2002, 87)",BI_B106,BI_Ch03_27_Caine_Gendering-European-History,"Caine, Barbara, and Glenda Slug. ‘Gendering European History’. 87. London: Leicester University Press, 2002.",,,,To do,,,,87,https://www.google.com/search?tbm=bks&q=Gendering%20European%20History%2087%20London%20Leicester%20University%20Press%202002%20Caine,
BI_Ch03_28,Note,3,Chapter 3: Inventing the Aryan Race,28,Book/Print,"(Halbfass, 1988, 139)",BI_B314,BI_Ch03_28_Halbfass_India-and-Europe-An-Essay-in-Understanding,"Halbfass, Wilhelm. India and Europe: An Essay in Understanding. New York: State University of New York Press, 1988.",,,,To do,,,,139,https://www.google.com/search?tbm=bks&q=India%20and%20Europe%20An%20Essay%20in%20Understanding%20New%20York%20Halbfass,
BI_Ch03_29,Note,3,Chapter 3: Inventing the Aryan Race,29,Book/Print,"(Halbfass, 1988, 139)",BI_B314,BI_Ch03_29_Halbfass_India-and-Europe-An-Essay-in-Understanding,"Halbfass, Wilhelm. India and Europe: An Essay in Understanding. New York: State University of New York Press, 1988.",,,,To do,,,,139,https://www.google.com/search?tbm=bks&q=India%20and%20Europe%20An%20Essay%20in%20Understanding%20New%20York%20Halbfass,
BI_Ch03_30,Note,3,Chapter 3: Inventing the Aryan Race,30,Book/Print,"From Darwin’s 1871 book. The Descent of Man and Selection in , Relation to Sex. Though this line by Darwin could have been used by eugenticists to give scientific credibility to their own movement, Darwin himself used the word ‘races’ co mean ‘varieties ’ and not human races, (www.talkorigins.org, 2002) While there is no doubt that some of those who supported eugenics cited Darwin’s theory of evolution as inspiration or justification, most enthusiastic promoters of the eugenics movement. which led to policies such as compulsory sterilisation, were evangelical Christians. (Lepage, 2008)",BI_B461,BI_Ch03_30_Lepage_Evolution-24-M-yths-and-Misconceptions,"Lepage, Michael. ‘Evolution: 24 M yths and Misconceptions’. New Scientist, April 2008.",,,,To do,,,,,https://www.google.com/search?tbm=bks&q=Evolution%2024%20M%20yths%20and%20Misconceptions%20New%20Scientist%20April%20Lepage,[match: author+title]
BI_Ch03_31,Note,3,Chapter 3: Inventing the Aryan Race,31,Unlinked note,The Theosophical Society subsequently published several statements highly critical of the Nazi use of the term ‘Aryan’.,,BI_Ch03_31,,,,,To do,,,,,,"No source matched: either a comment by the author, or a source to identify by hand"
BI_Ch03_32,Note,3,Chapter 3: Inventing the Aryan Race,32,Unlinked note,"Teutonic refers to German, Scandivanian and British ancestors, and served as a substitute for what became known as ‘white’ people.",,BI_Ch03_32,,,,,To do,,,,,,"No source matched: either a comment by the author, or a source to identify by hand"
BI_Ch03_33,Note,3,Chapter 3: Inventing the Aryan Race,33,Book/Print,"(Steigmann-Gall, 2003, 39)",BI_B751,BI_Ch03_33_Steigmann-Gall_The-Holy-Reich-Nazi-C,"Steigmann-Gall, Richard. The Holy Reich: Nazi C.onceptions of Christianity 1919-1945. Cambridge University Press, 2003.",,,,To do,,,,39,https://www.google.com/search?tbm=bks&q=The%20Holy%20Reich%20Nazi%20C%20onceptions%20of%20Christianity%201919%20Steigmann-Gall,
BI_Ch03_34,Note,3,Chapter 3: Inventing the Aryan Race,34,Book/Print,"(Redesdale, 2003, xiii)",BI_B681,BI_Ch03_34_Redesdale_Foundations-of-the-Nineteenth-Century,"Redesdale. Foundations of the Nineteenth Century. 1911. Elibron Classics Series: i^damant Media Corporation, 2003.",,,,To do,,,,,https://www.google.com/search?tbm=bks&q=Foundations%20of%20the%20Nineteenth%20Century%201911%20Elibron%20Classics%20Series%20Redesdale,
BI_Ch03_35,Note,3,Chapter 3: Inventing the Aryan Race,35,Book/Print,"(Chamberlain, 1911; 2003, 292)",BI_B120,BI_Ch03_35_Chamberlain_Foundations-of-the-Nineteenh-Century,"Chamberlain, Houston Stewart. Foundations of the Nineteenh Century. 1911. Vol. 1. Elibron Classics Series: Adamant Media Corporation, 1911; 2003.",,,,On OneDrive,https://archive.org/download/foundationsofnin01cham/foundationsofnin01cham.pdf,BI_B120_Chamberlain_Foundations-of-the-Nineteenh-Century.pdf,https://1drv.ms/b/c/ACD215A5F926CFCE/IQB0oNvt5mysR6GZ3m4Lf58pAZcaINogtDr-8b_fiHUDJ38?download=1,292,https://www.google.com/search?tbm=bks&q=Foundations%20of%20the%20Nineteenh%20Century%201911%20Vol%201%20Elibron%20Chamberlain,"Free copy found in the earlier audit (archive.org) | CAUTION (earlier check): Both volumes supplied. Volume I is the 1913 fourth impression; Volume II is catalogued 1911. Translator is John Lees; Lord Redesdale wrote the introduction. Same file serves A119/A668. These are underlying historical texts, not the 2003 reprint. | Download provenance: https://archive.org/download/foundationsofnin01cham/foundationsofnin01cham.pdf ; https://archive.org/download/f | Carried over from the earlier backup (A119_Chamberlain_Foundations_Vols1-2_1913-and-1911-printings.pdf)"
BI_Ch03_36,Note,3,Chapter 3: Inventing the Aryan Race,36,Book/Print,"(Chamberlain, 1911; 2003, 227)",BI_B120,BI_Ch03_36_Chamberlain_Foundations-of-the-Nineteenh-Century,"Chamberlain, Houston Stewart. Foundations of the Nineteenh Century. 1911. Vol. 1. Elibron Classics Series: Adamant Media Corporation, 1911; 2003.",,,,On OneDrive,https://archive.org/download/foundationsofnin01cham/foundationsofnin01cham.pdf,BI_B120_Chamberlain_Foundations-of-the-Nineteenh-Century.pdf,https://1drv.ms/b/c/ACD215A5F926CFCE/IQB0oNvt5mysR6GZ3m4Lf58pAZcaINogtDr-8b_fiHUDJ38?download=1,227,https://www.google.com/search?tbm=bks&q=Foundations%20of%20the%20Nineteenh%20Century%201911%20Vol%201%20Elibron%20Chamberlain,"Free copy found in the earlier audit (archive.org) | CAUTION (earlier check): Both volumes supplied. Volume I is the 1913 fourth impression; Volume II is catalogued 1911. Translator is John Lees; Lord Redesdale wrote the introduction. Same file serves A119/A668. These are underlying historical texts, not the 2003 reprint. | Download provenance: https://archive.org/download/foundationsofnin01cham/foundationsofnin01cham.pdf ; https://archive.org/download/f | Carried over from the earlier backup (A119_Chamberlain_Foundations_Vols1-2_1913-and-1911-printings.pdf)"
BI_Ch03_37,Note,3,Chapter 3: Inventing the Aryan Race,37,Book/Print,"(Chamberlain, 1911; 2003, 184) Such depictions of Buddha in Christian literature continue to this day, though in a more theologically nuanced way. A comparison of the depiction of Buddha by Chamberlain and the critique of Buddha made by Pope John Paul in his Threshold of Faith will bring this out to the reader.",BI_B120,BI_Ch03_37_Chamberlain_Foundations-of-the-Nineteenh-Century,"Chamberlain, Houston Stewart. Foundations of the Nineteenh Century. 1911. Vol. 1. Elibron Classics Series: Adamant Media Corporation, 1911; 2003.",,,,On OneDrive,https://archive.org/download/foundationsofnin01cham/foundationsofnin01cham.pdf,BI_B120_Chamberlain_Foundations-of-the-Nineteenh-Century.pdf,https://1drv.ms/b/c/ACD215A5F926CFCE/IQB0oNvt5mysR6GZ3m4Lf58pAZcaINogtDr-8b_fiHUDJ38?download=1,184,https://www.google.com/search?tbm=bks&q=Foundations%20of%20the%20Nineteenh%20Century%201911%20Vol%201%20Elibron%20Chamberlain,"Free copy found in the earlier audit (archive.org) | CAUTION (earlier check): Both volumes supplied. Volume I is the 1913 fourth impression; Volume II is catalogued 1911. Translator is John Lees; Lord Redesdale wrote the introduction. Same file serves A119/A668. These are underlying historical texts, not the 2003 reprint. | Download provenance: https://archive.org/download/foundationsofnin01cham/foundationsofnin01cham.pdf ; https://archive.org/download/f | Carried over from the earlier backup (A119_Chamberlain_Foundations_Vols1-2_1913-and-1911-printings.pdf)"
BI_Ch03_38,Note,3,Chapter 3: Inventing the Aryan Race,38,Book/Print,"(Redesdale, 2003, xxx)",BI_B681,BI_Ch03_38_Redesdale_Foundations-of-the-Nineteenth-Century,"Redesdale. Foundations of the Nineteenth Century. 1911. Elibron Classics Series: i^damant Media Corporation, 2003.",,,,To do,,,,,https://www.google.com/search?tbm=bks&q=Foundations%20of%20the%20Nineteenth%20Century%201911%20Elibron%20Classics%20Series%20Redesdale,
BI_Ch03_39,Note,3,Chapter 3: Inventing the Aryan Race,39,Book/Print,"(Chamberlain, 1911; 2003, 174) Chamberlain starts the chapter titled ‘The Revelation of Christ’ with this quote: ‘By the virtue of One all have been truly saved’. The ‘One’ has been capitalized (which is not in Sanskrit) in order to create an impression that this is a symbolic premonition of Jesus.",BI_B120,BI_Ch03_39_Chamberlain_Foundations-of-the-Nineteenh-Century,"Chamberlain, Houston Stewart. Foundations of the Nineteenh Century. 1911. Vol. 1. Elibron Classics Series: Adamant Media Corporation, 1911; 2003.",,,,On OneDrive,https://archive.org/download/foundationsofnin01cham/foundationsofnin01cham.pdf,BI_B120_Chamberlain_Foundations-of-the-Nineteenh-Century.pdf,https://1drv.ms/b/c/ACD215A5F926CFCE/IQB0oNvt5mysR6GZ3m4Lf58pAZcaINogtDr-8b_fiHUDJ38?download=1,174,https://www.google.com/search?tbm=bks&q=Foundations%20of%20the%20Nineteenh%20Century%201911%20Vol%201%20Elibron%20Chamberlain,"Free copy found in the earlier audit (archive.org) | CAUTION (earlier check): Both volumes supplied. Volume I is the 1913 fourth impression; Volume II is catalogued 1911. Translator is John Lees; Lord Redesdale wrote the introduction. Same file serves A119/A668. These are underlying historical texts, not the 2003 reprint. | Download provenance: https://archive.org/download/foundationsofnin01cham/foundationsofnin01cham.pdf ; https://archive.org/download/f | Carried over from the earlier backup (A119_Chamberlain_Foundations_Vols1-2_1913-and-1911-printings.pdf)"
BI_Ch03_40,Note,3,Chapter 3: Inventing the Aryan Race,40,Book/Print,"(Domenico and Hanley, 2006, 108-9)",BI_B217,BI_Ch03_40_Domenico_Encyclopedia-of-Modern-Christian-Politics,"Domenico, Roy Palmer, and Mark Y Hanley. Encyclopedia of Modern Christian Politics. Greenwod Publishing Group, 2006.",,,,To do,,,,108,https://www.google.com/search?tbm=bks&q=Encyclopedia%20of%20Modern%20Christian%20Politics%20Greenwod%20Publishing%20Group%202006%20Domenico,
BI_Ch03_41,Note,3,Chapter 3: Inventing the Aryan Race,41,Book/Print,"(Chamberlain, 1911; 2003, 266)",BI_B120,BI_Ch03_41_Chamberlain_Foundations-of-the-Nineteenh-Century,"Chamberlain, Houston Stewart. Foundations of the Nineteenh Century. 1911. Vol. 1. Elibron Classics Series: Adamant Media Corporation, 1911; 2003.",,,,On OneDrive,https://archive.org/download/foundationsofnin01cham/foundationsofnin01cham.pdf,BI_B120_Chamberlain_Foundations-of-the-Nineteenh-Century.pdf,https://1drv.ms/b/c/ACD215A5F926CFCE/IQB0oNvt5mysR6GZ3m4Lf58pAZcaINogtDr-8b_fiHUDJ38?download=1,266,https://www.google.com/search?tbm=bks&q=Foundations%20of%20the%20Nineteenh%20Century%201911%20Vol%201%20Elibron%20Chamberlain,"Free copy found in the earlier audit (archive.org) | CAUTION (earlier check): Both volumes supplied. Volume I is the 1913 fourth impression; Volume II is catalogued 1911. Translator is John Lees; Lord Redesdale wrote the introduction. Same file serves A119/A668. These are underlying historical texts, not the 2003 reprint. | Download provenance: https://archive.org/download/foundationsofnin01cham/foundationsofnin01cham.pdf ; https://archive.org/download/f | Carried over from the earlier backup (A119_Chamberlain_Foundations_Vols1-2_1913-and-1911-printings.pdf)"
BI_Ch03_42,Note,3,Chapter 3: Inventing the Aryan Race,42,Book/Print,"(Kennedy, 1995, 37)",BI_B429,BI_Ch03_42_Kennedy_Have-Aryans-been-identified-in-the-prehistoric,"Kennedy, Kenneth A.R. ‘Have Aryans been identified in the prehistoric skeletal record from South Asia?’ Vol. 1, in The Indo-Aryans of ancient South Asia: Language, material culture and ethnicity Vol 1 of Indian philology and South Asian studies, by Kenneth A.R. Kennedy. Walter tie Gruyter, 1995.",,,,To do,,,,37,https://www.google.com/search?tbm=bks&q=Have%20Aryans%20been%20identified%20in%20the%20prehistoric%20skeletal%20record%20Kennedy,
BI_Ch03_43,Note,3,Chapter 3: Inventing the Aryan Race,43,Book/Print,"(Levy, 2005, 113)",BI_B462,BI_Ch03_43_Levy_Antisemitism-A-Historical-Encyclopedia-of-Prejudice-and,"Levy, Ric hard S. ‘Antisemitism: A Historical Encyclopedia of Prejudice and Persecution’. ABC-CLIO, 2005.",,,,To do,,,,113,https://www.google.com/search?tbm=bks&q=Antisemitism%20A%20Historical%20Encyclopedia%20of%20Prejudice%20and%20Persecution%20ABC%20Levy,
BI_Ch03_44,Note,3,Chapter 3: Inventing the Aryan Race,44,Book/Print,"(Bhattacharya, 1999, 194)",BI_B080,BI_Ch03_44_Bhattacharya_The-Oneness-Otherness-mystery,"Bhattacharya, Sutapas. The Oneness/Otherness mystery; The Synthesis of Science and Mysticism. Motilal Banarsidas, 1999.",,,,To do,,,,194,https://www.google.com/search?tbm=bks&q=The%20Oneness%20Otherness%20mystery%20The%20Synthesis%20of%20Science%20and%20Bhattacharya,
BI_Ch03_45,Note,3,Chapter 3: Inventing the Aryan Race,45,Book/Print,"(Halbfass, 1988, 139)",BI_B314,BI_Ch03_45_Halbfass_India-and-Europe-An-Essay-in-Understanding,"Halbfass, Wilhelm. India and Europe: An Essay in Understanding. New York: State University of New York Press, 1988.",,,,To do,,,,139,https://www.google.com/search?tbm=bks&q=India%20and%20Europe%20An%20Essay%20in%20Understanding%20New%20York%20Halbfass,
BI_Ch03_46,Note,3,Chapter 3: Inventing the Aryan Race,46,Unlinked note,"(Cohen, 1997, 202-3)",,BI_Ch03_46,,,,,To do,,,,,,"No source matched: either a comment by the author, or a source to identify by hand"
BI_Ch03_47,Note,3,Chapter 3: Inventing the Aryan Race,47,Unlinked note,"(Gillette, 2002, 63)",,BI_Ch03_47,,,,,To do,,,,,,"No source matched: either a comment by the author, or a source to identify by hand"
BI_Ch03_48,Note,3,Chapter 3: Inventing the Aryan Race,48,Book/Print,"(Pollock, 1993, 77-8)",BI_B630,BI_Ch03_48_Pollock_Deep-Orientalism,"Pollock, Sheldon. ‘Deep Orientalism? Notes on Sanskrit and Power Beyond the Raj’. In Orientalism and the Postcolonial Predicament: Perspectives on South Asia^ by Sheldon Pollock, edited by Peter van der Sheldon Carol A Beckenridge, 77-78. Philadelphia: University of Pennsylvania Press, 1993.",,,,To do,,,,77,https://www.google.com/search?tbm=bks&q=Deep%20Orientalism%20Notes%20on%20Sanskrit%20and%20Power%20Beyond%20the%20Pollock,
BI_Ch03_49,Note,3,Chapter 3: Inventing the Aryan Race,49,Book/Print,Pollock will be discussed again in Chapter Fourteen.,BI_B630,BI_Ch03_49_Pollock_Deep-Orientalism,"Pollock, Sheldon. ‘Deep Orientalism? Notes on Sanskrit and Power Beyond the Raj’. In Orientalism and the Postcolonial Predicament: Perspectives on South Asia^ by Sheldon Pollock, edited by Peter van der Sheldon Carol A Beckenridge, 77-78. Philadelphia: University of Pennsylvania Press, 1993.",,,,To do,,,,,https://www.google.com/search?tbm=bks&q=Deep%20Orientalism%20Notes%20on%20Sanskrit%20and%20Power%20Beyond%20the%20Pollock,[match: author only (unique)]
BI_Ch03_50,Note,3,Chapter 3: Inventing the Aryan Race,50,Unlinked note,"(Nicholls, 1993, 204-6)",,BI_Ch03_50,,,,,To do,,,,,,"No source matched: either a comment by the author, or a source to identify by hand"
BI_Ch03_51,Note,3,Chapter 3: Inventing the Aryan Race,51,Book/Print,"(Halbfass, Research and Reflection, Beyond Orientalism, 2007, 17)",BI_B315,BI_Ch03_51_Halbfass_Research-and-Reflection,"Halbfass, Wilhelm. ‘Research and Reflection; Beyond Orientalism’. In Beyond Orientalism: The Work of Wilhelm Halbfass and Its Impact on Indian Cross-cultural Studies^ by Wilhelm Halbfass, edited by Karin Preisendanz Eli Franco. New Delhi: Motilal Banarsidass Publishers, 2007.",,,,To do,,,,17,https://www.google.com/search?tbm=bks&q=Research%20and%20Reflection%20Beyond%20Orientalism%20In%20Beyond%20Orientalism%20The%20Halbfass,
BI_Ch04_01,Note,4,Chapter 4: Imperial Evangelism Shapes Indian Ethnology,1,Unlinked note,Genesis 9:22-27,,BI_Ch04_01,,,,,To do,,,,,,"No source matched: either a comment by the author, or a source to identify by hand"
BI_Ch04_02,Note,4,Chapter 4: Imperial Evangelism Shapes Indian Ethnology,2,Book/Print,"(Haynes, 2002)",BI_B325,BI_Ch04_02_Haynes_Notch-s-Curse-the-Biblical-justification-of,"Haynes, Stephen R. Notch's Curse: the Biblical justification of Slavery. Oxford University Press, 2002.",,,,To do,,,,,https://www.google.com/search?tbm=bks&q=Notch%20s%20Curse%20the%20Biblical%20justification%20of%20Slavery%20Oxford%20Haynes,
BI_Ch04_03,Note,4,Chapter 4: Imperial Evangelism Shapes Indian Ethnology,3,Unlinked note,"In 1546, Luther wrote Vonden Juden und Ihren Lugen (On theJews and Their Lies), which statedthat Jews are ‘fullof thedevil’s feces . .. which they wallow in like swine’, and that they should be denied all rights. Four hundred years later, the Thrid Reich used Luther’s anti- Semetic statements as a source of propaganda to validate their racism.",,BI_Ch04_03,,,,,To do,,,,,,"No source matched: either a comment by the author, or a source to identify by hand"
BI_Ch04_04,Note,4,Chapter 4: Imperial Evangelism Shapes Indian Ethnology,4,Book/Print,"(Goldenburg, 2003, 168-9)",BI_B303,BI_Ch04_04_Goldenburg_The-Curse-of-Ham-Race-and-Slavery,"Goldenburg, Datrd M. The Curse of Ham: Race and Slavery in Early Judaism, Christianity, and Islam. Princeton University Press, 2003.",,,,To do,,,,168,https://www.google.com/search?tbm=bks&q=The%20Curse%20of%20Ham%20Race%20and%20Slavery%20in%20Early%20Goldenburg,
BI_Ch04_05,Note,4,Chapter 4: Imperial Evangelism Shapes Indian Ethnology,5,Book/Print,"(Goldenburg, 2003, 169)",BI_B303,BI_Ch04_05_Goldenburg_The-Curse-of-Ham-Race-and-Slavery,"Goldenburg, Datrd M. The Curse of Ham: Race and Slavery in Early Judaism, Christianity, and Islam. Princeton University Press, 2003.",,,,To do,,,,169,https://www.google.com/search?tbm=bks&q=The%20Curse%20of%20Ham%20Race%20and%20Slavery%20in%20Early%20Goldenburg,
BI_Ch04_06,Note,4,Chapter 4: Imperial Evangelism Shapes Indian Ethnology,6,Unlinked note,"For tax purposes, slaves were counted as property, along with domestic animals. Since many of the founding fathers of United States were slave owners, the practice of slaverey was written into the original Constitution of the United States, specifying that each Black would be counted as three fifths of a human-being for the purpose of the census of each state.",,BI_Ch04_06,,,,,To do,,,,,,"No source matched: either a comment by the author, or a source to identify by hand"
BI_Ch04_07,Note,4,Chapter 4: Imperial Evangelism Shapes Indian Ethnology,7,Book/Print,"(Haynes, 2002, 66), Some pro-slavery advocates also traced the black race as descending from the cursed Cain, the first murderer in Biblical history.",BI_B325,BI_Ch04_07_Haynes_Notch-s-Curse-the-Biblical-justification-of,"Haynes, Stephen R. Notch's Curse: the Biblical justification of Slavery. Oxford University Press, 2002.",,,,To do,,,,66,https://www.google.com/search?tbm=bks&q=Notch%20s%20Curse%20the%20Biblical%20justification%20of%20Slavery%20Oxford%20Haynes,
BI_Ch04_08,Note,4,Chapter 4: Imperial Evangelism Shapes Indian Ethnology,8,Book/Print,"(Goldenburg, 2003, 178)",BI_B303,BI_Ch04_08_Goldenburg_The-Curse-of-Ham-Race-and-Slavery,"Goldenburg, Datrd M. The Curse of Ham: Race and Slavery in Early Judaism, Christianity, and Islam. Princeton University Press, 2003.",,,,To do,,,,178,https://www.google.com/search?tbm=bks&q=The%20Curse%20of%20Ham%20Race%20and%20Slavery%20in%20Early%20Goldenburg,
BI_Ch04_09,Note,4,Chapter 4: Imperial Evangelism Shapes Indian Ethnology,9,Book/Print,"(Priest. 1852, 94)",BI_B644,BI_Ch04_09_Priest_Bible-Defense-of-Slavery-And-Origin,"Priest, Josiah. Bible Defense of Slavery: And Origin, Fortunes, and FIistory of the Negro Race. Fifth. Glasgow, 1852.",,,,On OneDrive,https://archive.org/download/bibledefencesla00priegoog/bibledefencesla00priegoog_text.pdf,BI_B644_Priest_Bible-Defense-of-Slavery-And-Origin.pdf,https://1drv.ms/b/c/ACD215A5F926CFCE/IQBt8MfdBrbWTKEL2A6a5ajFARKE-C6dLcSwT6VNghh30wk?download=1,94,https://www.google.com/search?tbm=bks&q=Bible%20Defense%20of%20Slavery%20And%20Origin%20Fortunes%20and%20FIistory%20Priest,"Free copy found in the earlier audit (archive.org) | Earlier check: FOLLOW-UP 2026-10-02: Previously missing source now downloaded. Title page confirms Josiah Priest, fifth edition, Glasgow KY, W. S. Brown, 1852; 589 scan pages. Download: https://archive.org/download/ | Carried over from the earlier backup (A631_Priest_1852_Bible-Defence-of-Slavery_Fifth-Edition.pdf)"
BI_Ch04_10,Note,4,Chapter 4: Imperial Evangelism Shapes Indian Ethnology,10,Book/Print,"(Haynes, 2002, 247)",BI_B325,BI_Ch04_10_Haynes_Notch-s-Curse-the-Biblical-justification-of,"Haynes, Stephen R. Notch's Curse: the Biblical justification of Slavery. Oxford University Press, 2002.",,,,To do,,,,247,https://www.google.com/search?tbm=bks&q=Notch%20s%20Curse%20the%20Biblical%20justification%20of%20Slavery%20Oxford%20Haynes,
BI_Ch04_11,Note,4,Chapter 4: Imperial Evangelism Shapes Indian Ethnology,11,Book/Print,"(Taylor, 1895, 20-1)",BI_B776,BI_Ch04_11_Taylor_The-Prophetic-Families,"Taylor, Troup. The Prophetic Families, Or The Negro: His Origin, Destiny and Stanis, Atlanta, 1895.",,,,To do,,,,20,https://www.google.com/search?tbm=bks&q=The%20Prophetic%20Families%20Or%20The%20Negro%20His%20Origin%20Destiny%20Taylor,
BI_Ch04_12,Note,4,Chapter 4: Imperial Evangelism Shapes Indian Ethnology,12,Book/Print,"(Trautman, Aryans and British India, 2004, 9) Subsequently, a similar hierarchy was mapped onto ‘secularized’ notions of progress.",BI_B882,BI_Ch04_12_Trautman_Aryans-and-British-India,"Trautman, Thomas R. Aryans and British India. New Delhi: Yoda Press, 2004.",,,,To do,,,,9,https://www.google.com/search?tbm=bks&q=Aryans%20and%20British%20India%20New%20Delhi%20Yoda%20Press%202004%20Trautman,
BI_Ch04_13,Note,4,Chapter 4: Imperial Evangelism Shapes Indian Ethnology,13,Book/Print,"Earlier Islamic scholars had concluded that Indians were the Black descendants of Ham, but that they were the first nation to have cultivated the sclences, and hence Allah ranked them above some white and brown peoples. For examples of this, see: (i) The eleventh-century work translated in [Andalui, 1991). (ii) Shem is named as the ancestor of Arabs and Persians, Ham as the ancestor of Indians, and Japhet as the ancestor of Turks, Chinese and Russians., in the 1768 v/ork by Firishtah. (iii) A later work places Akbar in the lineage of Japheth, who it regards as the most just of Noah’s, while Ham had sons named Hind and Sindh. See (Beveridge 1977, 167).",BI_B075,BI_Ch04_13_Beveridge_The-Akbarnama-of-Abu-l-Fazl,"Beveridge, Henry, trans. The Akbarnama of Abu-l-Fazl: (History of the reign of Akbar including an account of his predecessors). Ess Ess Publications, 1977.",,,,To do,,,,167,https://www.google.com/search?tbm=bks&q=The%20Akbarnama%20of%20Abu%20l%20Fazl%20History%20of%20the%20Beveridge,
BI_Ch04_14,Note,4,Chapter 4: Imperial Evangelism Shapes Indian Ethnology,14,Book/Print,"(Trautman, Aryans and British India 2004, 42)",BI_B882,BI_Ch04_14_Trautman_Aryans-and-British-India,"Trautman, Thomas R. Aryans and British India. New Delhi: Yoda Press, 2004.",,,,To do,,,,42,https://www.google.com/search?tbm=bks&q=Aryans%20and%20British%20India%20New%20Delhi%20Yoda%20Press%202004%20Trautman,
BI_Ch04_15,Note,4,Chapter 4: Imperial Evangelism Shapes Indian Ethnology,15,Unlinked note,"In his 1728 work. The Chronology of Ancient Kingdom s, Isaac Newton also developed a hierarchy of races based on ancient myths. Later, in 1774-6 Bryant evolved this further in hi.s three-volume series titled Analysis of Ancient Mythology. The sons of Ham included Egyptians, Greeks., Romans, and Indians. Supposedly, these descendants of Ham had invented the arts but then declined into idolatry.",,BI_Ch04_15,,,,,To do,,,,,,"No source matched: either a comment by the author, or a source to identify by hand"
BI_Ch04_16,Note,4,Chapter 4: Imperial Evangelism Shapes Indian Ethnology,16,Unlinked note,"The usually accepted standard English versions of the Bible mention Noah taking his ‘family’ on board the Ark. Through the centuries, the story has been subjected to multiple embroideries and interpretations.",,BI_Ch04_16,,,,,To do,,,,,,"No source matched: either a comment by the author, or a source to identify by hand"
BI_Ch04_17,Note,4,Chapter 4: Imperial Evangelism Shapes Indian Ethnology,17,Book/Print,"Jones’s lectures just two years prior to his death at the Asiatic Society, further reveal what he thought on the subject: ‘. . . we proceed to the fourth importaiit fact recorded in Mosah: history: I mean the first propagation and early dispersion of mankind in separate families to separate pl aces of residence. . . . The chi ldren of Yafet seem ... to have spread themselves far and wide and to have produced the races which for want of a correct appellation we call Tartarian; the colonies formed by the sons of Ham and Shem appear to have been nearly simultaneous; and among those of latter branch, we find so many names incontestibly preserved at this hour in Arabia, that we cannot hesitate in pronouncing them the same people, whom hitherto we have denominated Arabs; while the former branch, the most powerful and adventurous of whom were the progeny of Cush, Misr and Rama (names remaining unchanged in Sanskrit and highly revered by the Hindus) were, in all probability the race which I call Indian’. (Jones, Discourses delivered before the Asiatic Society, 1807, 8-9).",BI_B409,BI_Ch04_17_Jones_Discourses-delivered-before-the-Asiatic-Society,"Jones, william. Discourses delivered before the Asiatic Society. Vol. 2. 1807.",,,,On OneDrive,https://archive.org/download/dli.pahar.0036/1807%20Works%20of%20Sir%20William%20Jones%20Vol%203%20s.pdf,BI_B409_Jones_Discourses-delivered-before-the-Asiatic-Society.pdf,https://1drv.ms/b/c/ACD215A5F926CFCE/IQA0Cv9HPJWdQ503jsMvo0KSAchjtwIxPRqAHOlm_rzq5E8?download=1,8,https://www.google.com/search?tbm=bks&q=Discourses%20delivered%20before%20the%20Asiatic%20Society%20Vol%202%201807%20Jones,"Free copy found in the earlier audit (archive.org) | CAUTION (earlier check): ALTERNATE EDITION/VOLUME: original EPUB was the 1824 Discourses compilation, not 1807. Replacement is Works of Sir William Jones, 1807, Volume III, containing the anniversary discourses. Citation says Volume 2; exact cited volume remains unresolved. | Download provenance: https://archive.org/download/dli.pahar.0036/1807%20Works%20of%20Sir%20William%20Jones%20Vol%203%20s.pdf | Carried over from the earlier backup (A402_Jones_1807_Works-Vol3_Discourses_ALTERNATE-VOLUME.pdf)"
BI_Ch04_18,Note,4,Chapter 4: Imperial Evangelism Shapes Indian Ethnology,18,Book/Print,"(Sugirtharajah, 2005, 148, 150)",BI_B758,BI_Ch04_18_Sugirtharajah_The-Bible-and-Empire-Postcolonial-Explorations,"Sugirtharajah, Rasiah S. The Bible and Empire: Postcolonial Explorations. Cambridge University Press, 2005.",,,,To do,,,,148,https://www.google.com/search?tbm=bks&q=The%20Bible%20and%20Empire%20Postcolonial%20Explorations%20Cambridge%20University%20Press%20Sugirtharajah,
BI_Ch04_19,Note,4,Chapter 4: Imperial Evangelism Shapes Indian Ethnology,19,Book/Print,"(Trautman, Aryans and British India, 2004, 60)",BI_B882,BI_Ch04_19_Trautman_Aryans-and-British-India,"Trautman, Thomas R. Aryans and British India. New Delhi: Yoda Press, 2004.",,,,To do,,,,60,https://www.google.com/search?tbm=bks&q=Aryans%20and%20British%20India%20New%20Delhi%20Yoda%20Press%202004%20Trautman,
BI_Ch04_20,Note,4,Chapter 4: Imperial Evangelism Shapes Indian Ethnology,20,Book/Print,"(Jones, 1970, 847)",BI_B411,BI_Ch04_20_The-Letters_Edited-by-Garland-Cannon,"— The Letters of William Jones. Edited by Garland Cannon. Oxford: Clarendon Press, 1970.",,,,To do,,,,847,https://www.google.com/search?tbm=bks&q=Edited%20by%20Garland%20Cannon%20Oxford%20Clarendon%20Press%201970%20%E2%80%94%20The%20Letters%20of%20William%20Jones,
BI_Ch04_21,Note,4,Chapter 4: Imperial Evangelism Shapes Indian Ethnology,21,Book/Print,"Trautmann describes the prominent Hindu images that are on the statue of Sir william Jones in St Paul’s Cathedral: ‘The scene ... is presented not under the aspect of a depiction of pagan idolatry but as a benign, independent record of the truth of the Biblical story of the universal flood’. (Trautman, Aryans and British India, 2004, 80)",BI_B882,BI_Ch04_21_Trautman_Aryans-and-British-India,"Trautman, Thomas R. Aryans and British India. New Delhi: Yoda Press, 2004.",,,,To do,,,,80,https://www.google.com/search?tbm=bks&q=Aryans%20and%20British%20India%20New%20Delhi%20Yoda%20Press%202004%20Trautman,Also cites: BI_B885
BI_Ch04_22,Note,4,Chapter 4: Imperial Evangelism Shapes Indian Ethnology,22,Book/Print,"For example. Captain Wilford, a capable Sanskritist who followed william Jones, claimed that the sveta-dvipa of Puranic geography was England. (Trautman, Aryans and British India, 2004, 91)",BI_B882,BI_Ch04_22_Trautman_Aryans-and-British-India,"Trautman, Thomas R. Aryans and British India. New Delhi: Yoda Press, 2004.",,,,To do,,,,91,https://www.google.com/search?tbm=bks&q=Aryans%20and%20British%20India%20New%20Delhi%20Yoda%20Press%202004%20Trautman,
BI_Ch04_23,Note,4,Chapter 4: Imperial Evangelism Shapes Indian Ethnology,23,Book/Print,"See, for example: (Vallancey, 1786, 506)",BI_B902,BI_Ch04_23_Vallancey_A-Vindication-of-the-Ancient-History-of,"Vallancey, Charies. A Vindication of the Ancient History of Ireland. 1786.",,,,On OneDrive,https://archive.org/download/avindicationanc00vallgoog/avindicationanc00vallgoog_text.pdf,BI_B902_Vallancey_A-Vindication-of-the-Ancient-History-of.pdf,https://1drv.ms/b/c/ACD215A5F926CFCE/IQAMY0DGLIhYRJMufuOd4sAcARC25unoWpX5DIZHIPNHlxg?download=1,506,https://www.google.com/search?tbm=bks&q=A%20Vindication%20of%20the%20Ancient%20History%20of%20Ireland%201786%20Vallancey,"Free copy found in the earlier audit (archive.org) | CAUTION (earlier check): Replaced the 48-page companion preface with Vallancey's actual 1786 Vindication, 650 scan pages. The citation cell also contains van der Veer's Imperial Encounters (2001), which is NOT backed up by this file. | Download provenance: https://archive.org/download/avindicationanc00vallgoog/avindicationanc00vallgoog_text.pdf | Carried over from the earlier backup (A864_Vallancey_1786_Vindication-Ancient-History-Ireland.pdf)"
BI_Ch04_24,Note,4,Chapter 4: Imperial Evangelism Shapes Indian Ethnology,24,Book/Print,"(Trautmann, 1997, 134)",BI_B884,BI_Ch04_24_Trautmann_Aryans-and-British-India,"Trautmann, Thomas R. Aryans and British India. University of California, 1997.",,,,To do,,,,134,https://www.google.com/search?tbm=bks&q=Aryans%20and%20British%20India%20University%20of%20California%201997%20Trautmann,
BI_Ch04_25,Note,4,Chapter 4: Imperial Evangelism Shapes Indian Ethnology,25,Book/Print,"(Errington, 2008)",BI_B250,BI_Ch04_25_Errington_Linguistics-in-a-Colonial-World-A-Story,"Errington, James Joseph. Linguistics in a Colonial World: A Story of Language, Meaning and Power. Blackwell Publishing, 2008.",,,,To do,,,,,https://www.google.com/search?tbm=bks&q=Linguistics%20in%20a%20Colonial%20World%20A%20Story%20of%20Language%20Errington,
BI_Ch04_26,Note,4,Chapter 4: Imperial Evangelism Shapes Indian Ethnology,26,Book/Print,"(Errington, 2008, 4)",BI_B250,BI_Ch04_26_Errington_Linguistics-in-a-Colonial-World-A-Story,"Errington, James Joseph. Linguistics in a Colonial World: A Story of Language, Meaning and Power. Blackwell Publishing, 2008.",,,,To do,,,,4,https://www.google.com/search?tbm=bks&q=Linguistics%20in%20a%20Colonial%20World%20A%20Story%20of%20Language%20Errington,
BI_Ch04_27,Note,4,Chapter 4: Imperial Evangelism Shapes Indian Ethnology,27,Book/Print,"(V. Smith, 1958, 3, 32)",BI_B742,BI_Ch04_27_Smith_Clarendon-Press,"Smith, Vincent. Clarendon Press, 1958.",,,,To do,,,,3,https://www.google.com/search?tbm=bks&q=Clarendon%20Press%201958%20Smith,
BI_Ch04_28,Note,4,Chapter 4: Imperial Evangelism Shapes Indian Ethnology,28,Unlinked note,"While the Catholic Church was also at work with its own agenda in India, the Protestant evangelists and their business partners were more interested in sustained empire-building, with the construction of the Euro-centric grand narratives and the educational institutions to support it.",,BI_Ch04_28,,,,,To do,,,,,,"No source matched: either a comment by the author, or a source to identify by hand"
BI_Ch04_29,Note,4,Chapter 4: Imperial Evangelism Shapes Indian Ethnology,29,Unlinked note,"Alexander Hamilton was one of the first Professors of Sanskrit and became the bridge to transfer knowledge picked up in Calcutta to Paris and then on to various colleges in Germany. Paris became the Continental hub for Sanskrit before Germany took over many years later, followed by England.",,BI_Ch04_29,,,,,To do,,,,,,"No source matched: either a comment by the author, or a source to identify by hand"
BI_Ch04_30,Note,4,Chapter 4: Imperial Evangelism Shapes Indian Ethnology,30,Book/Print,"(W. Monier, 1899, ix)",BI_B538,BI_Ch04_30_Monier_Sanskrit-English-Dictionary,"Monier, williams. Sanskrit-English Dictionary. 1899.",,,,On OneDrive,https://archive.org/download/ASanskritEnglishDictionary/A%20Sanskrit-English%20Dictionary.pdf,BI_B538_Monier_Sanskrit-English-Dictionary.pdf,https://1drv.ms/b/c/ACD215A5F926CFCE/IQBgKm4-wOp3RZ8wXM5yhodNAe16EFweOg5h7ZE0Gb56zXU?download=1,,https://www.google.com/search?tbm=bks&q=Sanskrit%20English%20Dictionary%201899%20Monier,"Free copy found in the earlier audit (archive.org) | CAUTION (earlier check): Replaced malformed EPUB with a complete scan of the 1899 dictionary in the 1960 lithographic reprint. Copyright page explicitly lists first edition 1899 and reprints 1956, 1960. | Download provenance: https://archive.org/download/ASanskritEnglishDictionary/A%20Sanskrit-English%20Dictionary.pdf | Carried over from the earlier backup (A530_MonierWilliams_1899-Dictionary_1960-reprint.pdf)"
BI_Ch04_31,Note,4,Chapter 4: Imperial Evangelism Shapes Indian Ethnology,31,Book/Print,"(Parsons, 1997, 197)",BI_B611,BI_Ch04_31_Parsons_Relif-ion-in-Victorian-Britian-Culture-and,"Parsons, Gerald. Relif^ion in Victorian Britian: Culture and Empire. Manchester University Press, 1997.",,,,To do,,,,197,https://www.google.com/search?tbm=bks&q=Relif%20ion%20in%20Victorian%20Britian%20Culture%20and%20Empire%20Manchester%20Parsons,
BI_Ch04_32,Note,4,Chapter 4: Imperial Evangelism Shapes Indian Ethnology,32,Book/Print,"(W. Monier, 1891, 262)",BI_B539,BI_Ch04_32_Monier_Modern-India-and-the-Indians,"Monier, Williams. Modern India and the Indians. London, 1891.",,,,On OneDrive,,BI_B539_Monier_Modern-India-and-the-Indians.pdf,https://1drv.ms/b/c/ACD215A5F926CFCE/IQAOALEy6ZlqSZzin4hM2exfAWpBsztZqAoNkgLUdDibbmo?download=1,262,https://www.google.com/search?tbm=bks&q=Modern%20India%20and%20the%20Indians%20London%201891%20Monier,CAUTION (earlier check): Public domain. OCR year in citation read '1391' (clear OCR misread of 1891 or 1878/1879 -- Monier-Williams had multiple editions). Downloaded the 1891 printing from archive.org. | Carried over from the earlier backup (A531_MonierWilliams_1891_Modern-India-and-the-Indians.pdf)
BI_Ch04_33,Note,4,Chapter 4: Imperial Evangelism Shapes Indian Ethnology,33,Unlinked note,"See, for example, Dialogue and History by Eugene E Irschick (University of California, Paperback Print cn Demand, 1994;. Trautmann states that Edward Said was wrong to claim that the colonialists alone shaped the knowledge. Natives played a very central role in this construction and distortion^ often under influence of personal gain or under naivete as to the big picture an<i the strategic implications in the long run.",,BI_Ch04_33,,,,,To do,,,,,,"No source matched: either a comment by the author, or a source to identify by hand"
BI_Ch05_01,Note,5,Chapter 5: Lord Risley Morphs Jati-Varna into Race,1,Unlinked note,"The caste system v/as originally a four-fold matrix of social division, based on broad generic classification of social functions: intellectuals, rulers, merchant class and artisans. Not birth-based and more horizontal than vertical, each varna originally formed a social niche where jatis entered and left as per the complex: socio-political dynamics of Indian histor);",,BI_Ch05_01,,,,,To do,,,,,,"No source matched: either a comment by the author, or a source to identify by hand"
BI_Ch05_02,Note,5,Chapter 5: Lord Risley Morphs Jati-Varna into Race,2,Book/Print,"(Dubey, 1975, 78)",BI_B230,BI_Ch05_02_Dubey_Social-Mobility-among-the-Professions,"Dubey, S.M. Social Mobility among the Professions. Popular Prakashan, 1975.",,,,To do,,,,78,https://www.google.com/search?tbm=bks&q=Social%20Mobility%20among%20the%20Professions%20Popular%20Prakashan%201975%20Dubey,
BI_Ch05_03,Note,5,Chapter 5: Lord Risley Morphs Jati-Varna into Race,3,Book/Print,"(M.K. Gandhi, 1946)",BI_B281,BI_Ch05_03_Gandhi_Harijan,"Gandhi, Mohandas K. ‘Harijan’. 28 July 1946.",,,,To do,,,,,https://www.google.com/search?tbm=bks&q=Harijan%2028%20July%201946%20Gandhi,
BI_Ch05_04,Note,5,Chapter 5: Lord Risley Morphs Jati-Varna into Race,4,Book/Print,"E Max Muller quoted in (Dirks, 2004, 133)",BI_B213,BI_Ch05_04_Dirks_Castes-of-Mind-Colonialism-and-the-Making,"Dirks, Nicholas. Castes of Mind: Colonialism and the Making of Modern India. Hyderabad: Orient Blackswan, 2004.",,,,To do,,,,133,https://www.google.com/search?tbm=bks&q=Castes%20of%20Mind%20Colonialism%20and%20the%20Making%20of%20Modern%20Dirks,
BI_Ch05_05,Note,5,Chapter 5: Lord Risley Morphs Jati-Varna into Race,5,Book/Print,"E Max Muller quoted in (Inden, 2000, 60)",BI_B376,BI_Ch05_05_Inden_Imagining-India,"Inden, Ronald. B. Imagining India. C. Hurst & Co. Publishers, 2000.",,,,To do,,,,60,https://www.google.com/search?tbm=bks&q=B%20Imagining%20India%20C%20Hurst%20Co%20Publishers%202000%20Inden,
BI_Ch05_06,Note,5,Chapter 5: Lord Risley Morphs Jati-Varna into Race,6,Book/Print,"E Max Muller quoted in (Inden, 2000, 61)",BI_B376,BI_Ch05_06_Inden_Imagining-India,"Inden, Ronald. B. Imagining India. C. Hurst & Co. Publishers, 2000.",,,,To do,,,,61,https://www.google.com/search?tbm=bks&q=B%20Imagining%20India%20C%20Hurst%20Co%20Publishers%202000%20Inden,
BI_Ch05_07,Note,5,Chapter 5: Lord Risley Morphs Jati-Varna into Race,7,Book/Print,"(Inden, 2000, 60)",BI_B376,BI_Ch05_07_Inden_Imagining-India,"Inden, Ronald. B. Imagining India. C. Hurst & Co. Publishers, 2000.",,,,To do,,,,60,https://www.google.com/search?tbm=bks&q=B%20Imagining%20India%20C%20Hurst%20Co%20Publishers%202000%20Inden,
BI_Ch05_08,Note,5,Chapter 5: Lord Risley Morphs Jati-Varna into Race,8,Book/Print,"Among his influential works were: (H.H. Risley, 1891), (H. Risley, Tribes and Castes of Bengal, Four Volumes, 1392), (Risley and Crooke, The People of India, 1915)",BI_B696,BI_Ch05_08_Risley_Tribes-and-Castes-of-Bengal,"Risley, H.H. Tribes and Castes of Bengal. Four Volumes, Bengal Secretariat Press, 1892.",,,,On OneDrive,,BI_B696_Risley_Tribes-and-Castes-of-Bengal.pdf,https://1drv.ms/b/c/ACD215A5F926CFCE/IQAl_4IDvu3xR4Jf5Ikx06msAf-1mOih5yxWtlFwRHvchhw?download=1,,https://www.google.com/search?tbm=bks&q=Tribes%20and%20Castes%20of%20Bengal%20Four%20Volumes%20Bengal%20Secretariat%20Risley,"[match: author+title] | CAUTION (earlier check): Public domain (pub. 1892, pre-1930). Downloaded Vol. 2 (Ethnographic Glossary) from archive.org; this is a 4-volume work, other volumes not separately downloaded. | AUDIT 2026-10-01: Only Volume 2 is present. Other cited volumes remain missing; full-source status withdrawn. | Carried over from the earlier backup (A683_Risley_1892_Tribes-and-Castes-of-Bengal-Vol2.pdf)"
BI_Ch05_09,Note,5,Chapter 5: Lord Risley Morphs Jati-Varna into Race,9,Book/Print,"(H.H. Risley, 1891, 247)",BI_B695,BI_Ch05_09_Risley_The-Study-of-Ethnology-in-India,"Risley, H.H. ‘The Study of Ethnology in India’. Journal of the Anthropological Institute of Great Britain and Ireland 20 (1891): 247.",,,,To do,,,,247,https://www.google.com/search?tbm=bks&q=The%20Study%20of%20Ethnology%20in%20India%20Journal%20of%20the%20Risley,
BI_Ch05_10,Note,5,Chapter 5: Lord Risley Morphs Jati-Varna into Race,10,Unlinked note,"(H.H. Risley, 1391, 259)",,BI_Ch05_10,,,,,To do,,,,,,"No source matched: either a comment by the author, or a source to identify by hand"
BI_Ch05_11,Note,5,Chapter 5: Lord Risley Morphs Jati-Varna into Race,11,Book/Print,"(H.H. Risley, 1891, 253)",BI_B695,BI_Ch05_11_Risley_The-Study-of-Ethnology-in-India,"Risley, H.H. ‘The Study of Ethnology in India’. Journal of the Anthropological Institute of Great Britain and Ireland 20 (1891): 247.",,,,To do,,,,253,https://www.google.com/search?tbm=bks&q=The%20Study%20of%20Ethnology%20in%20India%20Journal%20of%20the%20Risley,
BI_Ch05_12,Note,5,Chapter 5: Lord Risley Morphs Jati-Varna into Race,12,Book/Print,"(MacDonnell and Keith, 1912. P<epublished in India as a two-volume set, 1100 pages, 2007)",BI_B480,BI_Ch05_12_Macdonnell_Keith,"MacDonnell, A.A., and A.B. Keith. Vedic Index of Names and Subjects. 1912. Republished in India as a two-volumne set, 1100 pages, in 2007.",,,,On OneDrive,https://archive.org/download/vedicindexofname01macduoft/vedicindexofname01macduoft.pdf,BI_B480_Macdonnell_Keith.pdf,https://1drv.ms/b/c/ACD215A5F926CFCE/IQCwjlvdhr6nQbzvPnLoRX2jAapbIqDzBvWaRjbeHp5qSMs?download=1,,https://www.google.com/search?tbm=bks&q=Keith%20Vedic%20Index%20of%20Names%20and%20Subjects%201912%20Republished%20MacDonnell,Free copy found in the earlier audit (archive.org) | CAUTION (earlier check): Both volumes of the 1912 Vedic Index now supplied in one PDF. Original backup had only Volume II. The cited 2007 reprint is not supplied. | Download provenance: https://archive.org/download/vedicindexofname01macduoft/vedicindexofname01macduoft.pdf ; https://archive.org/download/vedicindexofname02macduoft/vedicindexofname02macduoft.pdf | Carried over from the earlier backup (A473_MacdonellKeith_1912_Vedic-Index_Vols1-2.pdf)
BI_Ch05_13,Note,5,Chapter 5: Lord Risley Morphs Jati-Varna into Race,13,Book/Print,"(Trautman, Aryans and British India, 2004, 207-8)",BI_B882,BI_Ch05_13_Trautman_Aryans-and-British-India,"Trautman, Thomas R. Aryans and British India. New Delhi: Yoda Press, 2004.",,,,To do,,,,207,https://www.google.com/search?tbm=bks&q=Aryans%20and%20British%20India%20New%20Delhi%20Yoda%20Press%202004%20Trautman,
BI_Ch05_14,Note,5,Chapter 5: Lord Risley Morphs Jati-Varna into Race,14,Unlinked note,"(PJsley and Crooke, The People of India, 1915, 9)",,BI_Ch05_14,,,,,To do,,,,,,"No source matched: either a comment by the author, or a source to identify by hand"
BI_Ch05_15,Note,5,Chapter 5: Lord Risley Morphs Jati-Varna into Race,15,Book/Print,"(van der Veer, 2001, 149)",BI_B903,BI_Ch05_15_Van-Der_Imperial-Encounters-P,"van der Veer, Peter. Imperial Encounters: P.eligion and Modernity in India and Britain. Princeton University Press, 2001.",,,,To do,,,,149,https://www.google.com/search?tbm=bks&q=Imperial%20Encounters%20P%20eligion%20and%20Modernity%20in%20India%20and%20van%20der%20Veer,
BI_Ch05_16,Note,5,Chapter 5: Lord Risley Morphs Jati-Varna into Race,16,Book/Print,"(Risley and Crooke, The People of India, 1915, 45)",BI_B697,BI_Ch05_16_Risley_and-William-Crooke,"Risley, H.H. and William Crooke. The People of India. 1915.",,,,On OneDrive,,BI_B697_Risley_and-William-Crooke.pdf,https://1drv.ms/b/c/ACD215A5F926CFCE/IQBAYv024KZVRJMO1lOG9zv0AVCdzx3lODd9wZEq6Cso0rw?download=1,45,https://www.google.com/search?tbm=bks&q=and%20William%20Crooke%20The%20People%20of%20India%201915%20Risley,"Earlier check: Public domain (pub. 1915, pre-1930). Downloaded from archive.org. | Carried over from the earlier backup (A684_Risley_1915_The-People-of-India.pdf)"
BI_Ch05_17,Note,5,Chapter 5: Lord Risley Morphs Jati-Varna into Race,17,Book/Print,"(Risley and Crooke, The People of India, 1915, 272- 3)",BI_B697,BI_Ch05_17_Risley_and-William-Crooke,"Risley, H.H. and William Crooke. The People of India. 1915.",,,,On OneDrive,,BI_B697_Risley_and-William-Crooke.pdf,https://1drv.ms/b/c/ACD215A5F926CFCE/IQBAYv024KZVRJMO1lOG9zv0AVCdzx3lODd9wZEq6Cso0rw?download=1,272,https://www.google.com/search?tbm=bks&q=and%20William%20Crooke%20The%20People%20of%20India%201915%20Risley,"Earlier check: Public domain (pub. 1915, pre-1930). Downloaded from archive.org. | Carried over from the earlier backup (A684_Risley_1915_The-People-of-India.pdf)"
BI_Ch05_18,Note,5,Chapter 5: Lord Risley Morphs Jati-Varna into Race,18,Unlinked note,"(H. Pdsley, Tribes and Castes of Bengal. Four Volumes I, 1892, xxxxviii)",,BI_Ch05_18,,,,,To do,,,,,,"No source matched: either a comment by the author, or a source to identify by hand"
BI_Ch05_19,Note,5,Chapter 5: Lord Risley Morphs Jati-Varna into Race,19,Book/Print,"(Risley and Crooke, The people of India, 1915, 275)",BI_B697,BI_Ch05_19_Risley_and-William-Crooke,"Risley, H.H. and William Crooke. The People of India. 1915.",,,,On OneDrive,,BI_B697_Risley_and-William-Crooke.pdf,https://1drv.ms/b/c/ACD215A5F926CFCE/IQBAYv024KZVRJMO1lOG9zv0AVCdzx3lODd9wZEq6Cso0rw?download=1,275,https://www.google.com/search?tbm=bks&q=and%20William%20Crooke%20The%20People%20of%20India%201915%20Risley,"Earlier check: Public domain (pub. 1915, pre-1930). Downloaded from archive.org. | Carried over from the earlier backup (A684_Risley_1915_The-People-of-India.pdf)"
BI_Ch05_20,Note,5,Chapter 5: Lord Risley Morphs Jati-Varna into Race,20,Book/Print,"(H. Risley, Tribes and Castes of Bengal, Four Volumes I, 1892, xxxxvili)",BI_B696,BI_Ch05_20_Risley_Tribes-and-Castes-of-Bengal,"Risley, H.H. Tribes and Castes of Bengal. Four Volumes, Bengal Secretariat Press, 1892.",,,,On OneDrive,,BI_B696_Risley_Tribes-and-Castes-of-Bengal.pdf,https://1drv.ms/b/c/ACD215A5F926CFCE/IQAl_4IDvu3xR4Jf5Ikx06msAf-1mOih5yxWtlFwRHvchhw?download=1,,https://www.google.com/search?tbm=bks&q=Tribes%20and%20Castes%20of%20Bengal%20Four%20Volumes%20Bengal%20Secretariat%20Risley,"CAUTION (earlier check): Public domain (pub. 1892, pre-1930). Downloaded Vol. 2 (Ethnographic Glossary) from archive.org; this is a 4-volume work, other volumes not separately downloaded. | AUDIT 2026-10-01: Only Volume 2 is present. Other cited volumes remain missing; full-source status withdrawn. | Carried over from the earlier backup (A683_Risley_1892_Tribes-and-Castes-of-Bengal-Vol2.pdf)"
BI_Ch05_21,Note,5,Chapter 5: Lord Risley Morphs Jati-Varna into Race,21,Unlinked note,"Social Darwinism was a popular ideology in the west. It said that the strongest should survive and flourish while the unfit should be allowed to die. Its chief proponent was Herbert Spencer, and though his theory preceded Darwin, Spencer quickly adapted Darwin’s idea of natural selection to boost his own theories. He claimed that the rich and powerful were better adapted socially, and hence it was natural and morally proper for the strong to thrive at the expense of the weak. This theory was later used to justify colonialism.",,BI_Ch05_21,,,,,To do,,,,,,"No source matched: either a comment by the author, or a source to identify by hand"
BI_Ch05_22,Note,5,Chapter 5: Lord Risley Morphs Jati-Varna into Race,22,Book/Print,"(Inden, 2000, 58^.",BI_B376,BI_Ch05_22_Inden_Imagining-India,"Inden, Ronald. B. Imagining India. C. Hurst & Co. Publishers, 2000.",,,,To do,,,,58,https://www.google.com/search?tbm=bks&q=B%20Imagining%20India%20C%20Hurst%20Co%20Publishers%202000%20Inden,
BI_Ch05_23,Note,5,Chapter 5: Lord Risley Morphs Jati-Varna into Race,23,Book/Print,"(Risley and Crooke, 1915, 111)",BI_B697,BI_Ch05_23_Risley_and-William-Crooke,"Risley, H.H. and William Crooke. The People of India. 1915.",,,,On OneDrive,,BI_B697_Risley_and-William-Crooke.pdf,https://1drv.ms/b/c/ACD215A5F926CFCE/IQBAYv024KZVRJMO1lOG9zv0AVCdzx3lODd9wZEq6Cso0rw?download=1,111,https://www.google.com/search?tbm=bks&q=and%20William%20Crooke%20The%20People%20of%20India%201915%20Risley,"Earlier check: Public domain (pub. 1915, pre-1930). Downloaded from archive.org. | Carried over from the earlier backup (A684_Risley_1915_The-People-of-India.pdf)"
BI_Ch05_24,Note,5,Chapter 5: Lord Risley Morphs Jati-Varna into Race,24,Book/Print,"(Risley and Crooke, 1915, 109)",BI_B697,BI_Ch05_24_Risley_and-William-Crooke,"Risley, H.H. and William Crooke. The People of India. 1915.",,,,On OneDrive,,BI_B697_Risley_and-William-Crooke.pdf,https://1drv.ms/b/c/ACD215A5F926CFCE/IQBAYv024KZVRJMO1lOG9zv0AVCdzx3lODd9wZEq6Cso0rw?download=1,109,https://www.google.com/search?tbm=bks&q=and%20William%20Crooke%20The%20People%20of%20India%201915%20Risley,"Earlier check: Public domain (pub. 1915, pre-1930). Downloaded from archive.org. | Carried over from the earlier backup (A684_Risley_1915_The-People-of-India.pdf)"
BI_Ch05_25,Note,5,Chapter 5: Lord Risley Morphs Jati-Varna into Race,25,Book/Print,"(Risley and Crooke, 1915, 109-10)",BI_B697,BI_Ch05_25_Risley_and-William-Crooke,"Risley, H.H. and William Crooke. The People of India. 1915.",,,,On OneDrive,,BI_B697_Risley_and-William-Crooke.pdf,https://1drv.ms/b/c/ACD215A5F926CFCE/IQBAYv024KZVRJMO1lOG9zv0AVCdzx3lODd9wZEq6Cso0rw?download=1,109,https://www.google.com/search?tbm=bks&q=and%20William%20Crooke%20The%20People%20of%20India%201915%20Risley,"Earlier check: Public domain (pub. 1915, pre-1930). Downloaded from archive.org. | Carried over from the earlier backup (A684_Risley_1915_The-People-of-India.pdf)"
BI_Ch05_26,Note,5,Chapter 5: Lord Risley Morphs Jati-Varna into Race,26,Book/Print,"(Risley and Crooke, 1915, 275-6)",BI_B697,BI_Ch05_26_Risley_and-William-Crooke,"Risley, H.H. and William Crooke. The People of India. 1915.",,,,On OneDrive,,BI_B697_Risley_and-William-Crooke.pdf,https://1drv.ms/b/c/ACD215A5F926CFCE/IQBAYv024KZVRJMO1lOG9zv0AVCdzx3lODd9wZEq6Cso0rw?download=1,275,https://www.google.com/search?tbm=bks&q=and%20William%20Crooke%20The%20People%20of%20India%201915%20Risley,"Earlier check: Public domain (pub. 1915, pre-1930). Downloaded from archive.org. | Carried over from the earlier backup (A684_Risley_1915_The-People-of-India.pdf)"
BI_Ch05_27,Note,5,Chapter 5: Lord Risley Morphs Jati-Varna into Race,27,Book/Print,"Herbert Risley, quoted in (van der Veer, 2001, 149). Furthermore, Risley gave the following reason for using the Nasal Index: ‘No one can have glanced at the literature of the subject and in particular at the Vedic accounts of Aryan advance, without being struck by the frequent references to the noses of the people whom the Aryans found in possession of the plains of India. So impressed were the Aryans with the shortcomings of their enemies’ noses that they often spoke of them as “the noseless ones” and their keen perception of the importance of this feature seems almost to anticipate the opinion of Dr Collingnon, that the nasal index ranks higher as a distinctive character than stature or even the cephalic index itself. In taking their nose, then, as the starting point of our present analysis we may claim to be following at once the most ancient and the most modern authorities on the subject of racial physiognomy’. (H. H. Risley, 1891, 249-50) quoted in (Trautman, Aryans and British India , 2004, 202). Trautmann responds: ‘In doing so, he has of course greatly overstated the V edic evidence; Risley’s frequent references to the aboriginal nose which he says the Aryans often spoke of comes down ... to a single passage. Both Risley and Max Miillcr show a tendency to exaggerate the significance of noses in the ancient Indian evidence’. (Trautman, Aryans and British India, 2004, 202)",BI_B882,BI_Ch05_27_Trautman_Aryans-and-British-India,"Trautman, Thomas R. Aryans and British India. New Delhi: Yoda Press, 2004.",,,,To do,,,,149,https://www.google.com/search?tbm=bks&q=Aryans%20and%20British%20India%20New%20Delhi%20Yoda%20Press%202004%20Trautman,[match: author+title]
BI_Ch05_28,Note,5,Chapter 5: Lord Risley Morphs Jati-Varna into Race,28,Book/Print,"(van der Veer, 2001, 149)",BI_B903,BI_Ch05_28_Van-Der_Imperial-Encounters-P,"van der Veer, Peter. Imperial Encounters: P.eligion and Modernity in India and Britain. Princeton University Press, 2001.",,,,To do,,,,149,https://www.google.com/search?tbm=bks&q=Imperial%20Encounters%20P%20eligion%20and%20Modernity%20in%20India%20and%20van%20der%20Veer,
BI_Ch05_29,Note,5,Chapter 5: Lord Risley Morphs Jati-Varna into Race,29,Book/Print,"Clare Anderson provides one such instance: ‘Risley’s ideas met with some opposition at the time, even from those sympathetic to anthropometric methodology. Crooke wrote that when anthropometry was applied to caste, there were only very slight differences between the high and low castes. This did not show that anthropometry was flawed, but that ‘the present race s of India are practically one people’. Acc ording to Crooke, Risley’s Nasal Index table showed no appreciable differences between Brahmins and the so-called lower castes. Indeed, according to Risley’s own figures, the latter were more nasally refined than Rajputs in the northwest Provinces. Of course, Crooke linked caste to occupational differentiation rather than distinct racial-origins. There have been hints that Ciooke’s career suffered as a result of his dispute with Risley’. (Clare Anderson, 2004, 61)",BI_B027,BI_Ch05_29_Anderson_Legible-Bodies-Race,"Anderson, Clare. Legible Bodies: Race, Criminality and Colonialis m in South Asia. Berg Publishers, 2004.",,,,To do,,,,61,https://www.google.com/search?tbm=bks&q=Legible%20Bodies%20Race%20Criminality%20and%20Colonialis%20m%20in%20South%20Anderson,
BI_Ch05_30,Note,5,Chapter 5: Lord Risley Morphs Jati-Varna into Race,30,Book/Print,"Peter van der Veer writes: ‘The huge significance of Risley’s work was duly noted by the doyen of Indian anthropology S. Ghurye, who severely' criticized Risley’s correlation between race and taste. In Ghurye’s vievz a long history of racial mingling made this kind of correlation impossible. Ghurye had a fine eye for the politicization of caste that emerged as a consequence of the census operations: “The total result has been, as we , have seen, a livening up of caste-spirit”. His focus and main concern was the rise of anti-Brahmin movements both in his state Maharashtra and also in Tamil Nadu. These movements, were fed by ideological division between Aryans and non-Aryans, a division scientifically supported by Pdsley’s findings’, (van der Veer, 2001, 150)",BI_B903,BI_Ch05_30_Van-Der_Imperial-Encounters-P,"van der Veer, Peter. Imperial Encounters: P.eligion and Modernity in India and Britain. Princeton University Press, 2001.",,,,To do,,,,150,https://www.google.com/search?tbm=bks&q=Imperial%20Encounters%20P%20eligion%20and%20Modernity%20in%20India%20and%20van%20der%20Veer,
BI_Ch05_31,Note,5,Chapter 5: Lord Risley Morphs Jati-Varna into Race,31,Unlinked note,"In the context of American slavery, this involved not only brutality, overwork and lack of freedom, but also the common practice of white men fathering children with their female slaves. Mixed-race children were almost invariably treated as Blacks, thus legally enslaved from birth. Meanwhile, any Black man who took the slightest sexual interest in a white woman was promptly murdered, This is reminiscent of Risely’s explanation for how the ‘races’ mixed in India.",,BI_Ch05_31,,,,,To do,,,,,,"No source matched: either a comment by the author, or a source to identify by hand"
BI_Ch05_32,Note,5,Chapter 5: Lord Risley Morphs Jati-Varna into Race,32,Book/Print,"(Risley and Crooke, 1915, 275)",BI_B697,BI_Ch05_32_Risley_and-William-Crooke,"Risley, H.H. and William Crooke. The People of India. 1915.",,,,On OneDrive,,BI_B697_Risley_and-William-Crooke.pdf,https://1drv.ms/b/c/ACD215A5F926CFCE/IQBAYv024KZVRJMO1lOG9zv0AVCdzx3lODd9wZEq6Cso0rw?download=1,275,https://www.google.com/search?tbm=bks&q=and%20William%20Crooke%20The%20People%20of%20India%201915%20Risley,"Earlier check: Public domain (pub. 1915, pre-1930). Downloaded from archive.org. | Carried over from the earlier backup (A684_Risley_1915_The-People-of-India.pdf)"
BI_Ch05_33,Note,5,Chapter 5: Lord Risley Morphs Jati-Varna into Race,33,Book/Print,"(Ambedkar, 1948) Chapter Six.",BI_B022,BI_Ch05_33_Ambedkar_The-Untouchables-Who-Were-They-And-Why,"Ambedkar, Dr. The Untouchables Who Were They And Why They Became Untouchables^ Part III, Chapter VIII. 1948.",,,,To do,,,,,https://www.google.com/search?tbm=bks&q=The%20Untouchables%20Who%20Were%20They%20And%20Why%20They%20Became%20Ambedkar,
BI_Ch06_01,Note,6,Chapter 6: Inventing the ‘Dravidian’ Race,1,Unlinked note,"Phillip Wagoner, according to Trautmann, has argued that the Mackenzie project relied or. Telugu Brahmins working under the nawab of Arcot, and it was their skills at dealing with multiple languages and scripts that made this colonial breakthrough possible. Furthermore, he asserts that many of the epigr aphic practice s currently used by the Archaeological Survey of India nay be traced backed to that proji^ct. (Trautman, 2006, 211)",,BI_Ch06_01,,,,,To do,,,,,,"No source matched: either a comment by the author, or a source to identify by hand"
BI_Ch06_02,Note,6,Chapter 6: Inventing the ‘Dravidian’ Race,2,Book/Print,"The complexifies and contradictions of European Race Science are beyond the scope of this study. However, Caldwell’s identification of Dravidian with Scythian is not an offhand speculation. It is a continuation of the colonial ethnographic identification of different Biblical races in the peoples of India. For example, Buddhist images excavated in Western India were considered as of a ‘Hamitic’ type and Buddha himself was speculated to have belonged to ‘Hamitic Scythian’ type, and earliest immigrations into India w ere traced to ‘Scythian origin’ (Rev Dr Wilson, 1857, 679)",BI_B691,BI_Ch06_02_Rev-Dr_Communication-on-the-Description-of-Caves-and,Rev Dr Wilson. ‘Communication on the Description of Caves and Cave Temples by Arthur A. west’ Journal of the Asiatic Society cf Bombay (Bombay Educational Society’s Press) 5 (July 1857).,,,,To do,,,,679,https://www.google.com/search?tbm=bks&q=Communication%20on%20the%20Description%20of%20Caves%20and%20Cave%20Temples%20Rev%20Dr%20Wilson,
BI_Ch06_03,Note,6,Chapter 6: Inventing the ‘Dravidian’ Race,3,Unlinked note,"Sent by the Scottish Missionary Society, he became a Sanskrit scholar while in India. He was also president of the Royal Asiatic Society, Bombay branch. He later extended the Dravidian hypothesis to also include Marathi.",,BI_Ch06_03,,,,,To do,,,,,,"No source matched: either a comment by the author, or a source to identify by hand"
BI_Ch06_04,Note,6,Chapter 6: Inventing the ‘Dravidian’ Race,4,Book/Print,"Caldwell questioned ancient Tamil society’s exposure to the higher forms of civilization, and doubted the existence of such manifestations as art, science or religion, prior to the arrival of Brahmins (118); Dravidian religion, for instance, prior to the advent of Brahmins, had been a sort of dembnolatry or primitive Shamanism (579-97). Nevertheless, Caldwell concluded that even though civilization came with the Brahmins, the beneficial effects of that higher system of knovv^ledge were more than negated by the counter-balancing effect of the the fossilizing caste system (119). Subsequently, Caldwell made the comprehensive case that there were two non-Sanskrit languages families in India: Dravidian; and the languages of Munda and what he called ‘the other rude tribes of Central India and Bengal’(42). (Caldwell, 1856; 2009)",BI_B107,BI_Ch06_04_Caldwell_A-Comparative-Grammar-of-the-Dravidian-or,"Caldwell, Robert. A Comparative Grammar of the Dravidian or South Indian Family of Languages. Charleston: Bibliolife LLC, 1856:2009.",,,,On OneDrive,https://archive.org/download/india.history.resource.92708/92708.pdf,BI_B107_Caldwell_A-Comparative-Grammar-of-the-Dravidian-or.pdf,https://1drv.ms/b/c/ACD215A5F926CFCE/IQDZphH-orteQpcsHEPx4wAqASUSMXUAGF65hKCMxkR6FWI?download=1,,https://www.google.com/search?tbm=bks&q=A%20Comparative%20Grammar%20of%20the%20Dravidian%20or%20South%20Indian%20Caldwell,"Also cites: BI_B108 | Free copy found in the earlier audit (archive.org) | CAUTION (earlier check): Caldwell belongs to A106/A107, not A105. Verified 1856 first-edition scan; the cited 2009 and 1998 reprints are not supplied. Both rows share this file. | Download provenance: https://archive.org/download/india.history.resource.92708/92708.pdf | Carried over from the earlier backup (A106_Caldwell_1856_Comparative-Grammar.pdf)"
BI_Ch06_05,Note,6,Chapter 6: Inventing the ‘Dravidian’ Race,5,Book/Print,"Trautmann claims that Ellis had made this thesis much earlier, but the work of Caldwell ecl ipsed it partly because Ellis’s papers were lost due to his untimely death in India. (Trautmann, 1997, 150) Another reason not explicitly stated by Trautmann, is that Ellis and Campbell did not share the animosity Protestant missionary scholars had for Brahmins. Trautmann does state that the typical Protestant animosity for Brahmins is missing in Ellis and Campbell (Trautman, 2006, 210). Nevertheless, Ellis too worked within the Mosaic ethnological framework and classified Tamil as connected to Hebrew, which was then called Semitic, in contrast to Sanskrit, which was Hamitic as per the classification of Jones. (Trautmann, 1997, 154)",BI_B884,BI_Ch06_05_Trautmann_Aryans-and-British-India,"Trautmann, Thomas R. Aryans and British India. University of California, 1997.",,,,To do,,,,150,https://www.google.com/search?tbm=bks&q=Aryans%20and%20British%20India%20University%20of%20California%201997%20Trautmann,
BI_Ch06_06,Note,6,Chapter 6: Inventing the ‘Dravidian’ Race,6,Book/Print,"(Caldwell, 1856; 2009, 3-6)",BI_B107,BI_Ch06_06_Caldwell_A-Comparative-Grammar-of-the-Dravidian-or,"Caldwell, Robert. A Comparative Grammar of the Dravidian or South Indian Family of Languages. Charleston: Bibliolife LLC, 1856:2009.",,,,On OneDrive,https://archive.org/download/india.history.resource.92708/92708.pdf,BI_B107_Caldwell_A-Comparative-Grammar-of-the-Dravidian-or.pdf,https://1drv.ms/b/c/ACD215A5F926CFCE/IQDZphH-orteQpcsHEPx4wAqASUSMXUAGF65hKCMxkR6FWI?download=1,3,https://www.google.com/search?tbm=bks&q=A%20Comparative%20Grammar%20of%20the%20Dravidian%20or%20South%20Indian%20Caldwell,"Also cites: BI_B108 | Free copy found in the earlier audit (archive.org) | CAUTION (earlier check): Caldwell belongs to A106/A107, not A105. Verified 1856 first-edition scan; the cited 2009 and 1998 reprints are not supplied. Both rows share this file. | Download provenance: https://archive.org/download/india.history.resource.92708/92708.pdf | Carried over from the earlier backup (A106_Caldwell_1856_Comparative-Grammar.pdf)"
BI_Ch06_07,Note,6,Chapter 6: Inventing the ‘Dravidian’ Race,7,Book/Print,"Inventing ethnic differences in humanity seems to have been part of the strategy of Society for Propagation of the Gospel (SPG), to which Caldwell attached himself. Earlier, SPG had produced a notorious reputation for being pro-slavery. Additionally, when ‘faced with me anting evidence that its work was not producing mass conversions, the Society increasingly misinterpreted its missionary history as evidence of basic difference between human populations’. (Glasson, 2005)",BI_B298,BI_Ch06_07_Glasson_Columbia-University-Press,"Glasson, Travis E Missionaries, slavery, and race: The Society for the Propagation of the Gospel in Foreign Parts in the eighteenth-century British Ailantic world. Columbia University Press, 2005.",,,,To do,,,,,https://www.google.com/search?tbm=bks&q=Columbia%20University%20Press%202005%20Glasson,
BI_Ch06_08,Note,6,Chapter 6: Inventing the ‘Dravidian’ Race,8,Book/Print,"In the words of Nicholas Dirks: ‘In claiming the independence of the Tamils, [Caldwell] seemed also to claim their souls for Christian conversion’. (1995, 128) quoted in (Pels, 1999, 83)",BI_B213,BI_Ch06_08_Dirks_Castes-of-Mind-Colonialism-and-the-Making,"Dirks, Nicholas. Castes of Mind: Colonialism and the Making of Modern India. Hyderabad: Orient Blackswan, 2004.",,,,To do,,,,128,https://www.google.com/search?tbm=bks&q=Castes%20of%20Mind%20Colonialism%20and%20the%20Making%20of%20Modern%20Dirks,[match: author+title]
BI_Ch06_09,Note,6,Chapter 6: Inventing the ‘Dravidian’ Race,9,Book/Print,"(Brook and Schmid, 2000, 55) The publication of the Dravidian Etymological Dictionary by T. Burrow and M. B. Emeneau was another landmark event in Dravidian linguistics.",BI_B091,BI_Ch06_09_Brook_Nation-Work-Asian-Elites-and-National-Identities,"Brook, Timothy, and Andre Schmid. Nation Work: Asian Elites and National Identities. University of Michigan Press, 2000.",,,,To do,,,,55,https://www.google.com/search?tbm=bks&q=Nation%20Work%20Asian%20Elites%20and%20National%20Identities%20University%20of%20Brook,
BI_Ch06_10,Note,6,Chapter 6: Inventing the ‘Dravidian’ Race,10,Book/Print,"(Mallampalli 2004, 108)",BI_B495,BI_Ch06_10_Mallampalli_Christians-and-Public-Life-in-Colonial-South,"Mallampalli, Chandra. Christians and Public Life in Colonial South India, 1863-1937: Contending With Marginality. Roultedge, 2004.",,,,To do,,,,108,https://www.google.com/search?tbm=bks&q=Christians%20and%20Public%20Life%20in%20Colonial%20South%20India%201863%20Mallampalli,
BI_Ch06_11,Note,6,Chapter 6: Inventing the ‘Dravidian’ Race,11,Book/Print,"(Brook and Schmid 2000, 56)",BI_B091,BI_Ch06_11_Brook_Nation-Work-Asian-Elites-and-National-Identities,"Brook, Timothy, and Andre Schmid. Nation Work: Asian Elites and National Identities. University of Michigan Press, 2000.",,,,To do,,,,56,https://www.google.com/search?tbm=bks&q=Nation%20Work%20Asian%20Elites%20and%20National%20Identities%20University%20of%20Brook,
BI_Ch06_12,Note,6,Chapter 6: Inventing the ‘Dravidian’ Race,12,Book/Print,"Caldwell quoted in (P. Srinivasan 2006, 231-2)",BI_B748,BI_Ch06_12_Srinivasan_Can-we-Cross-the-Chasm,"Srinivasan, Perundevi. ‘Can we Cross the Chasm? Agency and Orientalist Discourse in Colonial I’amil Context’. In Reorienting Orientalism, by Chandreyee Niyogi. Sage, 2006.",,,,To do,,,,231,https://www.google.com/search?tbm=bks&q=Can%20we%20Cross%20the%20Chasm%20Agency%20and%20Orientalist%20Discourse%20Srinivasan,
BI_Ch06_13,Note,6,Chapter 6: Inventing the ‘Dravidian’ Race,13,Book/Print,"(Brook and Schmid 2000, 57)",BI_B091,BI_Ch06_13_Brook_Nation-Work-Asian-Elites-and-National-Identities,"Brook, Timothy, and Andre Schmid. Nation Work: Asian Elites and National Identities. University of Michigan Press, 2000.",,,,To do,,,,57,https://www.google.com/search?tbm=bks&q=Nation%20Work%20Asian%20Elites%20and%20National%20Identities%20University%20of%20Brook,
BI_Ch06_14,Note,6,Chapter 6: Inventing the ‘Dravidian’ Race,14,Book/Print,"(Brook and Schmid 2000, 58)",BI_B091,BI_Ch06_14_Brook_Nation-Work-Asian-Elites-and-National-Identities,"Brook, Timothy, and Andre Schmid. Nation Work: Asian Elites and National Identities. University of Michigan Press, 2000.",,,,To do,,,,58,https://www.google.com/search?tbm=bks&q=Nation%20Work%20Asian%20Elites%20and%20National%20Identities%20University%20of%20Brook,
BI_Ch06_15,Note,6,Chapter 6: Inventing the ‘Dravidian’ Race,15,Unlinked note,"Dr G.U. Pope (1820-1908) lived in southern India from the age of nineteen for approximately thirty-five years. He joined the Society for the Propagation of the Gospel in Tirunelveli (following in the f ootsteps of Robert Caldwell), vzhere he first studied Tamil language and literature. He later returned to Oxford as a chaplain.",,BI_Ch06_15,,,,,To do,,,,,,"No source matched: either a comment by the author, or a source to identify by hand"
BI_Ch06_16,Note,6,Chapter 6: Inventing the ‘Dravidian’ Race,16,Book/Print,"(Sugavaneswaran 1992, 4334)",BI_B757,BI_Ch06_16_Sugavaneswaran_Thirukkural,"Sugavaneswaran. ‘Thirukkural’. In Encyclopedia of Indian Literature, by Mohan Lal. New Delhi: Sakitya Academy, 1992.",,,,To do,,,,4334,https://www.google.com/search?tbm=bks&q=Thirukkural%20In%20Encyclopedia%20of%20Indian%20Literature%20by%20Mohan%20Lal%20Sugavaneswaran,
BI_Ch06_17,Note,6,Chapter 6: Inventing the ‘Dravidian’ Race,17,Book/Print,"(Pope 1886:1958, iii)",BI_B632,BI_Ch06_17_Pope_The-Sacred-Rural-of-Thiruvalluvar,"Pope, George Uglow. The Sacred Rural of Thiruvalluvar. 2. Madras: The SISS works Publishing Society, 1886:1958.",,,,On OneDrive,https://archive.org/download/in.ernet.dli.2015.43871/2015.43871.Sacred-Kurral-Of-Tiruvalluva-nayanar_text.pdf,BI_B632_Pope_The-Sacred-Rural-of-Thiruvalluvar.pdf,https://1drv.ms/b/c/ACD215A5F926CFCE/IQDm91MtC6j5RI7ZRhEQMeaLAeUc39lpoSUfxVTyZk_IDHo?download=1,1958,https://www.google.com/search?tbm=bks&q=The%20Sacred%20Rural%20of%20Thiruvalluvar%202%20Madras%20The%20SISS%20Pope,Free copy found in the earlier audit (archive.org) | CAUTION (earlier check): Replaced the wrongly assigned H. A. Popley 1931 translation with G. U. Pope. Scan title page identifies the 1990 Asian Educational Services reprint of the 1886 work; it is not the cited 1958 SISS printing. | Download provenance: https://archive.org/download/in.ernet.dli.2015.43871/2015.43871.Sacred-Kurral-Of-Tiruvalluva-nayanar_text.pdf | Carried over from the earlier backup (A620_Pope_1886-Sacred-Kurral_1990-reprint.pdf)
BI_Ch06_18,Note,6,Chapter 6: Inventing the ‘Dravidian’ Race,18,Book/Print,"(Pope 1886:1958, iv)",BI_B632,BI_Ch06_18_Pope_The-Sacred-Rural-of-Thiruvalluvar,"Pope, George Uglow. The Sacred Rural of Thiruvalluvar. 2. Madras: The SISS works Publishing Society, 1886:1958.",,,,On OneDrive,https://archive.org/download/in.ernet.dli.2015.43871/2015.43871.Sacred-Kurral-Of-Tiruvalluva-nayanar_text.pdf,BI_B632_Pope_The-Sacred-Rural-of-Thiruvalluvar.pdf,https://1drv.ms/b/c/ACD215A5F926CFCE/IQDm91MtC6j5RI7ZRhEQMeaLAeUc39lpoSUfxVTyZk_IDHo?download=1,1958,https://www.google.com/search?tbm=bks&q=The%20Sacred%20Rural%20of%20Thiruvalluvar%202%20Madras%20The%20SISS%20Pope,Free copy found in the earlier audit (archive.org) | CAUTION (earlier check): Replaced the wrongly assigned H. A. Popley 1931 translation with G. U. Pope. Scan title page identifies the 1990 Asian Educational Services reprint of the 1886 work; it is not the cited 1958 SISS printing. | Download provenance: https://archive.org/download/in.ernet.dli.2015.43871/2015.43871.Sacred-Kurral-Of-Tiruvalluva-nayanar_text.pdf | Carried over from the earlier backup (A620_Pope_1886-Sacred-Kurral_1990-reprint.pdf)
BI_Ch06_19,Note,6,Chapter 6: Inventing the ‘Dravidian’ Race,19,Book/Print,"Thomas Christianity is a ploy that was developed by missionaries and crack-pot academicians. It sees present-day Hinduism as a result of Christian doctrines brought to India by St Thomas. Nestorian Christianity is a Christological heresy that originated in the Church in the fifth century. It reached China in the seventh century, through Persia. In its denial of the divinity of Mary, it resembles evangelical Protestantism. In fact. Catholic critics of Protestants called them ‘crypto-Nestorians’. Therefore, in the identification of a Nest orian influence on ancient Tamil culture, the Anglican protestant missionaries, were seeking a connecting thread to their own evangelical activities.",BI_B853,BI_Ch06_19_Thomas_Strong-Religion,"Thomas, Pradip Ninan. Strong Religion, Zealous Media: Christian Fundamentalism and Communication in India. New Delhi: Sage , Publications India, 2008.",,,,To do,,,,,https://www.google.com/search?tbm=bks&q=Strong%20Religion%20Zealous%20Media%20Christian%20Fundamentalism%20and%20Communication%20in%20Thomas,[match: author only (unique)]
BI_Ch06_20,Note,6,Chapter 6: Inventing the ‘Dravidian’ Race,20,Book/Print,"For example, Christian historian Stephen Neill rejects Pope’s fraudulent claim with a tone of empathy: ‘The brilliant imagination of Dr Pope has produced a beautiful romance. The sober verdict of historical judgment must be that any such Christian influence on Tamil literature is unlikely. . . Any extensive infiltration of Hindu thought by Christian influences must he ruled out as no more than remote possibilit); Here, as elsewhere, what we seem to see is devout minds in different places working on similar problems and arriving independently at compaj’able results.’ (Neill 2004, 62)",BI_B574,BI_Ch06_20_Neill_History-of-Christianity-in-India-The-Beginning,"Neill, Stephen. History of Christianity in India: The Beginning to AD 1707. 2004: Cambridge University Press, 2004.",,,,To do,,,,62,https://www.google.com/search?tbm=bks&q=History%20of%20Christianity%20in%20India%20The%20Beginning%20to%20AD%20Neill,[match: author+title]
BI_Ch06_21,Note,6,Chapter 6: Inventing the ‘Dravidian’ Race,21,Book/Print,"(Zveiebil, The Smile of Murugan on Tamil Literature of South India 1973, 15,7)",BI_B1041,BI_Ch06_21_The-Smile_BRILL,"— The Smile of Murugan on Tamil Literature of South India. BRILL, 1973.",,,,To do,,,,15,https://www.google.com/search?tbm=bks&q=BRILL%201973%20%E2%80%94%20The%20Smile%20of%20Murugan%20on%20Tamil%20Literature%20of%20South%20India,
BI_Ch06_22,Note,6,Chapter 6: Inventing the ‘Dravidian’ Race,22,Unlinked note,"(Tambyah T 1985, viii)",,BI_Ch06_22,,,,,To do,,,,,,"No source matched: either a comment by the author, or a source to identify by hand"
BI_Ch06_23,Note,6,Chapter 6: Inventing the ‘Dravidian’ Race,23,Unlinked note,"Caldwell quoted in: (Pels 1999, 83)",,BI_Ch06_23,,,,,To do,,,,,,"No source matched: either a comment by the author, or a source to identify by hand"
BI_Ch06_24,Note,6,Chapter 6: Inventing the ‘Dravidian’ Race,24,Book/Print,"(Brook and Schmid 2000, 60)",BI_B091,BI_Ch06_24_Brook_Nation-Work-Asian-Elites-and-National-Identities,"Brook, Timothy, and Andre Schmid. Nation Work: Asian Elites and National Identities. University of Michigan Press, 2000.",,,,To do,,,,60,https://www.google.com/search?tbm=bks&q=Nation%20Work%20Asian%20Elites%20and%20National%20Identities%20University%20of%20Brook,
BI_Ch06_25,Note,6,Chapter 6: Inventing the ‘Dravidian’ Race,25,Book/Print,"(Zveiebil, The Smile of Murugan on Tamil Literature of South India 1973, 157)",BI_B1041,BI_Ch06_25_The-Smile_BRILL,"— The Smile of Murugan on Tamil Literature of South India. BRILL, 1973.",,,,To do,,,,157,https://www.google.com/search?tbm=bks&q=BRILL%201973%20%E2%80%94%20The%20Smile%20of%20Murugan%20on%20Tamil%20Literature%20of%20South%20India,
BI_Ch06_26,Note,6,Chapter 6: Inventing the ‘Dravidian’ Race,26,Book/Print,"(Pope 1886:1958, xiii)",BI_B632,BI_Ch06_26_Pope_The-Sacred-Rural-of-Thiruvalluvar,"Pope, George Uglow. The Sacred Rural of Thiruvalluvar. 2. Madras: The SISS works Publishing Society, 1886:1958.",,,,On OneDrive,https://archive.org/download/in.ernet.dli.2015.43871/2015.43871.Sacred-Kurral-Of-Tiruvalluva-nayanar_text.pdf,BI_B632_Pope_The-Sacred-Rural-of-Thiruvalluvar.pdf,https://1drv.ms/b/c/ACD215A5F926CFCE/IQDm91MtC6j5RI7ZRhEQMeaLAeUc39lpoSUfxVTyZk_IDHo?download=1,1958,https://www.google.com/search?tbm=bks&q=The%20Sacred%20Rural%20of%20Thiruvalluvar%202%20Madras%20The%20SISS%20Pope,Free copy found in the earlier audit (archive.org) | CAUTION (earlier check): Replaced the wrongly assigned H. A. Popley 1931 translation with G. U. Pope. Scan title page identifies the 1990 Asian Educational Services reprint of the 1886 work; it is not the cited 1958 SISS printing. | Download provenance: https://archive.org/download/in.ernet.dli.2015.43871/2015.43871.Sacred-Kurral-Of-Tiruvalluva-nayanar_text.pdf | Carried over from the earlier backup (A620_Pope_1886-Sacred-Kurral_1990-reprint.pdf)
BI_Ch06_27,Note,6,Chapter 6: Inventing the ‘Dravidian’ Race,27,Book/Print,"The Jain Encyclopedia explains the injunction against agriculture and ploughing in particular: ‘All the tasks connected with the destruction of living beings or with causing harm to them were considered as prohibited. That is why Jains reject, for example, agriculture, assuming that while ploughing fields, one caused harm to various living beings . . . Evidently, this religious teaching mainly spread . . . even in ancient times.’ (N. Jatia 2001, 1491) Even some rare Jain communities vzhich engaged in agriculture ploughing and digging are avoided. See: (Padmakumar n.d.) Against such Jain aversion to agric ulture in general and ploughing in particul ar, Thirukural has ten couple ts solely in pra ise of agriculture, under a section titled ‘Agriculture’ and the very first couplet praises ploughmen in particular. (See: Thirukural, 104. Husbandry 104: 1031 verses 1—TO (1031-1040) praise agriculture: (Bharathiar 1968)",BI_B553,BI_Ch06_27_N_Jatia,"N. Jatia. ‘Development of Jains Outside Bihar’. In Encyclopaedia of Jainism, by Narendra Singh. Anmol Publications Pvt. Ltd., 2001.",,,,To do,,,,1491,https://www.google.com/search?tbm=bks&q=Jatia%20Development%20of%20Jains%20Outside%20Bihar%20In%20Encyclopaedia%20of%20N,[match: author+title]
BI_Ch06_28,Note,6,Chapter 6: Inventing the ‘Dravidian’ Race,28,Book/Print,Thirukural 55:10(550). (Bharathiar 1968),BI_B077,BI_Ch06_28_Bharathiar_Thirukkural-With-English-Couplets,"Bharathiar, Shuddhananda. Thirukkural With English Couplets. Tinnevelly: SISS Works Publishing Society, 1968.",,,,To do,,,,,https://www.google.com/search?tbm=bks&q=Thirukkural%20With%20English%20Couplets%20Tinnevelly%20SISS%20Works%20Publishing%20Society%20Bharathiar,
BI_Ch06_29,Note,6,Chapter 6: Inventing the ‘Dravidian’ Race,29,Book/Print,"For example, in the section titled ‘The Merit of Ascetics’ he states: ‘Indra himself has cause to say/ How great the power ascetics’ sway’ (3:5 (25)) Also, under the section titled ‘Offend Not The Great’ he says: ‘Before the holy sage’s rage / Ev’n Indra’s empire meets damage.’ {Thirukural 90:9 (899)) (Bharathiar 1968)",BI_B077,BI_Ch06_29_Bharathiar_Thirukkural-With-English-Couplets,"Bharathiar, Shuddhananda. Thirukkural With English Couplets. Tinnevelly: SISS Works Publishing Society, 1968.",,,,To do,,,,,https://www.google.com/search?tbm=bks&q=Thirukkural%20With%20English%20Couplets%20Tinnevelly%20SISS%20Works%20Publishing%20Society%20Bharathiar,
BI_Ch06_30,Note,6,Chapter 6: Inventing the ‘Dravidian’ Race,30,Book/Print,"Thirukural 61:10 (610), (Bharathiar 1968)",BI_B077,BI_Ch06_30_Bharathiar_Thirukkural-With-English-Couplets,"Bharathiar, Shuddhananda. Thirukkural With English Couplets. Tinnevelly: SISS Works Publishing Society, 1968.",,,,To do,,,,,https://www.google.com/search?tbm=bks&q=Thirukkural%20With%20English%20Couplets%20Tinnevelly%20SISS%20Works%20Publishing%20Society%20Bharathiar,
BI_Ch06_31,Note,6,Chapter 6: Inventing the ‘Dravidian’ Race,31,Book/Print,"Thirukural 9:4 (84), (Bharathiar 1968)",BI_B077,BI_Ch06_31_Bharathiar_Thirukkural-With-English-Couplets,"Bharathiar, Shuddhananda. Thirukkural With English Couplets. Tinnevelly: SISS Works Publishing Society, 1968.",,,,To do,,,,,https://www.google.com/search?tbm=bks&q=Thirukkural%20With%20English%20Couplets%20Tinnevelly%20SISS%20Works%20Publishing%20Society%20Bharathiar,
BI_Ch06_32,Note,6,Chapter 6: Inventing the ‘Dravidian’ Race,32,Book/Print,"Thirukural 61'.7 (617), (Bharathiar 1968)",BI_B077,BI_Ch06_32_Bharathiar_Thirukkural-With-English-Couplets,"Bharathiar, Shuddhananda. Thirukkural With English Couplets. Tinnevelly: SISS Works Publishing Society, 1968.",,,,To do,,,,,https://www.google.com/search?tbm=bks&q=Thirukkural%20With%20English%20Couplets%20Tinnevelly%20SISS%20Works%20Publishing%20Society%20Bharathiar,
BI_Ch06_33,Note,6,Chapter 6: Inventing the ‘Dravidian’ Race,33,Book/Print,"Thirukural 56'AII (560), (Bharathiar 1968)",BI_B077,BI_Ch06_33_Bharathiar_Thirukkural-With-English-Couplets,"Bharathiar, Shuddhananda. Thirukkural With English Couplets. Tinnevelly: SISS Works Publishing Society, 1968.",,,,To do,,,,,https://www.google.com/search?tbm=bks&q=Thirukkural%20With%20English%20Couplets%20Tinnevelly%20SISS%20Works%20Publishing%20Society%20Bharathiar,
BI_Ch06_34,Note,6,Chapter 6: Inventing the ‘Dravidian’ Race,34,Book/Print,"Thirukural 5S'.3 (543), (Bharathiar 1968)",BI_B077,BI_Ch06_34_Bharathiar_Thirukkural-With-English-Couplets,"Bharathiar, Shuddhananda. Thirukkural With English Couplets. Tinnevelly: SISS Works Publishing Society, 1968.",,,,To do,,,,,https://www.google.com/search?tbm=bks&q=Thirukkural%20With%20English%20Couplets%20Tinnevelly%20SISS%20Works%20Publishing%20Society%20Bharathiar,
BI_Ch06_35,Note,6,Chapter 6: Inventing the ‘Dravidian’ Race,35,Book/Print,"Thirukural 14:4 (134), (Bharathiar 1968)",BI_B077,BI_Ch06_35_Bharathiar_Thirukkural-With-English-Couplets,"Bharathiar, Shuddhananda. Thirukkural With English Couplets. Tinnevelly: SISS Works Publishing Society, 1968.",,,,To do,,,,,https://www.google.com/search?tbm=bks&q=Thirukkural%20With%20English%20Couplets%20Tinnevelly%20SISS%20Works%20Publishing%20Society%20Bharathiar,
BI_Ch06_36,Note,6,Chapter 6: Inventing the ‘Dravidian’ Race,36,Book/Print,"Thirukural 69:4 (684), (Bharathiar 1968)",BI_B077,BI_Ch06_36_Bharathiar_Thirukkural-With-English-Couplets,"Bharathiar, Shuddhananda. Thirukkural With English Couplets. Tinnevelly: SISS Works Publishing Society, 1968.",,,,To do,,,,,https://www.google.com/search?tbm=bks&q=Thirukkural%20With%20English%20Couplets%20Tinnevelly%20SISS%20Works%20Publishing%20Society%20Bharathiar,
BI_Ch06_37,Note,6,Chapter 6: Inventing the ‘Dravidian’ Race,37,Book/Print,"(Pope, The Sacred Kural of Thiruvalluvar 1886) quoted and refuted by (Zvelebil, The Smile of Murugan on Tamil Literature of South India 1973, 126)",BI_B1041,BI_Ch06_37_The-Smile_BRILL,"— The Smile of Murugan on Tamil Literature of South India. BRILL, 1973.",,,,To do,,,,126,https://www.google.com/search?tbm=bks&q=BRILL%201973%20%E2%80%94%20The%20Smile%20of%20Murugan%20on%20Tamil%20Literature%20of%20South%20India,[match: author+title]
BI_Ch06_38,Note,6,Chapter 6: Inventing the ‘Dravidian’ Race,38,Book/Print,"(Zvelebil, The Smile of Murugan on Tamil Literature of South India 1973, 125-6) /",BI_B1041,BI_Ch06_38_The-Smile_BRILL,"— The Smile of Murugan on Tamil Literature of South India. BRILL, 1973.",,,,To do,,,,125,https://www.google.com/search?tbm=bks&q=BRILL%201973%20%E2%80%94%20The%20Smile%20of%20Murugan%20on%20Tamil%20Literature%20of%20South%20India,
BI_Ch06_39,Note,6,Chapter 6: Inventing the ‘Dravidian’ Race,39,Book/Print,(Basu 2005),BI_B062,BI_Ch06_39_Basu_Human-Development-Ancient-Kingship,"Basu, Ratan Lal. ‘Human Development: Ancient Kingship, Modern Politicians and the Problem of Corruption in India, The Culture Mandala’. The Bulletin of the Centre for East-West Cultural and Economic Studies 7, no. 1 (December 2005).",,,,To do,,,,,https://www.google.com/search?tbm=bks&q=Human%20Development%20Ancient%20Kingship%20Modern%20Politicians%20and%20the%20Problem%20Basu,
BI_Ch06_40,Note,6,Chapter 6: Inventing the ‘Dravidian’ Race,40,Book/Print,(Lochan 2003),BI_B469,BI_Ch06_40_Lochan_The-Eternal-Values-of-Manu-Smrithi-Lecture,"Lochan, PramJa. ‘The Eternal Values of Manu Smrithi-Lecture by Rama Jois’. IGNCA Newsletter, January-February 2003.",,,,To do,,,,,https://www.google.com/search?tbm=bks&q=The%20Eternal%20Values%20of%20Manu%20Smrithi%20Lecture%20by%20Rama%20Lochan,
BI_Ch06_41,Note,6,Chapter 6: Inventing the ‘Dravidian’ Race,41,Book/Print,"(Hudson 1995, 98)",BI_B347,BI_Ch06_41_Hudson_Tamil-Hindu-Responses-to-Protestants-Nineteenth-century,"Hudson, Dennis D. ‘Tamil Hindu Responses to Protestants: Nineteenth- century Literati in Jaffna and Tinnavelly’. In Indigenous Responses to Western Christianity, by Steven Kaplan. New York: New York University Press, 1995.",,,,To do,,,,98,https://www.google.com/search?tbm=bks&q=Tamil%20Hindu%20Responses%20to%20Protestants%20Nineteenth%20century%20Literati%20in%20Hudson,
BI_Ch06_42,Note,6,Chapter 6: Inventing the ‘Dravidian’ Race,42,Book/Print,"(Hudson 1992, 27)",BI_B345,BI_Ch06_42_Hudson_Arumuga-Navalar-and-the-Hindu-Renaissance-Among,"Hudson, Dennis D. ‘Arumuga Navalar and the Hindu Renaissance Among the Tamils’. In Religious Controversy in British India: Dialogues in South Asian Languages^ by Kenneth W Jones. Sunny Press, 1992.",,,,To do,,,,27,https://www.google.com/search?tbm=bks&q=Arumuga%20Navalar%20and%20the%20Hindu%20Renaissance%20Among%20the%20Tamils%20Hudson,
BI_Ch06_43,Note,6,Chapter 6: Inventing the ‘Dravidian’ Race,43,Book/Print,"(Pope 1900:2002, xxxiii)",BI_B633,BI_Ch06_43_Tiruvacagam-Sacred_New-Delhi-Asian-Educational-Services,"— Tiruvacagam: Sacred Utterances of the Tamil Poet, Saint and Sage Manikka- Vacagar. New Delhi: Asian Educational Services, 1900:2002.",,,,On OneDrive,,BI_B633_Tiruvacagam-Sacred_New-Delhi-Asian-Educational-Services.epub,https://1drv.ms/u/c/ACD215A5F926CFCE/IQAappdkDFALS5u3Gvk8QOYaAda3eqb2VKVly3R8A5ZoNOw?download=1,2002,https://www.google.com/search?tbm=bks&q=New%20Delhi%20Asian%20Educational%20Services%201900%202002%20%E2%80%94%20Tiruvacagam%3A%20Sacred%20Utterances%20of%20the%20Tamil%20Poet,"Earlier check: Public domain (pub. 1900, pre-1930). Downloaded from archive.org. | Carried over from the earlier backup (A621_Pope_1900_Tiruvacagam.epub)"
BI_Ch06_44,Note,6,Chapter 6: Inventing the ‘Dravidian’ Race,44,URL,"For example, here is the reaction of a famous Tamil scholar (M.P. Somu) who visited the tomb of G.U. Pope in 1961 (after locating it amidst four thousand other tombs and finding it lying unattended with hush growth): ‘[We], on behalf of Tamils, paid our homage while circling the tomb in our typical Tamil fashion. The caretaker watching us developed a renewed devotion. He also paid his respects in the Christian tradition. “My friend! Please do not let the bush spread on this tomb. This is the tomb of one of our forefathers. There are thousands of us, his progenies, living in South India. Future visitors to this site should not go through the same ordeal we have gone through. From time to time smear v/ith oil and keep these letters shining. You will be blessed for your good deed. My fellow countrymen will be grateful.” with these v/ords, we also showec^ him orr appreciation.’ Quoted in 1. Shanmuganathan, A Tamil Students Headstone in a Cemetery, (Nathan) Former Editor, Thinathanthi 'a Tamil daily), 1999, http://Avww.tamilnatioil.org/literature/pope.htm",,BI_Ch06_44_avww-tamilnatioil-org_pope,,http://Avww.tamilnatioil.org/literature/pope.htm,,,To do,,,,,,"No source matched: either a comment by the author, or a source to identify by hand | download failed - live page: Page.goto: net::ERR_NAME_NOT_RESOLVED at http://avww.tamilnatioil.org/ | download failed - live page: Page.goto: net::ERR_NAME_NOT_RESOLVED at http://avww.tamilnatioil.org/"
BI_Ch06_45,Note,6,Chapter 6: Inventing the ‘Dravidian’ Race,45,Book/Print,"Interestingly, Pope here employs an alternate spelling for Saiva which was used by Dravidianists and missionaries to minimize Sanskrit influence on Tamil.",BI_B633,BI_Ch06_45_Tiruvacagam-Sacred_New-Delhi-Asian-Educational-Services,"— Tiruvacagam: Sacred Utterances of the Tamil Poet, Saint and Sage Manikka- Vacagar. New Delhi: Asian Educational Services, 1900:2002.",,,,On OneDrive,,BI_B633_Tiruvacagam-Sacred_New-Delhi-Asian-Educational-Services.epub,https://1drv.ms/u/c/ACD215A5F926CFCE/IQAappdkDFALS5u3Gvk8QOYaAda3eqb2VKVly3R8A5ZoNOw?download=1,,https://www.google.com/search?tbm=bks&q=New%20Delhi%20Asian%20Educational%20Services%201900%202002%20%E2%80%94%20Tiruvacagam%3A%20Sacred%20Utterances%20of%20the%20Tamil%20Poet,"[match: author+title] | Earlier check: Public domain (pub. 1900, pre-1930). Downloaded from archive.org. | Carried over from the earlier backup (A621_Pope_1900_Tiruvacagam.epub)"
BI_Ch06_46,Note,6,Chapter 6: Inventing the ‘Dravidian’ Race,46,Book/Print,"(Pope 1900:2002, viii, xii)",BI_B633,BI_Ch06_46_Tiruvacagam-Sacred_New-Delhi-Asian-Educational-Services,"— Tiruvacagam: Sacred Utterances of the Tamil Poet, Saint and Sage Manikka- Vacagar. New Delhi: Asian Educational Services, 1900:2002.",,,,On OneDrive,,BI_B633_Tiruvacagam-Sacred_New-Delhi-Asian-Educational-Services.epub,https://1drv.ms/u/c/ACD215A5F926CFCE/IQAappdkDFALS5u3Gvk8QOYaAda3eqb2VKVly3R8A5ZoNOw?download=1,2002,https://www.google.com/search?tbm=bks&q=New%20Delhi%20Asian%20Educational%20Services%201900%202002%20%E2%80%94%20Tiruvacagam%3A%20Sacred%20Utterances%20of%20the%20Tamil%20Poet,"Earlier check: Public domain (pub. 1900, pre-1930). Downloaded from archive.org. | Carried over from the earlier backup (A621_Pope_1900_Tiruvacagam.epub)"
BI_Ch06_47,Note,6,Chapter 6: Inventing the ‘Dravidian’ Race,47,Book/Print,"(Pope 1900:2002, xxxiii)",BI_B633,BI_Ch06_47_Tiruvacagam-Sacred_New-Delhi-Asian-Educational-Services,"— Tiruvacagam: Sacred Utterances of the Tamil Poet, Saint and Sage Manikka- Vacagar. New Delhi: Asian Educational Services, 1900:2002.",,,,On OneDrive,,BI_B633_Tiruvacagam-Sacred_New-Delhi-Asian-Educational-Services.epub,https://1drv.ms/u/c/ACD215A5F926CFCE/IQAappdkDFALS5u3Gvk8QOYaAda3eqb2VKVly3R8A5ZoNOw?download=1,2002,https://www.google.com/search?tbm=bks&q=New%20Delhi%20Asian%20Educational%20Services%201900%202002%20%E2%80%94%20Tiruvacagam%3A%20Sacred%20Utterances%20of%20the%20Tamil%20Poet,"Earlier check: Public domain (pub. 1900, pre-1930). Downloaded from archive.org. | Carried over from the earlier backup (A621_Pope_1900_Tiruvacagam.epub)"
BI_Ch06_48,Note,6,Chapter 6: Inventing the ‘Dravidian’ Race,48,Book/Print,"(Appasamy 1?M2, 262); Traditional Saiva Siddhanta scholars rebutted such distorted comparisons and shov/ed how Saiva, Siddhanta is in harmony with rest of Indian spiritual traditions and differs with Christianity fundamentally: ‘Christianity speaks of one revelation only for all time to come, but in Siddhanta God reveals himself to each and every soul in time. In Christianity, God’s grace is for redemption of man’s sins, but in the Siddhanta, God’s grace is the fulfillment of the soul’s destiny. There is no such thing as purgatory or permanent hell or heaven in Saha Siddanta. . . . Every soul is bound to reach God.’ (Mudaliar 1968, 157)",BI_B544,BI_Ch06_48_Mudaliar_The-Relevance-of-Saiva-Siddhanta-Philosophy-Annamalai,"Mudaliar, Murugesa N. The Relevance of Saiva Siddhanta Philosophy Annamalai University. 1968,",,,,To do,,,,157,https://www.google.com/search?tbm=bks&q=The%20Relevance%20of%20Saiva%20Siddhanta%20Philosophy%20Annamalai%20University%201968%20Mudaliar,
BI_Ch06_49,Note,6,Chapter 6: Inventing the ‘Dravidian’ Race,49,Book/Print,"(Blackburn 2004, 51)",BI_B081,BI_Ch06_49_Biackburn_India-s-Literary-History-Essays-on-the,"Biackburn, Stuart H. India's Literary History: Essays on the Nineteenth Century. Orient Blackswan, 2004.",,,,To do,,,,51,https://www.google.com/search?tbm=bks&q=India%20s%20Literary%20History%20Essays%20on%20the%20Nineteenth%20Century%20Biackburn,
BI_Ch06_50,Note,6,Chapter 6: Inventing the ‘Dravidian’ Race,50,Book/Print,"(P.M. PiIIai 1904:1994, 76)",BI_B625,BI_Ch06_50_Pillai_A-Primer-of-Tamil-Literature,"Pillai, Purnalingam M.S. A Primer of Tamil Literature. New Delhi: Asian Educational Services, 1904:1994.",,,,On OneDrive,,BI_B625_Pillai_A-Primer-of-Tamil-Literature.pdf,https://1drv.ms/b/c/ACD215A5F926CFCE/IQB9L9J6SWLnSKn6WGjAQ76NAd6v1uEmAiK-2_45Y_L1KrE?download=1,1994,https://www.google.com/search?tbm=bks&q=A%20Primer%20of%20Tamil%20Literature%20New%20Delhi%20Asian%20Educational%20Pillai,"Earlier check: Public domain (pub. 1904, pre-1930). Downloaded from archive.org (PDF used instead of the item's EPUB, which had an abnormally large/corrupted-looking file size). | Carried over from the earlier backup (A613_Pillai_1904_Primer-of-Tamil-Literature.pdf)"
BI_Ch06_51,Note,6,Chapter 6: Inventing the ‘Dravidian’ Race,51,Book/Print,"(P.M. Pillai 1904:1994, 112)",BI_B625,BI_Ch06_51_Pillai_A-Primer-of-Tamil-Literature,"Pillai, Purnalingam M.S. A Primer of Tamil Literature. New Delhi: Asian Educational Services, 1904:1994.",,,,On OneDrive,,BI_B625_Pillai_A-Primer-of-Tamil-Literature.pdf,https://1drv.ms/b/c/ACD215A5F926CFCE/IQB9L9J6SWLnSKn6WGjAQ76NAd6v1uEmAiK-2_45Y_L1KrE?download=1,1994,https://www.google.com/search?tbm=bks&q=A%20Primer%20of%20Tamil%20Literature%20New%20Delhi%20Asian%20Educational%20Pillai,"Earlier check: Public domain (pub. 1904, pre-1930). Downloaded from archive.org (PDF used instead of the item's EPUB, which had an abnormally large/corrupted-looking file size). | Carried over from the earlier backup (A613_Pillai_1904_Primer-of-Tamil-Literature.pdf)"
BI_Ch06_52,Note,6,Chapter 6: Inventing the ‘Dravidian’ Race,52,Book/Print,"(P.M. Pillai 1904:1994, 154-55)",BI_B625,BI_Ch06_52_Pillai_A-Primer-of-Tamil-Literature,"Pillai, Purnalingam M.S. A Primer of Tamil Literature. New Delhi: Asian Educational Services, 1904:1994.",,,,On OneDrive,,BI_B625_Pillai_A-Primer-of-Tamil-Literature.pdf,https://1drv.ms/b/c/ACD215A5F926CFCE/IQB9L9J6SWLnSKn6WGjAQ76NAd6v1uEmAiK-2_45Y_L1KrE?download=1,1994,https://www.google.com/search?tbm=bks&q=A%20Primer%20of%20Tamil%20Literature%20New%20Delhi%20Asian%20Educational%20Pillai,"Earlier check: Public domain (pub. 1904, pre-1930). Downloaded from archive.org (PDF used instead of the item's EPUB, which had an abnormally large/corrupted-looking file size). | Carried over from the earlier backup (A613_Pillai_1904_Primer-of-Tamil-Literature.pdf)"
BI_Ch06_53,Note,6,Chapter 6: Inventing the ‘Dravidian’ Race,53,Book/Print,"(P.M. Pillai 1904:1994, 254-55)",BI_B625,BI_Ch06_53_Pillai_A-Primer-of-Tamil-Literature,"Pillai, Purnalingam M.S. A Primer of Tamil Literature. New Delhi: Asian Educational Services, 1904:1994.",,,,On OneDrive,,BI_B625_Pillai_A-Primer-of-Tamil-Literature.pdf,https://1drv.ms/b/c/ACD215A5F926CFCE/IQB9L9J6SWLnSKn6WGjAQ76NAd6v1uEmAiK-2_45Y_L1KrE?download=1,1994,https://www.google.com/search?tbm=bks&q=A%20Primer%20of%20Tamil%20Literature%20New%20Delhi%20Asian%20Educational%20Pillai,"Earlier check: Public domain (pub. 1904, pre-1930). Downloaded from archive.org (PDF used instead of the item's EPUB, which had an abnormally large/corrupted-looking file size). | Carried over from the earlier backup (A613_Pillai_1904_Primer-of-Tamil-Literature.pdf)"
BI_Ch06_54,Note,6,Chapter 6: Inventing the ‘Dravidian’ Race,54,Unlinked note,"There were also numerous literal histories of I’amil written by Vaishnavas, who stressed the ‘Tamilness’ of Vaishnav literature but were relatively a small population in Tamil areas and tended to be upper-caste. Thus, Vaishnavism, Buddhism, Jainism, and later Islam, even when these were v/ritten in Tamil, became classified as ‘non-Tamil’ or foreign religions. This consolidated the Saivite hegemony in religious literature.",,BI_Ch06_54,,,,,To do,,,,,,"No source matched: either a comment by the author, or a source to identify by hand"
BI_Ch06_55,Note,6,Chapter 6: Inventing the ‘Dravidian’ Race,55,Book/Print,(Yesuvadian 2002),BI_B1032,BI_Ch06_55_Yesuvadian_India-is-a-Christian-Nation,"Yesuvadian, Sunder M (a) Mankad M.S. India is a Christian Nation. Nagerkovil: Anaryan Publication, 2002.",,,,To do,,,,,https://www.google.com/search?tbm=bks&q=India%20is%20a%20Christian%20Nation%20Nagerkovil%20Anaryan%20Publication%202002%20Yesuvadian,
BI_Ch06_56,Note,6,Chapter 6: Inventing the ‘Dravidian’ Race,56,Unlinked note,"(Yesu/adian 2002, 93-4)",,BI_Ch06_56,,,,,To do,,,,,,"No source matched: either a comment by the author, or a source to identify by hand"
BI_Ch07_01,Note,7,Chapter 7: Dravidian Racism and Sri Lanka,1,Unlinked note,"Sclater published this theory in an article titled ‘The Mammals of Madagascar’ published in The Quarterly Journal of Science, This was his explanation of similarities between plants and animals of the two continents.",,BI_Ch07_01,,,,,To do,,,,,,"No source matched: either a comment by the author, or a source to identify by hand"
BI_Ch07_02,Note,7,Chapter 7: Dravidian Racism and Sri Lanka,2,URL,Engels’s article was titled ‘The Par t played by Labour in the Transi tion from Ape to Man.’ See: (Engels 1876),BI_B245,BI_Ch07_02_Engels_The-Part-Played-by-Labour-in-the,"Engels, Frederick. ‘The Part Played by Labour in the Transition from Ape to Man’. Marxists Internet Archive. 1876. http://www.marxists.org/archive/marx/works/1876/part-played-labour/index.htm (accessed September 2008).",http://www.marxists.org/archive/marx/works/1876/part-played-labour/index.htm,,,On OneDrive,,BI_B245_Engels_The-Part-Played-by-Labour-in-the_marxists-org.pdf,https://1drv.ms/b/c/ACD215A5F926CFCE/IQBNDznlX9JFRqsjfYioo0EHAd5DqfsnbjLdccJQCpSnbvU?download=1,,,Page saved as PDF (cover page + copy) from live page on 2026-10-08
BI_Ch07_03,Note,7,Chapter 7: Dravidian Racism and Sri Lanka,3,Unlinked note,"(Blavatsky, Theosophical Gleani ngs 1890, 502) Interestingly, Blavatsky’s theory claimed that the Lemurians were mentally undeveloped and the angry gods sank Lemuria into the ocean. Lemuria was succeeded by Atlantis, which was populated by a superior race. The Dravidian chauvinists i gnored all these aspects and used cut-and-paste schol arship to select aspects and fabricate their own myth of superiority.",,BI_Ch07_03,,,,,To do,,,,,,"No source matched: either a comment by the author, or a source to identify by hand"
BI_Ch07_04,Note,7,Chapter 7: Dravidian Racism and Sri Lanka,4,Book/Print,"(C. Wilson 1988, 435) Blavatsky first met with Hindu social reformer and founder of Arya Samaj, Swami Dayanand Saraswati, and solicited his support for her budding Theosophical movement. But the Swami dismissed Blavatsky for being naive and for her extreme interests in the occult. She then moved to the South.",BI_B932,BI_Ch07_04_Wilson_Hurst-Co,"Wilson, A Jeyaiatnam, The Break-up of Sri Lanka: The Sinhalese-Tamil Conflict. C. Hurst & Co, 1988.",,,,To do,,,,435,https://www.google.com/search?tbm=bks&q=C%20Hurst%20Co%201988%20Wilson,Also cites: BI_B934
BI_Ch07_05,Note,7,Chapter 7: Dravidian Racism and Sri Lanka,5,Book/Print,"(Blavatsky 1893, 249)",BI_B083,BI_Ch07_05_Blavatsky_Ehe-Secret-Doctrine,"Blavatsky, Helena Petrovna. Ehe Secret Doctrine, the Synthesis of Science, Religion and Philosophy. Lon<don: Theosophical Publishing Society, 1893.",,,,On OneDrive,https://archive.org/download/in.ernet.dli.2015.47965/2015.47965.The-Secret-Doctrine--Vol-1_text.pdf,BI_B083_Blavatsky_Ehe-Secret-Doctrine.pdf,https://1drv.ms/b/c/ACD215A5F926CFCE/IQC7ryj2IItVRbQlgr49PoKbAUzIfUGprjJcYuLj1Go6BtY?download=1,249,https://www.google.com/search?tbm=bks&q=Ehe%20Secret%20Doctrine%20the%20Synthesis%20of%20Science%20Religion%20and%20Blavatsky,"Free copy found in the earlier audit (archive.org) | CAUTION (earlier check): Original file was Volume II, Section II of the 1917 Point Loma edition, not the cited 1893 edition. Replaced with both volumes of the third/revised 1893 edition in later reprints; title pages list reprints through 1918. Exact 1893 physical printing is not supplied. | Download provenance: https://archive.org/download/in.ernet.dli.2015.47965/2015.47965.The-Secret-Doctrine--Vol-1_ | Carried over from the earlier backup (A082_Blavatsky_Secret-Doctrine_1893-edition_1918-reprint_Vols1-2.pdf)"
BI_Ch07_06,Note,7,Chapter 7: Dravidian Racism and Sri Lanka,6,Book/Print,"(Blavatsky 1917, 723)",BI_B084,BI_Ch07_06_The-Secret_California,"— The Secret Doctrine: The Synthesis of Science, F.eligion and Philosophy. California; Aryan Theosophical Press, 1917.",,,,To do,,,,723,https://www.google.com/search?tbm=bks&q=California%20Aryan%20Theosophical%20Press%201917%20%E2%80%94%20The%20Secret%20Doctrine%3A%20The%20Synthesis%20of%20Science,
BI_Ch07_07,Note,7,Chapter 7: Dravidian Racism and Sri Lanka,7,Unlinked note,"In his manual, titled, T^e Manual of the Administration of the Madras Presidency, (1885), Maclean classified people into three race categories of Aryans, Dravidians and Kolarians, and placed them on a civilizational scale from ‘savage’ to ‘civilized.’",,BI_Ch07_07,,,,,To do,,,,,,"No source matched: either a comment by the author, or a source to identify by hand"
BI_Ch07_08,Note,7,Chapter 7: Dravidian Racism and Sri Lanka,8,Book/Print,"(Ramaswamy 2005, 101-2)",BI_B675,BI_Ch07_08_Ramaswamy_Fabulous-Geographies,"Ramaswamy, Sumathi. Fabulous Geographies, Catastroophic Histories: The Lost Land of Lemuria. Orient Longman, 2005.",,,,To do,,,,101,https://www.google.com/search?tbm=bks&q=Fabulous%20Geographies%20Catastroophic%20Histories%20The%20Lost%20Land%20of%20Lemuria%20Ramaswamy,
BI_Ch07_09,Note,7,Chapter 7: Dravidian Racism and Sri Lanka,9,Book/Print,"(P.M. Pillai 1904:1994, 4)",BI_B625,BI_Ch07_09_Pillai_A-Primer-of-Tamil-Literature,"Pillai, Purnalingam M.S. A Primer of Tamil Literature. New Delhi: Asian Educational Services, 1904:1994.",,,,On OneDrive,,BI_B625_Pillai_A-Primer-of-Tamil-Literature.pdf,https://1drv.ms/b/c/ACD215A5F926CFCE/IQB9L9J6SWLnSKn6WGjAQ76NAd6v1uEmAiK-2_45Y_L1KrE?download=1,1994,https://www.google.com/search?tbm=bks&q=A%20Primer%20of%20Tamil%20Literature%20New%20Delhi%20Asian%20Educational%20Pillai,"Earlier check: Public domain (pub. 1904, pre-1930). Downloaded from archive.org (PDF used instead of the item's EPUB, which had an abnormally large/corrupted-looking file size). | Carried over from the earlier backup (A613_Pillai_1904_Primer-of-Tamil-Literature.pdf)"
BI_Ch07_10,Note,7,Chapter 7: Dravidian Racism and Sri Lanka,10,URL,"(Abbas 2000) Incidentally, Abbas considers the erstwhile hate website Dalitstan.org as an authoritative source of Indological data.",BI_B004,BI_Ch07_10_Abbas_Dravidian-India,"Abbas, Samar. ‘Dravidian India’. 2000. http://saxakali.com/southasia/dravidian_mdia.htm (accessed September 2008).",http://saxakali.com/southasia/dravidian_india.htm,https://web.archive.org/web/20160324014133/http://www.saxakali.com/southasia/dravidian_india.htm/,Snapshot found,On OneDrive,,BI_B004_Abbas_Dravidian-India_saxakali-com.pdf,https://1drv.ms/b/c/ACD215A5F926CFCE/IQBv1ccP3jbiTptR539ZkGJJAXs8pzKK8sTGsvjrVhQUmtE?download=1,,,Web address corrected from the earlier audit (the book's text read: http://saxakali.com/southasia/dravidian_mdia.htm) | Page saved as PDF (cover page + copy) from Wayback snapshot on 2026-10-08
BI_Ch07_11,Note,7,Chapter 7: Dravidian Racism and Sri Lanka,11,Book/Print,"(Iyengar 1925:2004, 23)",BI_B391,BI_Ch07_11_Iyengar_Dravidian-India,"Iyengar, Sesha T.R. Dravidian India. New Delhi: Asian Educational S ervices, 1925:2004.",,,,On OneDrive,,BI_B391_Iyengar_Dravidian-India.pdf,https://1drv.ms/b/c/ACD215A5F926CFCE/IQCdOpntgoEpR66T3tl13h67AU5-z2kj7fmrLVAWtC8ihF0?download=1,2004,https://www.google.com/search?tbm=bks&q=Dravidian%20India%20New%20Delhi%20Asian%20Educational%20S%20ervices%201925%20Iyengar,"Earlier check: Public domain (pub. 1925, pre-1930). Downloaded from archive.org (1989 reprint scan of the 1925 text). | Carried over from the earlier backup (A383_Iyengar_1925_Dravidian-India.pdf)"
BI_Ch07_12,Note,7,Chapter 7: Dravidian Racism and Sri Lanka,12,Unlinked note,(T van yan 1966) in Preface,,BI_Ch07_12,,,,,To do,,,,,,"No source matched: either a comment by the author, or a source to identify by hand"
BI_Ch07_13,Note,7,Chapter 7: Dravidian Racism and Sri Lanka,13,Book/Print,"(Ramaswamy 2005, 120)",BI_B675,BI_Ch07_13_Ramaswamy_Fabulous-Geographies,"Ramaswamy, Sumathi. Fabulous Geographies, Catastroophic Histories: The Lost Land of Lemuria. Orient Longman, 2005.",,,,To do,,,,120,https://www.google.com/search?tbm=bks&q=Fabulous%20Geographies%20Catastroophic%20Histories%20The%20Lost%20Land%20of%20Lemuria%20Ramaswamy,
BI_Ch07_14,Note,7,Chapter 7: Dravidian Racism and Sri Lanka,14,URL,"(Nandhivarman 2003) Nandhivarman is t he general secretary of Dravi da Pervai, a splinter Dravidian movement. This paper was presented by him on 28 September 2003 at the ‘National Seminar on The Indus Valley: A Review of Recent Research organized by the Pondicherry Institute of Linguistics and Culture (PILC).’ The seminar was inaugurated by the Pondicherry Education Minister K. Lakshminarayanan. The research paper also quoted some dubious scholars. For instance, James Churchward (1851-1936) was actually a tea planter and an occult writer who claimed to have deciphered an ancient dead language in an Indian forest temple and asserted that it provided him knowledge about Mu, which was the birthplace of mankind now sunk in the ocean. He wrote such books as The Lost Continent of Mu Motherland of Man (1926), Cosmic Forces of Mu (1934), Second Book of Cosmic Forces of Mu (1935). Yet the ‘research paper’ accepted in the seminar described Churchward’s occult speculations as schclarly thesis, in the following words: ‘Mr James Churchward, by studying various ancient texts, it is claimed, had discovered the existence of a long-lost continent with an advanced civilization that 60,000 years ago had sunk below the Pacific Ocean after a cataclysmic earthquake. There v/ere 64 million people who died in the sinking, and that is dated back over 50,000 years.’",BI_B559,BI_Ch07_14_Nandhivarman_Is-Indus-Valley-the-Cradle-or-Catacomb,"Nandhivarman, Na. ‘Is Indus Valley the Cradle or Catacomb of the Dravidian Civilization’. 28 September 2003. http://www.dravidaperavai.org.in/page. php?art=8 (accessed 13 February 2010).",http://www.dravidaperavai.org.in/page.php?art=8,https://web.archive.org/web/20090118151341/http://dravidaperavai.org.in:80/page.php?art=8,Snapshot found,On OneDrive,,BI_B559_Nandhivarman_Is-Indus-Valley-the-Cradle-or-Catacomb_dravidaperavai-org-in.pdf,https://1drv.ms/b/c/ACD215A5F926CFCE/IQD9VOZhlJx6Q6st-H_7HNnBAd-bAR-RYtz4rVrP1VBcE84?download=1,,,Web address corrected from the earlier audit (the book's text read: http://www.dravidaperavai.org.in/page) | Page saved as PDF (cover page + copy) from Wayback snapshot on 2026-10-08
BI_Ch07_15,Note,7,Chapter 7: Dravidian Racism and Sri Lanka,15,Book/Print,"(Aravannan 1980, 4-5).",BI_B034,BI_Ch07_15_Aravannan_Anthropological-Studies-on-the-Dravidian-Africans,"Aravannan, KP. Anthropological Studies on the Dravidian-Africans. Chennai: Tamil Kootam, 1980.",,,,To do,,,,4,https://www.google.com/search?tbm=bks&q=Anthropological%20Studies%20on%20the%20Dravidian%20Africans%20Chennai%20Tamil%20Kootam%20Aravannan,
BI_Ch07_16,Note,7,Chapter 7: Dravidian Racism and Sri Lanka,16,Book/Print,"(A.j. Wilson 1988, 27)",BI_B932,BI_Ch07_16_Wilson_Hurst-Co,"Wilson, A Jeyaiatnam, The Break-up of Sri Lanka: The Sinhalese-Tamil Conflict. C. Hurst & Co, 1988.",,,,To do,,,,27,https://www.google.com/search?tbm=bks&q=C%20Hurst%20Co%201988%20Wilson,Also cites: BI_B934
BI_Ch07_17,Note,7,Chapter 7: Dravidian Racism and Sri Lanka,17,Unlinked note,"(Dharnad sa 1992, 55,56) These observations are interesting for various reasons. It shows how fast the racial theories of western academics were internalized by the English-educated natives of Sri Lanka. James D’Alwiss (1823-78), who made these observations, was the product of colonial English education and considered Sinhala language as a ‘necessary evil’ for an English educated native, ‘for the purpose of .maintaining intercourse with his countrymen.’ (Dharmad sa 1992, 38)",,BI_Ch07_17,,,,,To do,,,,,,"No source matched: either a comment by the author, or a source to identify by hand"
BI_Ch07_18,Note,7,Chapter 7: Dravidian Racism and Sri Lanka,18,Book/Print,"(Grant 2009, 59)",BI_B308,BI_Ch07_18_Grant_Buddhism-and-Ethnic-Conflict-in-Sri-Lanka,"Grant, Patrick. Buddhism and Ethnic Conflict in Sri Lanka. SUNY Press, 2009.",,,,To do,,,,59,https://www.google.com/search?tbm=bks&q=Buddhism%20and%20Ethnic%20Conflict%20in%20Sri%20Lanka%20SUNY%20Press%20Grant,
BI_Ch07_19,Note,7,Chapter 7: Dravidian Racism and Sri Lanka,19,Book/Print,"(A.J. Wilson 1988, 32)",BI_B932,BI_Ch07_19_Wilson_Hurst-Co,"Wilson, A Jeyaiatnam, The Break-up of Sri Lanka: The Sinhalese-Tamil Conflict. C. Hurst & Co, 1988.",,,,To do,,,,32,https://www.google.com/search?tbm=bks&q=C%20Hurst%20Co%201988%20Wilson,Also cites: BI_B934
BI_Ch07_20,Note,7,Chapter 7: Dravidian Racism and Sri Lanka,20,Book/Print,"(A.J. Wilson 1988, 28)",BI_B932,BI_Ch07_20_Wilson_Hurst-Co,"Wilson, A Jeyaiatnam, The Break-up of Sri Lanka: The Sinhalese-Tamil Conflict. C. Hurst & Co, 1988.",,,,To do,,,,28,https://www.google.com/search?tbm=bks&q=C%20Hurst%20Co%201988%20Wilson,Also cites: BI_B934
BI_Ch07_21,Note,7,Chapter 7: Dravidian Racism and Sri Lanka,21,Book/Print,"(Obeyesekere 1976, 234)",BI_B591,BI_Ch07_21_Obeyesekere_Personal-Identity-and-Cultural-Crisis-The-case,"Obeyesekere, Gananath. ‘Personal Identity and Cultural Crisis: The case of Anagarika Dharmapala of Sri Lanka’. In The Biographical Process: Studies in the History and Psychology of Religion, by Frank Reynolds and Donald Capps, waiter de Gruyter, 1976.",,,,To do,,,,234,https://www.google.com/search?tbm=bks&q=Personal%20Identity%20and%20Cultural%20Crisis%20The%20case%20of%20Anagarika%20Obeyesekere,
BI_Ch07_22,Note,7,Chapter 7: Dravidian Racism and Sri Lanka,22,Book/Print,"(Bartholomeusz and De Silva 1992, 172)",BI_B061,BI_Ch07_22_Bartholomeusz_Buddhist-Fundamentalism-and-Minority-Identities-in-Sri,"Bartholomeusz, Tessa J, and Richard Chandra De Silva. ‘Buddhist Fundamentalism and Minority Identities in Sri Lanka’. In Buddhist Burgers and Singala Buddhist Fundamentalism, by lessa J Bartholomeusz. University cf Chicago Press, 1992.",,,,To do,,,,172,https://www.google.com/search?tbm=bks&q=Buddhist%20Fundamentalism%20and%20Minority%20Identities%20in%20Sri%20Lanka%20In%20Bartholomeusz,
BI_Ch07_23,Note,7,Chapter 7: Dravidian Racism and Sri Lanka,23,Book/Print,"(Tambiah 1992, 131)",BI_B768,BI_Ch07_23_Tambiah_Buddhism-Betrayedi-Religion,"Tambiah, Jeyaraja Stanley. Buddhism Betrayedi Religion, Politics and Violence in Sri Lanka. University of Chicago Press, 1992.",,,,To do,,,,131,https://www.google.com/search?tbm=bks&q=Buddhism%20Betrayedi%20Religion%20Politics%20and%20Violence%20in%20Sri%20Lanka%20Tambiah,
BI_Ch07_24,Note,7,Chapter 7: Dravidian Racism and Sri Lanka,24,Book/Print,"(Tambiah 1992, 131).",BI_B768,BI_Ch07_24_Tambiah_Buddhism-Betrayedi-Religion,"Tambiah, Jeyaraja Stanley. Buddhism Betrayedi Religion, Politics and Violence in Sri Lanka. University of Chicago Press, 1992.",,,,To do,,,,131,https://www.google.com/search?tbm=bks&q=Buddhism%20Betrayedi%20Religion%20Politics%20and%20Violence%20in%20Sri%20Lanka%20Tambiah,
BI_Ch07_25,Note,7,Chapter 7: Dravidian Racism and Sri Lanka,25,Book/Print,"(Obeysekere 1992, 152)",BI_B592,BI_Ch07_25_Obeysekere_Dutthagamani-and-the-Buddhist-Conscience,"Obeysekere, Gananath. ‘Dutthagamani and the Buddhist Conscience’. In Religion and Political Conflict in South Asia: India, Pakistan, and Sri Lanka , by Douglas Allen. Greenwood, 1992.",,,,To do,,,,152,https://www.google.com/search?tbm=bks&q=Dutthagamani%20and%20the%20Buddhist%20Conscience%20In%20Religion%20and%20Political%20Obeysekere,
BI_Ch07_26,Note,7,Chapter 7: Dravidian Racism and Sri Lanka,26,Book/Print,"(Obeysekere 1992, 152)",BI_B592,BI_Ch07_26_Obeysekere_Dutthagamani-and-the-Buddhist-Conscience,"Obeysekere, Gananath. ‘Dutthagamani and the Buddhist Conscience’. In Religion and Political Conflict in South Asia: India, Pakistan, and Sri Lanka , by Douglas Allen. Greenwood, 1992.",,,,To do,,,,152,https://www.google.com/search?tbm=bks&q=Dutthagamani%20and%20the%20Buddhist%20Conscience%20In%20Religion%20and%20Political%20Obeysekere,
BI_Ch07_27,Note,7,Chapter 7: Dravidian Racism and Sri Lanka,27,Book/Print,"(Blavatsky 1893, 439)",BI_B083,BI_Ch07_27_Blavatsky_Ehe-Secret-Doctrine,"Blavatsky, Helena Petrovna. Ehe Secret Doctrine, the Synthesis of Science, Religion and Philosophy. Lon<don: Theosophical Publishing Society, 1893.",,,,On OneDrive,https://archive.org/download/in.ernet.dli.2015.47965/2015.47965.The-Secret-Doctrine--Vol-1_text.pdf,BI_B083_Blavatsky_Ehe-Secret-Doctrine.pdf,https://1drv.ms/b/c/ACD215A5F926CFCE/IQC7ryj2IItVRbQlgr49PoKbAUzIfUGprjJcYuLj1Go6BtY?download=1,439,https://www.google.com/search?tbm=bks&q=Ehe%20Secret%20Doctrine%20the%20Synthesis%20of%20Science%20Religion%20and%20Blavatsky,"Free copy found in the earlier audit (archive.org) | CAUTION (earlier check): Original file was Volume II, Section II of the 1917 Point Loma edition, not the cited 1893 edition. Replaced with both volumes of the third/revised 1893 edition in later reprints; title pages list reprints through 1918. Exact 1893 physical printing is not supplied. | Download provenance: https://archive.org/download/in.ernet.dli.2015.47965/2015.47965.The-Secret-Doctrine--Vol-1_ | Carried over from the earlier backup (A082_Blavatsky_Secret-Doctrine_1893-edition_1918-reprint_Vols1-2.pdf)"
BI_Ch07_28,Note,7,Chapter 7: Dravidian Racism and Sri Lanka,28,Book/Print,(Reuters-India 1 March 2008),BI_B690,BI_Ch07_28_Reuters-India_Sri-Lanka-Military,"Reuters-India. Sri Lanka Military, Rebels Trade Death Toll Claims. News, Reuters, 1 March 2008.",,,,To do,,,,,https://www.google.com/search?tbm=bks&q=Sri%20Lanka%20Military%20Rebels%20Trade%20Death%20Toll%20Claims%20News%20Reuters-India,[match: author+title]
BI_Ch07_29,Note,7,Chapter 7: Dravidian Racism and Sri Lanka,29,Book/Print,"(Korn 1999, 28)",BI_B434,BI_Ch07_29_Korn_Exodus-Within-Borders-An-Introduction-to-the,"Korn, David A. Exodus Within Borders: An Introduction to the Crisis of Internal Displacement. Brookings Institution Press, 1999.",,,,To do,,,,28,https://www.google.com/search?tbm=bks&q=Exodus%20Within%20Borders%20An%20Introduction%20to%20the%20Crisis%20of%20Korn,
BI_Ch07_30,Note,7,Chapter 7: Dravidian Racism and Sri Lanka,30,Book/Print,(Bonner 7 March 1998),BI_B086,BI_Ch07_30_Bonner_Rebels-in-Sri-Lanka-Fight-with-Aid,"Bonner, Raymond. ‘ Rebels in Sri Lanka Fight with Aid of Global Market in Light Arms’. News, New York Times, 7 March 1998.",,,,To do,,,,,https://www.google.com/search?tbm=bks&q=Rebels%20in%20Sri%20Lanka%20Fight%20with%20Aid%20of%20Global%20Bonner,
BI_Ch07_31,Note,7,Chapter 7: Dravidian Racism and Sri Lanka,31,Book/Print,(Fund for Peace and Carnegie Endowment for International Peace 2008),BI_B279,BI_Ch07_31_Fund-For_The-Failed-States-Index-2008,"Fund for Peace and Carnegie Endowment for International Peace. ‘The Failed States Index 2008’. Foreign Policy. Fund for Peace and Carnegie Endowment for International Peace, July/August 2008.",,,,To do,,,,,https://www.google.com/search?tbm=bks&q=The%20Failed%20States%20Index%202008%20Foreign%20Policy%20Fund%20for%20Fund%20for%20Peace%20and%20Carnegie%20Endowment%20for%20International%20Peace,
BI_Ch07_32,Note,7,Chapter 7: Dravidian Racism and Sri Lanka,32,Book/Print,"(Philp 29 May 2009) Sri Lankan government has rejected this figure, and claims the civilian causality as 6500, though most aid agencies and UN missions are skeptical about the Sri Lankan government’s claims.",BI_B618,BI_Ch07_32_Philp_The-Hidden-Massacre-Sri-Lanka-s-Final,"Philp, Catherine. The Hidden Massacre: Sri Lanka's Final Offensive Against Tamil Tigers. Nevzs, The Times (UK), 29 May 2009.",,,,To do,,,,,https://www.google.com/search?tbm=bks&q=The%20Hidden%20Massacre%20Sri%20Lanka%20s%20Final%20Offensive%20Against%20Philp,
BI_Ch08_01,Note,8,Chapter 8: Digesting Hinduism into ‘Dravidian’ Christianity,1,Book/Print,"Thomas is named in the Bible as one of the tvs'elve direct disciples, or apostles, of Jesus. According to Christian belief several of the apostles traveled to other parts of the world to spread his teachings. In the conventional mythic-belief of Thomas reaching India, his arrival is conventionally dated as 52 CE.",BI_B853,BI_Ch08_01_Thomas_Strong-Religion,"Thomas, Pradip Ninan. Strong Religion, Zealous Media: Christian Fundamentalism and Communication in India. New Delhi: Sage , Publications India, 2008.",,,,To do,,,,,https://www.google.com/search?tbm=bks&q=Strong%20Religion%20Zealous%20Media%20Christian%20Fundamentalism%20and%20Communication%20in%20Thomas,[match: author only (unique)]
BI_Ch08_02,Note,8,Chapter 8: Digesting Hinduism into ‘Dravidian’ Christianity,2,Book/Print,"(Young, 1979, 117-8) ’",BI_B1036,BI_Ch08_02_The-Politics_University-of-wisconsin-Press,"— The Politics of Pluralism. University of wisconsin Press, 1979.",,,,To do,,,,117,https://www.google.com/search?tbm=bks&q=University%20of%20wisconsin%20Press%201979%20%E2%80%94%20The%20Politics%20of%20Pluralism,
BI_Ch08_03,Note,8,Chapter 8: Digesting Hinduism into ‘Dravidian’ Christianity,3,Book/Print,"(Thakurtha and Raghuraman, 2004, 230)",BI_B780,BI_Ch08_03_Thakurtha_A-Time-of-Coalitions-Divided-We-Stand,"Thakurtha, Par an joy Guha, and Shankar Raghuraman. A Time of Coalitions: Divided We Stand. New Delhi: Sage Publications, 2004.",,,,To do,,,,230,https://www.google.com/search?tbm=bks&q=A%20Time%20of%20Coalitions%20Divided%20We%20Stand%20New%20Delhi%20Thakurtha,
BI_Ch08_04,Note,8,Chapter 8: Digesting Hinduism into ‘Dravidian’ Christianity,4,Book/Print,"(der Veer, 1996, 119-20)",BI_B187,BI_Ch08_04_Der-Veer_Conversion-to-Modernites-The-Globalization-of-Christianity,"der Veer, Peter van. Conversion to Modernites: The Globalization of Christianity. Routledge, 1996.",,,,To do,,,,119,https://www.google.com/search?tbm=bks&q=Conversion%20to%20Modernites%20The%20Globalization%20of%20Christianity%20Routledge%201996%20der%20Veer,
BI_Ch08_05,Note,8,Chapter 8: Digesting Hinduism into ‘Dravidian’ Christianity,5,Book/Print,"(der Veer, 1996, 119-20)",BI_B187,BI_Ch08_05_Der-Veer_Conversion-to-Modernites-The-Globalization-of-Christianity,"der Veer, Peter van. Conversion to Modernites: The Globalization of Christianity. Routledge, 1996.",,,,To do,,,,119,https://www.google.com/search?tbm=bks&q=Conversion%20to%20Modernites%20The%20Globalization%20of%20Christianity%20Routledge%201996%20der%20Veer,
BI_Ch08_06,Note,8,Chapter 8: Digesting Hinduism into ‘Dravidian’ Christianity,6,Book/Print,"(der Veer, 1996, 119-20)",BI_B187,BI_Ch08_06_Der-Veer_Conversion-to-Modernites-The-Globalization-of-Christianity,"der Veer, Peter van. Conversion to Modernites: The Globalization of Christianity. Routledge, 1996.",,,,To do,,,,119,https://www.google.com/search?tbm=bks&q=Conversion%20to%20Modernites%20The%20Globalization%20of%20Christianity%20Routledge%201996%20der%20Veer,
BI_Ch08_07,Note,8,Chapter 8: Digesting Hinduism into ‘Dravidian’ Christianity,7,Book/Print,"(Deivanayagam. M, Wtzs Thiruvalluvar a Christian^1969:1970)",BI_B181,BI_Ch08_07_Was-Thiruvalluvar_Was-Thiruvalluvar-a-Christian-Madras-Meporul-Publish,"— Was Thiruvalluvar a Christian^ Madras: Meporul Publishers, 1969:1970.",,,,To do,,,,1970,https://www.google.com/search?tbm=bks&q=Was%20Thiruvalluvar%20a%20Christian%20Madras%20Meporul%20Publishers%201969%201970%20%E2%80%94%20Was%20Thiruvalluvar%20a%20Christian%5E%20Madras%3A%20Meporul%20Publishers,
BI_Ch08_08,Note,8,Chapter 8: Digesting Hinduism into ‘Dravidian’ Christianity,8,Book/Print,"The titles initially published by Deivanayagam include the following: Is Thiruvalluvar a Christian^ Who is Thiruvalluvar’s *(Jne Who Won the Five Senses'?{1970), Who is the Renounced of Thiruvalluvar? (1971), Who are 'the noble ones' in Thirukural?'{1972), 'The Seven Births' (1972), Who are the Three whom Thiruvalluvar praises?{1974), Thirukural and Bible (1980) and Bible, Thirukural and Saiva Siddhanta (PhD disserrtaion, 1983); India in Third Millenium (2000).",BI_B179,BI_Ch08_08_India-In_Chennai-Dravidian-Religion-Trust,"— India in Third Millennium. Chennai: Dravidian Religion Trust, 2000.",,,,To do,,,,,https://www.google.com/search?tbm=bks&q=Chennai%20Dravidian%20Religion%20Trust%202000%20%E2%80%94%20India%20in%20Third%20Millennium,Also cites: BI_B181
BI_Ch08_09,Note,8,Chapter 8: Digesting Hinduism into ‘Dravidian’ Christianity,9,Book/Print,"(Deivakala. D, 2003, 15)",BI_B175,BI_Ch08_09_Deivakala_Hindu-Religion-is-the-Offshoot-of-StThomas,"Deivakala, D. Hindu Religion is the Offshoot of StThomas Dravidian Christianity. Chennai: Meiporul Publishers, 2003.",,,,To do,,,,15,https://www.google.com/search?tbm=bks&q=Hindu%20Religion%20is%20the%20Offshoot%20of%20StThomas%20Dravidian%20Christianity%20Deivakala,
BI_Ch08_10,Note,8,Chapter 8: Digesting Hinduism into ‘Dravidian’ Christianity,10,Book/Print,"(Rasamanikkam. S.J, 1974, 92-3)",BI_B679,BI_Ch08_10_Rasamanikkam_Christianity-in-Thirukural,"Rasamanikkam, S.J. ‘Christianity in Thirukural’. (Tamil) In Thirukural Karutharangu Malar, by Subbu, N. Dr Reddiyar. 1974.",,,,To do,,,,92,https://www.google.com/search?tbm=bks&q=Christianity%20in%20Thirukural%20Tamil%20In%20Thirukural%20Karutharangu%20Malar%20by%20Rasamanikkam,
BI_Ch08_11,Note,8,Chapter 8: Digesting Hinduism into ‘Dravidian’ Christianity,11,Book/Print,"(K. Srinivasan, 1979)",BI_B747,BI_Ch08_11_Srinivasan_Religion-of-Rural,"Srinivasan, Kamachi. Religion of Rural (Tamil). Madurai Kamaraj University, 1979.",,,,To do,,,,,https://www.google.com/search?tbm=bks&q=Religion%20of%20Rural%20Tamil%20Madurai%20Kamaraj%20University%201979%20Srinivasan,
BI_Ch08_12,Note,8,Chapter 8: Digesting Hinduism into ‘Dravidian’ Christianity,12,Book/Print,"(Satyam. T.S., 1979, 192-3)",BI_B714,BI_Ch08_12_Satyam_The-Developments-in-Thirukural-Research-in-the,"Satyam, T.S. The Developments in Thirukural Research in the Twentieth Century. Madras Umversity, 1979.",,,,To do,,,,192,https://www.google.com/search?tbm=bks&q=The%20Developments%20in%20Thirukural%20Research%20in%20the%20Twentieth%20Century%20Satyam,
BI_Ch08_13,Note,8,Chapter 8: Digesting Hinduism into ‘Dravidian’ Christianity,13,Book/Print,"Claims made by Deivanayagam in many of his publications. See, for example, at the cover of his commentary on Saiva Siddhanta text ‘Siva Gyana Botham’, (Deivanayagam. M., 2007)",BI_B186,BI_Ch08_13_Deivanayagam_Siva-Gyana-Botham-Commentary,"Deivanayagam, M. Siva Gyana Botham - Commentary (Tamil). Chennai: Meiporul Publishers, 2007.",,,,To do,,,,,https://www.google.com/search?tbm=bks&q=Siva%20Gyana%20Botham%20Commentary%20Tamil%20Chennai%20Meiporul%20Publishers%202007%20Deivanayagam,[match: author+title]
BI_Ch08_14,Note,8,Chapter 8: Digesting Hinduism into ‘Dravidian’ Christianity,14,Book/Print,"(Mudaliyar, 1991)",BI_B545,BI_Ch08_14_Mudaliyar_A-Rebuttal-to-the-Comparative-Study-of,"Mudaliyar, Arunai Vadivel. A Rebuttal to the Comparative Study of Bible- Thirukural-Saiva Siddhanta (Tamil). Dharmapuram: International Saivasiddhanta Research Institute, 1991.",,,,To do,,,,,https://www.google.com/search?tbm=bks&q=A%20Rebuttal%20to%20the%20Comparative%20Study%20of%20Bible%20Thirukural%20Mudaliyar,
BI_Ch08_15,Note,8,Chapter 8: Digesting Hinduism into ‘Dravidian’ Christianity,15,Unlinked note,"Of the eleven speakers at the symposium, six were leaders of lower- caste associations, one was his own daughter, another was a Christian missionary, and yet another was a converted Christian and who calls himself the disciple of Deivanayagam: Data from the invitation to ‘Rebuttal to the book refuting Deivanayagam and Symposium on 24-1-1992’ held at Chennai.",,BI_Ch08_15,,,,,To do,,,,,,"No source matched: either a comment by the author, or a source to identify by hand"
BI_Ch08_16,Note,8,Chapter 8: Digesting Hinduism into ‘Dravidian’ Christianity,16,Book/Print,"(Deivanayagam. M and Devakala. D, 2005, 61)",BI_B183,BI_Ch08_16_Deivanayagam_Creeds-and-Doctrine-of-Trinity-in-St,"Deivanayagam, M, and Devakala, D. Creeds and Doctrine of Trinity in St Thomas Dravidian Christianity. Chennai: Meiporul Publishers, 2005.",,,,To do,,,,61,https://www.google.com/search?tbm=bks&q=Creeds%20and%20Doctrine%20of%20Trinity%20in%20St%20Thomas%20Dravidian%20Deivanayagam,
BI_Ch08_17,Note,8,Chapter 8: Digesting Hinduism into ‘Dravidian’ Christianity,17,Book/Print,"(Sunil. K.P, 1987) The article said: ‘why were the archbishop’s suspicions not aroused until he had handed over a whopping Rs 13,49,250 (according to re cords, though Iyer claims to have received far in excess of that sum) on a spurious research project? why had the archbishop not bothered to verify the authenticity of the documents produced by Iyer with the museums and other institutions concerned, directly? Why did he not bother to accompany Iyer to the actual site of his research when he had found time to accompany him to Rome, the Vatican, Germany, France, Spain, the United States? . . . What is even more curious is that even as criminal proceedings against Iyer were in progress in the magistrate’s court, a civil suit for a compromise had been filed in the Madras high court ... In other words, Iyer, who had defrauded the archbishop to the tune of about Rs 14 lakhs, was let off without any further punishment ... As part of the compromise, Iyer was allowed to retain ^he large; bungalow he had purchase<i with the archbishop’s money.",BI_B759,BI_Ch08_17_Sunil_Hoax,"Sunil, K.P. ‘Hoax!’ Illustrated Weekly of India, 26 April to 2 May 1987.",,,,To do,,,,,https://www.google.com/search?tbm=bks&q=Hoax%20Illustrated%20Weekly%20of%20India%2026%20April%20to%202%20Sunil,
BI_Ch08_18,Note,8,Chapter 8: Digesting Hinduism into ‘Dravidian’ Christianity,18,Book/Print,"(Hinduism Today, 1983)",BI_B334,BI_Ch08_18_Stone-Cross_Hinduism-Today,"— ‘Stone Cross Unearthed in India Ignites Christian-Hindu Dispute’. Hinduism Today, October 1983.",,,,To do,,,,,https://www.google.com/search?tbm=bks&q=Hinduism%20Today%20October%201983%20%E2%80%94%20%E2%80%98Stone%20Cross%20Unearthed%20in%20India%20Ignites%20Christian-Hindu%20Dispute%E2%80%99,
BI_Ch08_19,Note,8,Chapter 8: Digesting Hinduism into ‘Dravidian’ Christianity,19,Book/Print,"India Today., 15 June 1983: quoted in (Hinduism Today., 1983)",BI_B334,BI_Ch08_19_Stone-Cross_Hinduism-Today,"— ‘Stone Cross Unearthed in India Ignites Christian-Hindu Dispute’. Hinduism Today, October 1983.",,,,To do,,,,,https://www.google.com/search?tbm=bks&q=Hinduism%20Today%20October%201983%20%E2%80%94%20%E2%80%98Stone%20Cross%20Unearthed%20in%20India%20Ignites%20Christian-Hindu%20Dispute%E2%80%99,
BI_Ch08_20,Note,8,Chapter 8: Digesting Hinduism into ‘Dravidian’ Christianity,20,Book/Print,"(Mathew. C.P, 1983) [Emphasis added.]",BI_B517,BI_Ch08_20_Mathew_Letters-to-the-Editor,"Mathew, C.P. ‘Letters to the Editor’. The Hindu, 4 June 1983.",,,,To do,,,,,https://www.google.com/search?tbm=bks&q=Letters%20to%20the%20Editor%20The%20Hindu%204%20June%201983%20Mathew,
BI_Ch08_21,Note,8,Chapter 8: Digesting Hinduism into ‘Dravidian’ Christianity,21,Book/Print,"(Hinduism Today, 1983)",BI_B334,BI_Ch08_21_Stone-Cross_Hinduism-Today,"— ‘Stone Cross Unearthed in India Ignites Christian-Hindu Dispute’. Hinduism Today, October 1983.",,,,To do,,,,,https://www.google.com/search?tbm=bks&q=Hinduism%20Today%20October%201983%20%E2%80%94%20%E2%80%98Stone%20Cross%20Unearthed%20in%20India%20Ignites%20Christian-Hindu%20Dispute%E2%80%99,
BI_Ch08_22,Note,8,Chapter 8: Digesting Hinduism into ‘Dravidian’ Christianity,22,Book/Print,"(Isaac. C.I., 2006)",BI_B390,BI_Ch08_22_Isaac_Kerala,"Isaac, C.I. ‘Kerala, the Gateway to Indian Christianity’. Vivekananda Kendra Patrika (Vivekananda Kendra Prakashan) 35, no. 1 (2006).",,,,To do,,,,,https://www.google.com/search?tbm=bks&q=Kerala%20the%20Gateway%20to%20Indian%20Christianity%20Vivekananda%20Kendra%20Patrika%20Isaac,
BI_Ch08_23,Note,8,Chapter 8: Digesting Hinduism into ‘Dravidian’ Christianity,23,Book/Print,"(Sampth, 2008)",BI_B709,BI_Ch08_23_Sampth_Do-not-lie-for-in-thy-heart,"Sampth, Arjun. ‘Do not lie for in thy heart you know the truth’. (Tamil). Dinamani^ 15 July 2008.",,,,To do,,,,,https://www.google.com/search?tbm=bks&q=Do%20not%20lie%20for%20in%20thy%20heart%20you%20know%20Sampth,
BI_Ch08_24,Note,8,Chapter 8: Digesting Hinduism into ‘Dravidian’ Christianity,24,URL,"(www.stthoma.com, 2002)",BI_B1005,BI_Ch08_24_Www_Sculptures-and-carvings-Museum,www.stthoma.com. Sculptures and carvings: Museum. 2002. http://www.stthoma.com/museum/Sculptures/sculptures_carvings.php (accessed 20 August 2009).,http://www.stthoma.com | http://www.stthoma.com/museum/Sculptures/sculptures_carvings.php,,,To do,,,,,,"download failed - live page: page is empty or is an error page, not a real copy | download failed - live page: page is empty or is an error page, not a real copy"
BI_Ch08_25,Note,8,Chapter 8: Digesting Hinduism into ‘Dravidian’ Christianity,25,Book/Print,"(Goodman, 2002. 73)",BI_B305,BI_Ch08_25_Goodman_On-Sacred-Mountains,"Goodman, Martin. On Sacred Mountains. Heart of Albion, 2002.",,,,To do,,,,,https://www.google.com/search?tbm=bks&q=On%20Sacred%20Mountains%20Heart%20of%20Albion%202002%20Goodman,
BI_Ch08_26,Note,8,Chapter 8: Digesting Hinduism into ‘Dravidian’ Christianity,26,Book/Print,"Contrary to such claims, in early Christian history the use of the cross as a symbol in Christian art in an unquestionable manner surfaces only from the mid fifth century. (Metzger. B.M and Coogan. M.D 1993, 57)",BI_B531,BI_Ch08_26_Metzger_The-Oxford-Companion-to-the-Bible,"Metzger, B.M, and Coogan, M.D. The Oxford Companion to the Bible. Oxford University Press, 1993.",,,,To do,,,,57,https://www.google.com/search?tbm=bks&q=The%20Oxford%20Companion%20to%20the%20Bible%20Oxford%20University%20Press%20Metzger,
BI_Ch08_27,Note,8,Chapter 8: Digesting Hinduism into ‘Dravidian’ Christianity,27,Book/Print,"(Bhaskaran, 2007, 63)",BI_B078,BI_Ch08_27_Bhaskaran_The-Legacy-of-St-Thomas,"Bhaskaran, Vijayan P. The Legacy of St Thomas. Mumbai: The Bombay St Paul Society, 2007.",,,,To do,,,,63,https://www.google.com/search?tbm=bks&q=The%20Legacy%20of%20St%20Thomas%20Mumbai%20The%20Bombay%20St%20Bhaskaran,
BI_Ch08_28,Note,8,Chapter 8: Digesting Hinduism into ‘Dravidian’ Christianity,28,Book/Print,"(Polo, 2C04, 311-2) whether Marco Polo really visited India and China or was lie passing the stories he gathered in his ov/n Christendom as his travelogues is being hotly debated today. See for example: (Lord, 2000) ‘The controversy bubbled up in a 1995 book. Did Marco Polo Go to Cbina^, by Frances Wood, head of the British Library’s Chinese department, wood notes Polo’s omissions and argues that he probably never got beyond Persia.’",BI_B472,BI_Ch08_28_Lord_The-Fabulous-Fabulist-Did-Marco-Polo-Really,"Lord, Lewis. ‘The Fabulous Fabulist: Did Marco Polo Really Make it to China’. US News online. 24 July 2000.",,,,To do,,,,,https://www.google.com/search?tbm=bks&q=The%20Fabulous%20Fabulist%20Did%20Marco%20Polo%20Really%20Make%20it%20Lord,
BI_Ch08_29,Note,8,Chapter 8: Digesting Hinduism into ‘Dravidian’ Christianity,29,Book/Print,"(Hunter, 2001, 237, 238-9)",BI_B350,BI_Ch08_29_Hunter_The-Indian-Empire-Its-History,"Hunter, W.W. The Indian Empire: Its History, People and Products. Routledge, 2001.",,,,To do,,,,237,https://www.google.com/search?tbm=bks&q=The%20Indian%20Empire%20Its%20History%20People%20and%20Products%20Routledge%20Hunter,
BI_Ch08_30,Note,8,Chapter 8: Digesting Hinduism into ‘Dravidian’ Christianity,30,Book/Print,"(Rocher, 1984, 41)",BI_B700,BI_Ch08_30_Rocher_Ezour-Vedam-A-Trench-Veda-of-the,"Rocher, Ludo. Ezour Vedam: A Trench Veda of the Eighteenth Century. John Benjamins Publishing Company, 1984.",,,,To do,,,,41,https://www.google.com/search?tbm=bks&q=Ezour%20Vedam%20A%20Trench%20Veda%20of%20the%20Eighteenth%20Century%20Rocher,
BI_Ch08_31,Note,8,Chapter 8: Digesting Hinduism into ‘Dravidian’ Christianity,31,Book/Print,"H. Heras, quoted in (Neill, 2004, 35)",BI_B574,BI_Ch08_31_Neill_History-of-Christianity-in-India-The-Beginning,"Neill, Stephen. History of Christianity in India: The Beginning to AD 1707. 2004: Cambridge University Press, 2004.",,,,To do,,,,35,https://www.google.com/search?tbm=bks&q=History%20of%20Christianity%20in%20India%20The%20Beginning%20to%20AD%20Neill,
BI_Ch08_32,Note,8,Chapter 8: Digesting Hinduism into ‘Dravidian’ Christianity,32,Book/Print,"H. Heras, quoted in (Jospeh. T.K, 1955, 28)",BI_B416,BI_Ch08_32_Jospeh_Six-St-Thomases-of-South-India-A,"Jospeh, T.K. Six St Thomases of South India: A Muslim Non-Martyr (Thawwami) Made Martyr After 1517 A.D. Bharatha Deepam Press, 1955.",,,,To do,,,,28,https://www.google.com/search?tbm=bks&q=Six%20St%20Thomases%20of%20South%20India%20A%20Muslim%20Non%20Jospeh,
BI_Ch08_33,Note,8,Chapter 8: Digesting Hinduism into ‘Dravidian’ Christianity,33,Book/Print,"(Rajasekharan. S, 1989, 287-8, 291)",BI_B659,BI_Ch08_33_Rajasekharan_Mylapore-pilgrimage-center-a-historical-and-literary,"Rajasekharan, S. ‘Mylapore pilgrimage center - a historical and literary stud’. 1989.",,,,To do,,,,287,https://www.google.com/search?tbm=bks&q=Mylapore%20pilgrimage%20center%20a%20historical%20and%20literary%20stud%201989%20Rajasekharan,
BI_Ch08_34,Note,8,Chapter 8: Digesting Hinduism into ‘Dravidian’ Christianity,34,Book/Print,"(Tamil Nadu Archeological Survey, 196'^, 242)",BI_B770,BI_Ch08_34_Tamil-Nadu_Tamil-Nadu-Archeological-Survey-R-iport,"Tamil Nadu Archeological Survey. ‘Tamil Nadu Archeological Survey R<iport’. Tamil Nadu Archeological Survey, 1967.",,,,To do,,,,,https://www.google.com/search?tbm=bks&q=Tamil%20Nadu%20Archeological%20Survey%20R%20iport%20Tamil%20Nadu%20Archeological%20Tamil%20Nadu%20Archeological%20Survey,[match: author only (unique)]
BI_Ch08_35,Note,8,Chapter 8: Digesting Hinduism into ‘Dravidian’ Christianity,35,Book/Print,"(Tamil Nadu Textbook Society, 1989, 98-9)",BI_B772,BI_Ch08_35_Tamil-Nadu_Social-Science-Sixth-Standard,"Tamil Nadu Textbook Society. 'Social Science: Sixth Standard’.. Chennai: Tamil Nadu Textbook Society, 1989.",,,,To do,,,,98,https://www.google.com/search?tbm=bks&q=Social%20Science%20Sixth%20Standard%20Chennai%20Tamil%20Nadu%20Textbook%20Society%20Tamil%20Nadu%20Textbook%20Society,
BI_Ch08_36,Note,8,Chapter 8: Digesting Hinduism into ‘Dravidian’ Christianity,36,Book/Print,"(Martin. K.A, 2008)",BI_B516,BI_Ch08_36_Martin_Film-on-St-Thomas-planned,"Martin, K.A. ‘Film on St Thomas planned’. The Hindu, 11 June 2008.",,,,To do,,,,,https://www.google.com/search?tbm=bks&q=Film%20on%20St%20Thomas%20planned%20The%20Hindu%2011%20June%20Martin,
BI_Ch08_37,Note,8,Chapter 8: Digesting Hinduism into ‘Dravidian’ Christianity,37,Book/Print,"(Kumutham Reporter, 2008)",BI_B446,BI_Ch08_37_Kumutham-Reporter_Hyder-Ali-demolishing-Darghas,"Kumutham Reporter. ‘Hyder Ali demolishing Darghas?’. News, 23 November 2008.",,,,To do,,,,,https://www.google.com/search?tbm=bks&q=Hyder%20Ali%20demolishing%20Darghas%20News%2023%20November%202008%20Kumutham%20Reporter,Also cites: BI_B447
BI_Ch08_38,Note,8,Chapter 8: Digesting Hinduism into ‘Dravidian’ Christianity,38,Unlinked note,"(Deivanayagarn. M, 2000, 32-3)",,BI_Ch08_38,,,,,To do,,,,,,"No source matched: either a comment by the author, or a source to identify by hand"
BI_Ch08_39,Note,8,Chapter 8: Digesting Hinduism into ‘Dravidian’ Christianity,39,Unlinked note,"(Deivanayagarn. M, 2000, 34), [Emphasis ad«ied.]",,BI_Ch08_39,,,,,To do,,,,,,"No source matched: either a comment by the author, or a source to identify by hand"
BI_Ch08_40,Note,8,Chapter 8: Digesting Hinduism into ‘Dravidian’ Christianity,40,Unlinked note,"(Deivanayagarn. M, 2000, 45)",,BI_Ch08_40,,,,,To do,,,,,,"No source matched: either a comment by the author, or a source to identify by hand"
BI_Ch08_41,Note,8,Chapter 8: Digesting Hinduism into ‘Dravidian’ Christianity,41,URL,"(Institute of Asian Studies, 2002)",BI_B385,BI_Ch08_41_Institute-Of_Institute-of-Asian-Studies,"Institute of Asian Studies. Institute of Asian Studies, Chennai: Pongal-2000 Project and the Online Tamil Lexicon. 2002. http://xlweb.com/heritage/asian/main.htm (accessed 12 February 2010).",http://xlweb.com/heritage/asian/main.htm,https://web.archive.org/web/20100323020632/http://xlweb.com:80/heritage/asian/main.htm,Snapshot found,On OneDrive,,BI_B385_Institute-Of_Institute-of-Asian-Studies_xlweb-com.pdf,https://1drv.ms/b/c/ACD215A5F926CFCE/IQDKYH0XZ6HcRrPC1fiqjBb3AVNDmYe5eKIbismXXfJe6yQ?download=1,,,Also cites: BI_B386 | Page saved as PDF (cover page + copy) from Wayback snapshot on 2026-10-08
BI_Ch08_42,Note,8,Chapter 8: Digesting Hinduism into ‘Dravidian’ Christianity,42,URL,"(Institute of Asian Studies, 2002)",BI_B385,BI_Ch08_42_Institute-Of_Institute-of-Asian-Studies,"Institute of Asian Studies. Institute of Asian Studies, Chennai: Pongal-2000 Project and the Online Tamil Lexicon. 2002. http://xlweb.com/heritage/asian/main.htm (accessed 12 February 2010).",http://xlweb.com/heritage/asian/main.htm,https://web.archive.org/web/20100323020632/http://xlweb.com:80/heritage/asian/main.htm,Snapshot found,On OneDrive,,BI_B385_Institute-Of_Institute-of-Asian-Studies_xlweb-com.pdf,https://1drv.ms/b/c/ACD215A5F926CFCE/IQDKYH0XZ6HcRrPC1fiqjBb3AVNDmYe5eKIbismXXfJe6yQ?download=1,,,Also cites: BI_B386 | Page saved as PDF (cover page + copy) from Wayback snapshot on 2026-10-08
BI_Ch08_43,Note,8,Chapter 8: Digesting Hinduism into ‘Dravidian’ Christianity,43,Book/Print,"(Zveiebil, 1985, 2)",BI_B1039,BI_Ch08_43_Zveiebil_Ananda-Tandava-of-Siva-Sadanrttamurti,"Zveiebil, Kamil. Ananda-Tandava of Siva-Sadanrttamurti. C hennai: I nstitute of Asian Studies, 1985.",,,,To do,,,,2,https://www.google.com/search?tbm=bks&q=Ananda%20Tandava%20of%20Siva%20Sadanrttamurti%20C%20hennai%20I%20nstitute%20Zveiebil,
BI_Ch08_44,Note,8,Chapter 8: Digesting Hinduism into ‘Dravidian’ Christianity,44,Book/Print,"(Zveiebil, 1985, 13-14)",BI_B1039,BI_Ch08_44_Zveiebil_Ananda-Tandava-of-Siva-Sadanrttamurti,"Zveiebil, Kamil. Ananda-Tandava of Siva-Sadanrttamurti. C hennai: I nstitute of Asian Studies, 1985.",,,,To do,,,,13,https://www.google.com/search?tbm=bks&q=Ananda%20Tandava%20of%20Siva%20Sadanrttamurti%20C%20hennai%20I%20nstitute%20Zveiebil,
BI_Ch08_45,Note,8,Chapter 8: Digesting Hinduism into ‘Dravidian’ Christianity,45,Book/Print,"(Zveiebil, 1985, 13-14)",BI_B1039,BI_Ch08_45_Zveiebil_Ananda-Tandava-of-Siva-Sadanrttamurti,"Zveiebil, Kamil. Ananda-Tandava of Siva-Sadanrttamurti. C hennai: I nstitute of Asian Studies, 1985.",,,,To do,,,,13,https://www.google.com/search?tbm=bks&q=Ananda%20Tandava%20of%20Siva%20Sadanrttamurti%20C%20hennai%20I%20nstitute%20Zveiebil,
BI_Ch08_46,Note,8,Chapter 8: Digesting Hinduism into ‘Dravidian’ Christianity,46,Book/Print,"(Zveiebil, 1985, 13-14)",BI_B1039,BI_Ch08_46_Zveiebil_Ananda-Tandava-of-Siva-Sadanrttamurti,"Zveiebil, Kamil. Ananda-Tandava of Siva-Sadanrttamurti. C hennai: I nstitute of Asian Studies, 1985.",,,,To do,,,,13,https://www.google.com/search?tbm=bks&q=Ananda%20Tandava%20of%20Siva%20Sadanrttamurti%20C%20hennai%20I%20nstitute%20Zveiebil,
BI_Ch08_47,Note,8,Chapter 8: Digesting Hinduism into ‘Dravidian’ Christianity,47,Book/Print,"(Zveiebil, 1985, 15)",BI_B1039,BI_Ch08_47_Zveiebil_Ananda-Tandava-of-Siva-Sadanrttamurti,"Zveiebil, Kamil. Ananda-Tandava of Siva-Sadanrttamurti. C hennai: I nstitute of Asian Studies, 1985.",,,,To do,,,,15,https://www.google.com/search?tbm=bks&q=Ananda%20Tandava%20of%20Siva%20Sadanrttamurti%20C%20hennai%20I%20nstitute%20Zveiebil,
BI_Ch08_48,Note,8,Chapter 8: Digesting Hinduism into ‘Dravidian’ Christianity,48,Book/Print,"(Chakravarti, 1986, 62)",BI_B119,BI_Ch08_48_Chakravarti_The-Concept-of-Rudra-ina-through-the,"Chakravarti, Mahadev. The Concept of Rudra-ina through the Ages. Motilal Banarsidass Publications, 1986.",,,,To do,,,,62,https://www.google.com/search?tbm=bks&q=The%20Concept%20of%20Rudra%20ina%20through%20the%20Ages%20Motilal%20Chakravarti,
BI_Ch08_49,Note,8,Chapter 8: Digesting Hinduism into ‘Dravidian’ Christianity,49,Book/Print,"(Sivaramamurti. C, 1976, 169, Fig. 4).",BI_B740,BI_Ch08_49_Sivaramamurti_Nataraja-in-Art,"Sivaramamurti, C. Nataraja in Art, Thought and Literature, New Delhi: National Museum, 1976.",,,,To do,,,,169,https://www.google.com/search?tbm=bks&q=Nataraja%20in%20Art%20Thought%20and%20Literature%20New%20Delhi%20National%20Sivaramamurti,
BI_Ch08_50,Note,8,Chapter 8: Digesting Hinduism into ‘Dravidian’ Christianity,50,Book/Print,"(Zvelebil, 1991, Introduction)",BI_B1040,BI_Ch08_50_Tamil-Traditions_Chennai-Institute-of-Asian-Studies,"— Tamil traditions on Suhrahmanya - Murugan. Chennai: Institute of Asian Studies, 1991.",,,,To do,,,,,https://www.google.com/search?tbm=bks&q=Chennai%20Institute%20of%20Asian%20Studies%201991%20%E2%80%94%20Tamil%20traditions%20on%20Suhrahmanya%20-%20Murugan,
BI_Ch08_51,Note,8,Chapter 8: Digesting Hinduism into ‘Dravidian’ Christianity,51,Book/Print,"(Zvelebil, 1991, 9)",BI_B1040,BI_Ch08_51_Tamil-Traditions_Chennai-Institute-of-Asian-Studies,"— Tamil traditions on Suhrahmanya - Murugan. Chennai: Institute of Asian Studies, 1991.",,,,To do,,,,9,https://www.google.com/search?tbm=bks&q=Chennai%20Institute%20of%20Asian%20Studies%201991%20%E2%80%94%20Tamil%20traditions%20on%20Suhrahmanya%20-%20Murugan,
BI_Ch08_52,Note,8,Chapter 8: Digesting Hinduism into ‘Dravidian’ Christianity,52,Book/Print,"(Zvelebil, 1991, 11)",BI_B1040,BI_Ch08_52_Tamil-Traditions_Chennai-Institute-of-Asian-Studies,"— Tamil traditions on Suhrahmanya - Murugan. Chennai: Institute of Asian Studies, 1991.",,,,To do,,,,11,https://www.google.com/search?tbm=bks&q=Chennai%20Institute%20of%20Asian%20Studies%201991%20%E2%80%94%20Tamil%20traditions%20on%20Suhrahmanya%20-%20Murugan,
BI_Ch08_53,Note,8,Chapter 8: Digesting Hinduism into ‘Dravidian’ Christianity,53,Book/Print,"(Zvelebil, 1991, 89)",BI_B1040,BI_Ch08_53_Tamil-Traditions_Chennai-Institute-of-Asian-Studies,"— Tamil traditions on Suhrahmanya - Murugan. Chennai: Institute of Asian Studies, 1991.",,,,To do,,,,89,https://www.google.com/search?tbm=bks&q=Chennai%20Institute%20of%20Asian%20Studies%201991%20%E2%80%94%20Tamil%20traditions%20on%20Suhrahmanya%20-%20Murugan,
BI_Ch08_54,Note,8,Chapter 8: Digesting Hinduism into ‘Dravidian’ Christianity,54,Book/Print,"(Zvelebil, 1991, 89)",BI_B1040,BI_Ch08_54_Tamil-Traditions_Chennai-Institute-of-Asian-Studies,"— Tamil traditions on Suhrahmanya - Murugan. Chennai: Institute of Asian Studies, 1991.",,,,To do,,,,89,https://www.google.com/search?tbm=bks&q=Chennai%20Institute%20of%20Asian%20Studies%201991%20%E2%80%94%20Tamil%20traditions%20on%20Suhrahmanya%20-%20Murugan,
BI_Ch08_55,Note,8,Chapter 8: Digesting Hinduism into ‘Dravidian’ Christianity,55,Book/Print,"(Zvelebil, 1991, 89)",BI_B1040,BI_Ch08_55_Tamil-Traditions_Chennai-Institute-of-Asian-Studies,"— Tamil traditions on Suhrahmanya - Murugan. Chennai: Institute of Asian Studies, 1991.",,,,To do,,,,89,https://www.google.com/search?tbm=bks&q=Chennai%20Institute%20of%20Asian%20Studies%201991%20%E2%80%94%20Tamil%20traditions%20on%20Suhrahmanya%20-%20Murugan,
BI_Ch08_56,Note,8,Chapter 8: Digesting Hinduism into ‘Dravidian’ Christianity,56,URL,"For example: (Harrigan, Living Heritage 2000:2009) and (Harrigan, Homes 2005:2009)",BI_B320,BI_Ch08_56_Living-Heritage_2000-2009,— ‘ Living Heritage’. 2000:2009. http://livingheritage.org/index.html (accessed 10 January 2009).,http://livingheritage.org/index.html,,,On OneDrive,,BI_B320_Living-Heritage_2000-2009_livingheritage-org.pdf,https://1drv.ms/b/c/ACD215A5F926CFCE/IQD0dZysc05RQLtHTf8BwgDGAZNLnnLVHohmgF-s0-2qKWM?download=1,2009,,[match: author+title] | Page saved as PDF (cover page + copy) from live page on 2026-10-08
BI_Ch08_57,Note,8,Chapter 8: Digesting Hinduism into ‘Dravidian’ Christianity,57,URL,"(Harrigan, 2001) Harrigan is viewed as an important authority on Tamil Studies worldwide, as evidenced by the fact that in 1999 he authors a report for IAS, proposing Tamil Virtual University to the government. His report surveyed eight universities in the United States having Tamil studies.",BI_B318,BI_Ch08_57_Harrigan_Curriculum-Vitae-of-Patrick-Harrigan,"Harrigan, Patrick. Curriculum Vitae of Patrick Harrigan. 2001. http://murugan.org/PatrickHarriganResume.htm (accessed 10 January 2009).",http://murugan.org/PatrickHarriganResume.htm,,,On OneDrive,,BI_B318_Harrigan_Curriculum-Vitae-of-Patrick-Harrigan_murugan-org.pdf,https://1drv.ms/b/c/ACD215A5F926CFCE/IQAbcQyS31TURb_kQSe_T3wfASPlh4NWPO9rd8nVRd9-KWI?download=1,,,Page saved as PDF (cover page + copy) from live page on 2026-10-08
BI_Ch08_58,Note,8,Chapter 8: Digesting Hinduism into ‘Dravidian’ Christianity,58,Unlinked note,He is the Son of Siva and a martial God as well as God of Gnosis. The high popularity this form of worship enjoys in Tamil Nadu has made it specially marked for Christian appropriation. Repeated attempts have been made to appropriate this worship tradition by the Church.,,BI_Ch08_58,,,,,To do,,,,,,"No source matched: either a comment by the author, or a source to identify by hand"
BI_Ch08_59,Note,8,Chapter 8: Digesting Hinduism into ‘Dravidian’ Christianity,59,URL,"(Hinduism Today^ May-1999). This was modified in (murugan.org, 2001)",BI_B551,BI_Ch08_59_Murugan_Meet-on-Murugan-Hinduism-Today,"murugan.org. Meet on Murugan: Hinduism Today, May 1999. ‘Murugan Bhakthi: Skanda Kumara Super Site’. 1 February 2001. http://www.murugan.org/evnts/nt_may99_article.htm (accessed 10 January 2009).",http://www.murugan.org/evnts/nt_may99_article.htm,,,To do,,,,,,[match: author+title] | download failed - live page: web server answered HTTP 404 | download failed - live page: web server answered HTTP 404
BI_Ch08_60,Note,8,Chapter 8: Digesting Hinduism into ‘Dravidian’ Christianity,60,Book/Print,"(Samuel, 2001, 58-60), translated and quoted in (Detvanayagam. M and Devakala. D, 2005, 6-7)",BI_B711,BI_Ch08_60_Samuel_2001,"Samuel, John G, St Thomas Who Came to Tamil Nadu (Tamil). 2001.",,,,To do,,,,58,https://www.google.com/search?tbm=bks&q=2001%20Samuel,
BI_Ch08_61,Note,8,Chapter 8: Digesting Hinduism into ‘Dravidian’ Christianity,61,Book/Print,"(Rocher, 1984, 7)",BI_B700,BI_Ch08_61_Rocher_Ezour-Vedam-A-Trench-Veda-of-the,"Rocher, Ludo. Ezour Vedam: A Trench Veda of the Eighteenth Century. John Benjamins Publishing Company, 1984.",,,,To do,,,,7,https://www.google.com/search?tbm=bks&q=Ezour%20Vedam%20A%20Trench%20Veda%20of%20the%20Eighteenth%20Century%20Rocher,
BI_Ch08_62,Note,8,Chapter 8: Digesting Hinduism into ‘Dravidian’ Christianity,62,Book/Print,"(Rocher, 1984, 13)",BI_B700,BI_Ch08_62_Rocher_Ezour-Vedam-A-Trench-Veda-of-the,"Rocher, Ludo. Ezour Vedam: A Trench Veda of the Eighteenth Century. John Benjamins Publishing Company, 1984.",,,,To do,,,,13,https://www.google.com/search?tbm=bks&q=Ezour%20Vedam%20A%20Trench%20Veda%20of%20the%20Eighteenth%20Century%20Rocher,
BI_Ch08_63,Note,8,Chapter 8: Digesting Hinduism into ‘Dravidian’ Christianity,63,Book/Print,"(Rocher, 1984, 35)",BI_B700,BI_Ch08_63_Rocher_Ezour-Vedam-A-Trench-Veda-of-the,"Rocher, Ludo. Ezour Vedam: A Trench Veda of the Eighteenth Century. John Benjamins Publishing Company, 1984.",,,,To do,,,,35,https://www.google.com/search?tbm=bks&q=Ezour%20Vedam%20A%20Trench%20Veda%20of%20the%20Eighteenth%20Century%20Rocher,
BI_Ch08_64,Note,8,Chapter 8: Digesting Hinduism into ‘Dravidian’ Christianity,64,Book/Print,"(Vasanthakumar. M.S., 2000, 5-20)",BI_B905,BI_Ch08_64_Vasanthakumar_Expound-Christ-from-Non-Christian-Texts,"Vasanthakumar, M.S. ‘Expound Christ from Non-Christian Texts’. Dharma Deepika, July-December 2000.",,,,To do,,,,5,https://www.google.com/search?tbm=bks&q=Expound%20Christ%20from%20Non%20Christian%20Texts%20Dharma%20Deepika%20July%20Vasanthakumar,
BI_Ch08_65,Note,8,Chapter 8: Digesting Hinduism into ‘Dravidian’ Christianity,65,URL,"(Prajapathi.Net, Prajapathi Alleluia Prayer Fellowship, About us, 2007)",BI_B636,BI_Ch08_65_Prajapathi_Prajapathi-Alleluia-Prayer-Fellowship-About-us,Prajapathi.Net. Prajapathi Alleluia Prayer Fellowship About us. 2007. http://prajapathi.net/Aboutus.html (accessed September 2009).,http://prajapathi.net/Aboutus.html,,,To do,,,,,,[match: author+title] | download failed - live page: Page.goto: net::ERR_NAME_NOT_RESOLVED at http://prajapathi.net/Aboutus | download failed - live page: Page.goto: net::ERR_NAME_NOT_RESOLVED at http://prajapathi.net/Aboutus
BI_Ch08_66,Note,8,Chapter 8: Digesting Hinduism into ‘Dravidian’ Christianity,66,URL,"(Prajapathi.Net, 2007)",BI_B636,BI_Ch08_66_Prajapathi_Prajapathi-Alleluia-Prayer-Fellowship-About-us,Prajapathi.Net. Prajapathi Alleluia Prayer Fellowship About us. 2007. http://prajapathi.net/Aboutus.html (accessed September 2009).,http://prajapathi.net/Aboutus.html,,,To do,,,,,,Also cites: BI_B637 | download failed - live page: Page.goto: net::ERR_NAME_NOT_RESOLVED at http://prajapathi.net/Aboutus | download failed - live page: Page.goto: net::ERR_NAME_NOT_RESOLVED at http://prajapathi.net/Aboutus
BI_Ch08_67,Note,8,Chapter 8: Digesting Hinduism into ‘Dravidian’ Christianity,67,URL,Testimony - Sadhu Chellappa: http://www.agniministries.org/Testimony. aspx,,BI_Ch08_67_agniministries-org_Testimony,,http://www.agniministries.org/Testimony,,,To do,,,,,,"No source matched: either a comment by the author, or a source to identify by hand | download failed - live page: Page.goto: net::ERR_NAME_NOT_RESOLVED at http://www.agniministries.org | download failed - live page: Page.goto: net::ERR_NAME_NOT_RESOLVED at http://www.agniministries.org"
BI_Ch08_68,Note,8,Chapter 8: Digesting Hinduism into ‘Dravidian’ Christianity,68,Social post,Christian Hoax: Police action http://www.youtube.com/watch ?v=eY CCbU 1 kyB4,BI_B330,BI_Ch08_68_Hindu-Humanist_Youtube,"Hindu Humanist ‘Agony of Tamil Hindus in Kanyakumari district’. Youtube, com. 26 March 2006. http://www.youtube.com/watch ?v=i0gkDl 6-._GY (accessed 27 March 2006).",http://www.youtube.com/watch?v=i0gkD16-_GY,https://web.archive.org/web/20260421052606/https://www.youtube.com/watch?v=i0gkD16-_GY,Snapshot found,On OneDrive,,BI_B330_Hindu-Humanist_Youtube_youtube-com.pdf,https://1drv.ms/b/c/ACD215A5F926CFCE/IQCGBUAcGg1PTJHZ9IvHNkp5AfqoKggYgtQGEHgfHMe0f1Y?download=1,,,[match: same web address] | Web address corrected from the earlier audit (the book's text read: http://www.youtube.com/watch) | Page saved as PDF (cover page + copy) from live page on 2026-10-08
BI_Ch08_69,Note,8,Chapter 8: Digesting Hinduism into ‘Dravidian’ Christianity,69,Book/Print,(IANS 9 October 2008),BI_B352,BI_Ch08_69_Ians_Children-in-Kerala-Initiated-into-The-World,"IANS. ‘Children in Kerala Initiated into The World of Letters’. News, 9 October 2008.",,,,To do,,,,,https://www.google.com/search?tbm=bks&q=Children%20in%20Kerala%20Initiated%20into%20The%20World%20of%20Letters%20IANS,Also cites: BI_B354
BI_Ch08_70,Note,8,Chapter 8: Digesting Hinduism into ‘Dravidian’ Christianity,70,URL,"(Jeyamohan. B., 2009)",BI_B404,BI_Ch08_70_Jeyamohan_Malayala-Manorama,"Jeyamohan, B. Malayala Manorama (Malayalam) report September 2009 translated to Tamil as ‘'Christian Vijayad tsami”’. 18 September 2009. http://jeyamohan.in/?p=4434 ^accessed 10 October 2009).",http://jeyamohan.in/?p=4434,https://web.archive.org/web/20130530035902/http://www.jeyamohan.in/?p=4434,Snapshot found,On OneDrive,,BI_B404_Jeyamohan_Malayala-Manorama_jeyamohan-in.pdf,https://1drv.ms/b/c/ACD215A5F926CFCE/IQBPcHzF9rdvQ7LkzF8lj57pAX7fLxz-qUMqDExqyiW-GO8?download=1,,,Page saved as PDF (cover page + copy) from live page on 2026-10-08
BI_Ch08_71,Note,8,Chapter 8: Digesting Hinduism into ‘Dravidian’ Christianity,71,Book/Print,"(Arundale, 2004, 12)",BI_B044,BI_Ch08_71_Some-Selected_Chennai-Kalakshetra-Foundation,"— Some Selected Speeches and Writings of Rukmini Devi Arundale -Vol-I. Chennai: Kalakshetra Foundation, 2004.",,,,To do,,,,12,https://www.google.com/search?tbm=bks&q=Chennai%20Kalakshetra%20Foundation%202004%20%E2%80%94%20Some%20Selected%20Speeches%20and%20Writings%20of%20Rukmini%20Devi%20Arundale%20-Vol-I,
BI_Ch08_72,Note,8,Chapter 8: Digesting Hinduism into ‘Dravidian’ Christianity,72,Unlinked note,"Diverse tribal communities across the Indian subcontinent that already had their own sacred dance traditions (much like the Amerindians), readily attached themselves to this refined and codified trunk that was subsequently embodied in Bharata Natyam, giving rise to unique syntheses like the Manipuri, Kathakali, etc., dance traditions. Among the Newars of the Kathmandu Valley, the Buddhist gardener caste that performed the Bhairava dances annually to renew the Nepali kingdom worshipped Nasa-Dyah (Nataraja) for their patron deity. The point here is that these conscious adaptations served to enrich and even expand the Indie mainstream without aiming to systematically undermine and subvert it to further a religio-political agenda.",,BI_Ch08_72,,,,,To do,,,,,,"No source matched: either a comment by the author, or a source to identify by hand"
BI_Ch08_73,Note,8,Chapter 8: Digesting Hinduism into ‘Dravidian’ Christianity,73,Book/Print,"(Coomaraswamy. 1985, 94-95)",BI_B138,BI_Ch08_73_Coomaraswamy_The-Dance-of-Shiva,"Coomaraswamy, Ananda K. The Dance of Shiva. Courier Dover, 1985.",,,,To do,,,,94,https://www.google.com/search?tbm=bks&q=The%20Dance%20of%20Shiva%20Courier%20Dover%201985%20Coomaraswamy,
BI_Ch08_74,Note,8,Chapter 8: Digesting Hinduism into ‘Dravidian’ Christianity,74,Book/Print,"(Capra, 2000, 245)",BI_B111,BI_Ch08_74_Capra_The-Tao-of-Physics-An-Exploration-of,"Capra, Fritjof. The Tao of Physics: An Exploration of the Parallels between Modern Physics and Eastern Mysticism. Shambhala, 2000.",,,,To do,,,,245,https://www.google.com/search?tbm=bks&q=The%20Tao%20of%20Physics%20An%20Exploration%20of%20the%20Parallels%20Capra,
BI_Ch08_75,Note,8,Chapter 8: Digesting Hinduism into ‘Dravidian’ Christianity,75,Book/Print,"(Sagan, 1980, 214)",BI_B705,BI_Ch08_75_Sagan_Cosmos,"Sagan, Carl. ‘Cosmos’. Ballantine, 1980.",,,,To do,,,,214,https://www.google.com/search?tbm=bks&q=Cosmos%20Ballantine%201980%20Sagan,
BI_Ch08_76,Note,8,Chapter 8: Digesting Hinduism into ‘Dravidian’ Christianity,76,Book/Print,"(Arundale, 1954)",BI_B043,BI_Ch08_76_Arundale_Philosophy-of-Dance,"Arundale, Rukmini Devi. ‘Philosophy of Dance’. All India Radio, April 14, 1954.",,,,To do,,,,,https://www.google.com/search?tbm=bks&q=Philosophy%20of%20Dance%20All%20India%20Radio%20April%2014%201954%20Arundale,
BI_Ch08_77,Note,8,Chapter 8: Digesting Hinduism into ‘Dravidian’ Christianity,77,Unlinked note,"One of the most vocal champions for the abolition of the system was Dr Muthulakshmi Reddy (1886-1968) the first female doctor of Madras Presidency, an advocate for women’s rights, as associate of Mahatma Gandhi, and a member of the legislature who worked for the abolishment of the devadasi system in 1929.",,BI_Ch08_77,,,,,To do,,,,,,"No source matched: either a comment by the author, or a source to identify by hand"
BI_Ch08_78,Note,8,Chapter 8: Digesting Hinduism into ‘Dravidian’ Christianity,78,Book/Print,"Quotes excerpted from (Hinduism Today Archives, 1993). It is true tha t with the loss of royal and other forms of social patronage dating from (in many areas, even before) British times, many of these institutions had sunk to a depraved level indistinguishable from prostitution (with possible elements of coercion, given the patriarchal social structure). However, this was part of a more generalized decadence that could be seen also in the greedy behavior of temple priests at pilgrimage sites due to the same loss of patronage. Just as Bharata Natyam has long since regained its status worldwide, so too w ell-trained priests have now regained their status in the temples of the Hindu diaspora and in the better maintained temples of India,",BI_B332,BI_Ch08_78_Devadasis-Outlawed_Hinduism-Today,"— ‘Devadasis Outlawed as Harlots’. Hinduism Today, December 1993.",,,,To do,,,,,https://www.google.com/search?tbm=bks&q=Hinduism%20Today%20December%201993%20%E2%80%94%20%E2%80%98Devadasis%20Outlawed%20as%20Harlots%E2%80%99,
BI_Ch08_79,Note,8,Chapter 8: Digesting Hinduism into ‘Dravidian’ Christianity,79,Book/Print,(Hinduism Today Archives 1993).,BI_B332,BI_Ch08_79_Devadasis-Outlawed_Hinduism-Today,"— ‘Devadasis Outlawed as Harlots’. Hinduism Today, December 1993.",,,,To do,,,,,https://www.google.com/search?tbm=bks&q=Hinduism%20Today%20December%201993%20%E2%80%94%20%E2%80%98Devadasis%20Outlawed%20as%20Harlots%E2%80%99,
BI_Ch08_80,Note,8,Chapter 8: Digesting Hinduism into ‘Dravidian’ Christianity,80,Book/Print,"(Rao, Ramamirthammal and Kannablran, 2003, 210)",BI_B676,BI_Ch08_80_Rao_Muvalur-RamamirthammaVs-Web-of-Deceit,"Rao, Anupama, Muvalar Ramamirthammal, and Kalpana Kannabir n. Muvalur RamamirthammaVs Web of Deceit. Kali for Women (Organization), 2003.",,,,To do,,,,210,https://www.google.com/search?tbm=bks&q=Muvalur%20RamamirthammaVs%20Web%20of%20Deceit%20Kali%20for%20Women%20Organization%20Rao,
BI_Ch08_81,Note,8,Chapter 8: Digesting Hinduism into ‘Dravidian’ Christianity,81,Unlinked note,"For example, western anthropologists (like Frederique iVppfel Marglin) have not just learned Hindu classical dance (the closely-related Odissi form) but have also lived with and given very sympathetic accounts of the daily lives and values of the devadasis. The Tantric inspiration behind these dance traditions, which w^ere earlier the object of so much Christian-inspired censure, has become a badge of honor.",,BI_Ch08_81,,,,,To do,,,,,,"No source matched: either a comment by the author, or a source to identify by hand"
BI_Ch08_82,Note,8,Chapter 8: Digesting Hinduism into ‘Dravidian’ Christianity,82,URL,"Dr Francis Barboza, who later invented Christian Mudras in Bharata Natyam. was instructed in the dance form by two Hindus, Guru Kubernath Tanjorkar and Ptof C.V. Chandrasekhar. (Barboza, 2003) Father Saju Georgt^, a Jesuit priest, was instructed by Sri K Rajkuinar, Khagendra Nath Barman, Padmashri Leela Samson, Nadabrahraam Prof C. V. Chandrasekhar (all from Kalakshetra, Chennai) and Padmabhushan Kalanidhi Narayanan and Kalaimamani Priyadarshini Govind. Of these Gurus, Leela Samson is a Christian. (Kalai Kaveri 2 006) Leela Thompson was instructed by the very founder of Kalakshetra Rukmini Arundale and Sharada teacher, another talented Bharata Natyam gurus of Kalakshetra. Rani David, daughter of an evangelical fundamentalist, was instructed by Shri Shanmugasundaram in the Tanjore style, and later by Sm t Myt hili Ragahavan, a direct disciple of Smt Rukmini Arundale of Kalekshetra. She later studied Nattuvangam under Shri Seetharama Sharma and Shri ‘Adyar’ Lakshman. (R. David, 2004:)",BI_B056,BI_Ch08_82_Barboza_Experiencing-C-hristianity-i-n-and-through,"Barboza, F rancis. Experiencing C hristianity i n and through Bharata Natyam, March 2003. http://www.drbarboza.com/inrio.htm (accessed 10 April 2008).",http://www.drbarboza.com/inno.htm,,,On OneDrive,,BI_B056_Barboza_Experiencing-C-hristianity-i-n-and-through_drbarboza-com.pdf,https://1drv.ms/b/c/ACD215A5F926CFCE/IQBIcH6TDD5sSZB_Jzj4ovctATiwcHQn9m48thBBRknV1C0?download=1,,,"Also cites: BI_B058, BI_B165, BI_B166, BI_B267, BI_B418, BI_B419 | Web address corrected from the earlier audit (the book's text read: http://www.drbarboza.com/inrio.htm) | Page saved as PDF (cover page + copy) from live page on 2026-10-08"
BI_Ch08_83,Note,8,Chapter 8: Digesting Hinduism into ‘Dravidian’ Christianity,83,URL,"(Barboza, 2003)",BI_B056,BI_Ch08_83_Barboza_Experiencing-C-hristianity-i-n-and-through,"Barboza, F rancis. Experiencing C hristianity i n and through Bharata Natyam, March 2003. http://www.drbarboza.com/inrio.htm (accessed 10 April 2008).",http://www.drbarboza.com/inno.htm,,,On OneDrive,,BI_B056_Barboza_Experiencing-C-hristianity-i-n-and-through_drbarboza-com.pdf,https://1drv.ms/b/c/ACD215A5F926CFCE/IQBIcH6TDD5sSZB_Jzj4ovctATiwcHQn9m48thBBRknV1C0?download=1,,,Also cites: BI_B058 | Web address corrected from the earlier audit (the book's text read: http://www.drbarboza.com/inrio.htm) | Page saved as PDF (cover page + copy) from live page on 2026-10-08
BI_Ch08_84,Note,8,Chapter 8: Digesting Hinduism into ‘Dravidian’ Christianity,84,URL,"(Barboza, 2003)",BI_B056,BI_Ch08_84_Barboza_Experiencing-C-hristianity-i-n-and-through,"Barboza, F rancis. Experiencing C hristianity i n and through Bharata Natyam, March 2003. http://www.drbarboza.com/inrio.htm (accessed 10 April 2008).",http://www.drbarboza.com/inno.htm,,,On OneDrive,,BI_B056_Barboza_Experiencing-C-hristianity-i-n-and-through_drbarboza-com.pdf,https://1drv.ms/b/c/ACD215A5F926CFCE/IQBIcH6TDD5sSZB_Jzj4ovctATiwcHQn9m48thBBRknV1C0?download=1,,,Also cites: BI_B058 | Web address corrected from the earlier audit (the book's text read: http://www.drbarboza.com/inrio.htm) | Page saved as PDF (cover page + copy) from live page on 2026-10-08
BI_Ch08_85,Note,8,Chapter 8: Digesting Hinduism into ‘Dravidian’ Christianity,85,URL,"Gesture presented as representative of Bharata Natyam in (Kalai Kaveri 2004) to be compared with ‘Christian gesture innovated’ in (Barboza, 2002)",BI_B056,BI_Ch08_85_Barboza_Experiencing-C-hristianity-i-n-and-through,"Barboza, F rancis. Experiencing C hristianity i n and through Bharata Natyam, March 2003. http://www.drbarboza.com/inrio.htm (accessed 10 April 2008).",http://www.drbarboza.com/inno.htm,,,On OneDrive,,BI_B056_Barboza_Experiencing-C-hristianity-i-n-and-through_drbarboza-com.pdf,https://1drv.ms/b/c/ACD215A5F926CFCE/IQBIcH6TDD5sSZB_Jzj4ovctATiwcHQn9m48thBBRknV1C0?download=1,,,[match: author+title] | Web address corrected from the earlier audit (the book's text read: http://www.drbarboza.com/inrio.htm) | Page saved as PDF (cover page + copy) from live page on 2026-10-08
BI_Ch08_86,Note,8,Chapter 8: Digesting Hinduism into ‘Dravidian’ Christianity,86,Book/Print,"(Tamil Nadu Govt., 2003-2004)",BI_B771,BI_Ch08_86_Tamil-Nadu_Development-Cullture-and-Religious-Endowments,"Tamil Nadu Govt. ‘Development Cullture and Religious Endowments. Policy Note, Directorate of Culture’. 2003-2004. httpgov.in/policynotes/ archives/policy2003-04/tdc2003-04-3-S.him (accessed 30 August 2009).",,,,To do,,,,,https://www.google.com/search?tbm=bks&q=Development%20Cullture%20and%20Religious%20Endowments%20Policy%20Note%20Directorate%20of%20Tamil%20Nadu%20Govt,
BI_Ch08_87,Note,8,Chapter 8: Digesting Hinduism into ‘Dravidian’ Christianity,87,URL,"(Kalai Kaveri, 2004:2005)",BI_B418,BI_Ch08_87_Kalai-Kaveri_Kalai-Kaveri-Movement-into-Wholeness,Kalai Kaveri. ‘Kalai Kaveri - Movement into Wholeness’. 2004:2005. http://www.kalaikaviri.org.uk/index.htm (accessed 10 August 2009).,http://www.kalaikaviri.org.uk/index.htm,https://web.archive.org/web/20081218125120/http://www.kalaikaviri.org.uk:80/index.htm,Snapshot found,On OneDrive,,BI_B418_Kalai-Kaveri_Kalai-Kaveri-Movement-into-Wholeness_kalaikaviri-org-uk.pdf,https://1drv.ms/b/c/ACD215A5F926CFCE/IQBeKYFrOrNrQbquTBQ3Kz13ATM3wiPMMNZt_jc8mA_YM9o?download=1,2005,,Also cites: BI_B419 | Page saved as PDF (cover page + copy) from Wayback snapshot on 2026-10-08
BI_Ch08_88,Note,8,Chapter 8: Digesting Hinduism into ‘Dravidian’ Christianity,88,URL,"(Stephen. A, 2004)",BI_B752,BI_Ch08_88_Stephen_Indian-Dance-and-Music,"Stephen, A. ‘Indian Dance and Music’. 2004. http://www.kalaikaviri.org.uk/articlel.htm (accessed 10 August 2009).",http://www.kalaikaviri.org.uk/article1.htm,,,To do,,,,,,Web address corrected from the earlier audit (the book's text read: http://www.kalaikaviri.org.uk/articlel.htm) | download failed - live page: Page.goto: net::ERR_NAME_NOT_RESOLVED at http://www.kalaikaviri.org.uk | download failed - live page: Page.goto: net::ERR_NAME_NOT_RESOLVED at http://www.kalaikaviri.org.uk
BI_Ch08_89,Note,8,Chapter 8: Digesting Hinduism into ‘Dravidian’ Christianity,89,URL,"(Stephen. A, 2004)",BI_B752,BI_Ch08_89_Stephen_Indian-Dance-and-Music,"Stephen, A. ‘Indian Dance and Music’. 2004. http://www.kalaikaviri.org.uk/articlel.htm (accessed 10 August 2009).",http://www.kalaikaviri.org.uk/article1.htm,,,To do,,,,,,Web address corrected from the earlier audit (the book's text read: http://www.kalaikaviri.org.uk/articlel.htm) | download failed - live page: Page.goto: net::ERR_NAME_NOT_RESOLVED at http://www.kalaikaviri.org.uk | download failed - live page: Page.goto: net::ERR_NAME_NOT_RESOLVED at http://www.kalaikaviri.org.uk
BI_Ch08_90,Note,8,Chapter 8: Digesting Hinduism into ‘Dravidian’ Christianity,90,URL,"(Kalai Kaveri, 2006)",BI_B420,BI_Ch08_90_Saju_2006,— Saju. 2006. hftp://www.kalaikaviri.org.uk/saju.htm (accessed 10 April 2008).,http://www.kalaikaviri.org.uk/saju.htm,,,To do,,,,,,download failed - live page: Page.goto: net::ERR_NAME_NOT_RESOLVED at http://www.kalaikaviri.org.uk | download failed - live page: Page.goto: net::ERR_NAME_NOT_RESOLVED at http://www.kalaikaviri.org.uk
BI_Ch08_91,Note,8,Chapter 8: Digesting Hinduism into ‘Dravidian’ Christianity,91,Book/Print,"(Arangetram Brochure, 1999)",BI_B033,BI_Ch08_91_Arangetram-Brochure_About-the-Guru,Arangetram Brochure. ‘About the Guru’. 1999.,,,,To do,,,,,https://www.google.com/search?tbm=bks&q=About%20the%20Guru%201999%20Arangetram%20Brochure,
BI_Ch08_92,Note,8,Chapter 8: Digesting Hinduism into ‘Dravidian’ Christianity,92,Book/Print,"(Arangetram Brochure, 1999)",BI_B033,BI_Ch08_92_Arangetram-Brochure_About-the-Guru,Arangetram Brochure. ‘About the Guru’. 1999.,,,,To do,,,,,https://www.google.com/search?tbm=bks&q=About%20the%20Guru%201999%20Arangetram%20Brochure,
BI_Ch08_93,Note,8,Chapter 8: Digesting Hinduism into ‘Dravidian’ Christianity,93,URL,"(R. David, 2004:Dead Link)",BI_B166,BI_Ch08_93_The-Concept_2004-Dead-Link,— ‘The Concept of Christianizing. . . .’ 2004: Dead Link. http://www.ranidevi.com/173KNSChristi anizing.htm (accessed 10 January 2008).,http://www.ranidevi.com/173KNSChristianizing.htm,https://web.archive.org/web/20090102154222/http://www.ranidevi.com:80/173KNSChristianizing.htm,Snapshot found,On OneDrive,,BI_B166_The-Concept_2004-Dead-Link_ranidevi-com.pdf,https://1drv.ms/b/c/ACD215A5F926CFCE/IQAVUPxg7cbbT70Vee4IbHLeAasclrwIXWxTH7WHlxI4d4w?download=1,,,[match: author+title] | Web address corrected from the earlier audit (the book's text read: http://www.ranidevi.com/173KNSChristi) | Page saved as PDF (cover page + copy) from Wayback snapshot on 2026-10-08
BI_Ch08_94,Note,8,Chapter 8: Digesting Hinduism into ‘Dravidian’ Christianity,94,URL,"(R. David, 2004:Dead Link)",BI_B166,BI_Ch08_94_The-Concept_2004-Dead-Link,— ‘The Concept of Christianizing. . . .’ 2004: Dead Link. http://www.ranidevi.com/173KNSChristi anizing.htm (accessed 10 January 2008).,http://www.ranidevi.com/173KNSChristianizing.htm,https://web.archive.org/web/20090102154222/http://www.ranidevi.com:80/173KNSChristianizing.htm,Snapshot found,On OneDrive,,BI_B166_The-Concept_2004-Dead-Link_ranidevi-com.pdf,https://1drv.ms/b/c/ACD215A5F926CFCE/IQAVUPxg7cbbT70Vee4IbHLeAasclrwIXWxTH7WHlxI4d4w?download=1,,,[match: author+title] | Web address corrected from the earlier audit (the book's text read: http://www.ranidevi.com/173KNSChristi) | Page saved as PDF (cover page + copy) from Wayback snapshot on 2026-10-08
BI_Ch08_95,Note,8,Chapter 8: Digesting Hinduism into ‘Dravidian’ Christianity,95,Unlinked note,"Thus, Sufi-inspired syncretism in India has focused on rasa and dhvani theory as applied to poetry and music rather than to dance, which had to be ‘secularized’ into Kathak t o e njoy widespread patronage (the trance- inducing satna dances have little of the representational or aesthetic dimension of Indian classical dance). However, many among the Muslim audiences and patrons (e.g., in Awadh) could appreciate (at least at the aesthetic level), and despite the apparent contradiction, the backdrop of Hindu mythology with its various deities (esp., the already ‘secularized’ Krishna). Because of this acknowledged incompatibility, there has been no attempt to Islamize (as opposed to ‘secularize’) Kathak.",,BI_Ch08_95,,,,,To do,,,,,,"No source matched: either a comment by the author, or a source to identify by hand"
BI_Ch08_96,Note,8,Chapter 8: Digesting Hinduism into ‘Dravidian’ Christianity,96,URL,"(R. David, 2004: Dead Link) Since the middle of 2009 the website has expired. However, the pseudo- historic narrative attempted by Rani Dayid for Christianizing Bharata Natyam has been approvingly displayed in a prominent Indian dance portal, www.narthaki.com, which is run by a prominent dancer named Anita Ratnam.",BI_B166,BI_Ch08_96_The-Concept_2004-Dead-Link,— ‘The Concept of Christianizing. . . .’ 2004: Dead Link. http://www.ranidevi.com/173KNSChristi anizing.htm (accessed 10 January 2008).,http://www.ranidevi.com/173KNSChristianizing.htm,https://web.archive.org/web/20090102154222/http://www.ranidevi.com:80/173KNSChristianizing.htm,Snapshot found,On OneDrive,,BI_B166_The-Concept_2004-Dead-Link_ranidevi-com.pdf,https://1drv.ms/b/c/ACD215A5F926CFCE/IQAVUPxg7cbbT70Vee4IbHLeAasclrwIXWxTH7WHlxI4d4w?download=1,,,[match: author+title] | Web address corrected from the earlier audit (the book's text read: http://www.ranidevi.com/173KNSChristi) | Page saved as PDF (cover page + copy) from Wayback snapshot on 2026-10-08
BI_Ch08_97,Note,8,Chapter 8: Digesting Hinduism into ‘Dravidian’ Christianity,97,URL,"(www.narthaki.com, 2007)",BI_B989,BI_Ch08_97_Www_Review-of-Maryland-Dance-Festival,www.narthaki.com. Review of Maryland Dance Festival. 2007. http://www.narthaki.com/info/rev07/rev479.htrnl (accessed 19 September 2009). www.nerve.in. ‘India Slams European Parliament Resolution on Dalitsk February 2007. http://www.nerve.in/news:25350032769 (accessed 10 January 2009).,http://www.narthaki.com | http://www.narthaki.com/info/rev07/rev479.htrnl | http://www.nerve.in | http://www.nerve.in/news:25350032769,,,On OneDrive,,BI_B989_Www_Review-of-Maryland-Dance-Festival_narthaki-com.pdf,https://1drv.ms/b/c/ACD215A5F926CFCE/IQCPa58FG85HS4WBFpVAGMJQASo6Vm36ZS08ANjXIprKk18?download=1,,,Page saved as PDF (cover page + copy) from live page on 2026-10-08
BI_Ch08_98,Note,8,Chapter 8: Digesting Hinduism into ‘Dravidian’ Christianity,98,Book/Print,"(Arundale, 2004, 20)",BI_B044,BI_Ch08_98_Some-Selected_Chennai-Kalakshetra-Foundation,"— Some Selected Speeches and Writings of Rukmini Devi Arundale -Vol-I. Chennai: Kalakshetra Foundation, 2004.",,,,To do,,,,20,https://www.google.com/search?tbm=bks&q=Chennai%20Kalakshetra%20Foundation%202004%20%E2%80%94%20Some%20Selected%20Speeches%20and%20Writings%20of%20Rukmini%20Devi%20Arundale%20-Vol-I,
BI_Ch08_99,Note,8,Chapter 8: Digesting Hinduism into ‘Dravidian’ Christianity,99,Unlinked note,"(Sruthi, (Jan 1996) 2005, 56)",,BI_Ch08_99,,,,,To do,,,,,,"No source matched: either a comment by the author, or a source to identify by hand"
BI_Ch08_100,Note,8,Chapter 8: Digesting Hinduism into ‘Dravidian’ Christianity,100,Unlinked note,"(Anantha A’ikatan, 20 December 2006)",,BI_Ch08_100,,,,,To do,,,,,,"No source matched: either a comment by the author, or a source to identify by hand"
BI_Ch08_101,Note,8,Chapter 8: Digesting Hinduism into ‘Dravidian’ Christianity,101,Book/Print,"(Deivamuthu. P, 2007)",BI_B176,BI_Ch08_101_Deivamuthu_Anti-Hindu-activities-at-Kalakshetra,"Deivamuthu, P. ‘Anti-Hindu activities at Kalakshetra, Chennai’. Hindu Voice, 8 April 2007.",,,,To do,,,,,https://www.google.com/search?tbm=bks&q=Anti%20Hindu%20activities%20at%20Kalakshetra%20Chennai%20Hindu%20Voice%208%20Deivamuthu,Also cites: BI_B177
BI_Ch08_102,Note,8,Chapter 8: Digesting Hinduism into ‘Dravidian’ Christianity,102,Unlinked note,(Prakriti Foundc.tion 2006),,BI_Ch08_102,,,,,To do,,,,,,"No source matched: either a comment by the author, or a source to identify by hand"
BI_Ch08_103,Note,8,Chapter 8: Digesting Hinduism into ‘Dravidian’ Christianity,103,Book/Print,"(Arundale, 2004, 185)",BI_B044,BI_Ch08_103_Some-Selected_Chennai-Kalakshetra-Foundation,"— Some Selected Speeches and Writings of Rukmini Devi Arundale -Vol-I. Chennai: Kalakshetra Foundation, 2004.",,,,To do,,,,185,https://www.google.com/search?tbm=bks&q=Chennai%20Kalakshetra%20Foundation%202004%20%E2%80%94%20Some%20Selected%20Speeches%20and%20Writings%20of%20Rukmini%20Devi%20Arundale%20-Vol-I,
BI_Ch08_104,Note,8,Chapter 8: Digesting Hinduism into ‘Dravidian’ Christianity,104,Book/Print,"(Arundale, 2004, 148-9)",BI_B044,BI_Ch08_104_Some-Selected_Chennai-Kalakshetra-Foundation,"— Some Selected Speeches and Writings of Rukmini Devi Arundale -Vol-I. Chennai: Kalakshetra Foundation, 2004.",,,,To do,,,,148,https://www.google.com/search?tbm=bks&q=Chennai%20Kalakshetra%20Foundation%202004%20%E2%80%94%20Some%20Selected%20Speeches%20and%20Writings%20of%20Rukmini%20Devi%20Arundale%20-Vol-I,
BI_Ch08_105,Note,8,Chapter 8: Digesting Hinduism into ‘Dravidian’ Christianity,105,Book/Print,"(Deivamuthu. P, 2007)",BI_B176,BI_Ch08_105_Deivamuthu_Anti-Hindu-activities-at-Kalakshetra,"Deivamuthu, P. ‘Anti-Hindu activities at Kalakshetra, Chennai’. Hindu Voice, 8 April 2007.",,,,To do,,,,,https://www.google.com/search?tbm=bks&q=Anti%20Hindu%20activities%20at%20Kalakshetra%20Chennai%20Hindu%20Voice%208%20Deivamuthu,Also cites: BI_B177
BI_Ch08_106,Note,8,Chapter 8: Digesting Hinduism into ‘Dravidian’ Christianity,106,URL,"(Samson, 2004)",BI_B710,BI_Ch08_106_Samson_History-And-Myths-of-Indian-Classical-Dances,"Samson, Leela. ‘History And Myths of Indian Classical Dances’. August 2004. http://www. 4to40.com/discoverindia/index.asp ?articie=discoverii]dia_ historyandmyth (accessed 10 April 2008).",http://www.4to40.com/discoverindia/index.asp?article=discoverindia_historyandmyth,,,To do,,,,,,Web address corrected from the earlier audit (the book's text read: http://www) | download failed - live page: web server answered HTTP 404 | download failed - live page: web server answered HTTP 404
BI_Ch08_107,Note,8,Chapter 8: Digesting Hinduism into ‘Dravidian’ Christianity,107,Book/Print,"(Arundale, 2004, 186)",BI_B044,BI_Ch08_107_Some-Selected_Chennai-Kalakshetra-Foundation,"— Some Selected Speeches and Writings of Rukmini Devi Arundale -Vol-I. Chennai: Kalakshetra Foundation, 2004.",,,,To do,,,,186,https://www.google.com/search?tbm=bks&q=Chennai%20Kalakshetra%20Foundation%202004%20%E2%80%94%20Some%20Selected%20Speeches%20and%20Writings%20of%20Rukmini%20Devi%20Arundale%20-Vol-I,
BI_Ch08_108,Note,8,Chapter 8: Digesting Hinduism into ‘Dravidian’ Christianity,108,Book/Print,"(Arundale, 2004, 117)",BI_B044,BI_Ch08_108_Some-Selected_Chennai-Kalakshetra-Foundation,"— Some Selected Speeches and Writings of Rukmini Devi Arundale -Vol-I. Chennai: Kalakshetra Foundation, 2004.",,,,To do,,,,117,https://www.google.com/search?tbm=bks&q=Chennai%20Kalakshetra%20Foundation%202004%20%E2%80%94%20Some%20Selected%20Speeches%20and%20Writings%20of%20Rukmini%20Devi%20Arundale%20-Vol-I,
BI_Ch08_109,Note,8,Chapter 8: Digesting Hinduism into ‘Dravidian’ Christianity,109,Book/Print,"(Arundale, 2004, 147)",BI_B044,BI_Ch08_109_Some-Selected_Chennai-Kalakshetra-Foundation,"— Some Selected Speeches and Writings of Rukmini Devi Arundale -Vol-I. Chennai: Kalakshetra Foundation, 2004.",,,,To do,,,,147,https://www.google.com/search?tbm=bks&q=Chennai%20Kalakshetra%20Foundation%202004%20%E2%80%94%20Some%20Selected%20Speeches%20and%20Writings%20of%20Rukmini%20Devi%20Arundale%20-Vol-I,
BI_Ch08_110,Note,8,Chapter 8: Digesting Hinduism into ‘Dravidian’ Christianity,110,Book/Print,"(Lourdu. S.D, 1997, 152)",BI_B473,BI_Ch08_110_Lourdu_Nattar-Vazhakatriyal-Sila-AdipadaikaP,"Lourdu, S.D. Nattar Vazhakatriyal Sila AdipadaikaP (Folklore Studies Some Funadamenta^.s) [Tamil]. Pall)'amkottai: Folklore Research Center, St Xavier Autonomus College, 1997.",,,,To do,,,,152,https://www.google.com/search?tbm=bks&q=Nattar%20Vazhakatriyal%20Sila%20AdipadaikaP%20Folklore%20Studies%20Some%20Funadamenta%20s%20Lourdu,
BI_Ch08_111,Note,8,Chapter 8: Digesting Hinduism into ‘Dravidian’ Christianity,111,Book/Print,"(Lourdu. S.D, 1997, 165) The attempt to equate Jesus and Murugan is not just a stray academic attempt limited to Lourdu. There is a systematic attempt by the Catholic Church to appropriate uniquely Hindu symbols so as to confuse popular Hindu Deities with Jesus. For example, in the altar of San Thome Church at Chennai, Jesus is depicted as standing on a lotus surrounded by two peacocks. Peacocks by the side of a deity in Tamil Hindu iconography is unique to Lord Murugan.",BI_B473,BI_Ch08_111_Lourdu_Nattar-Vazhakatriyal-Sila-AdipadaikaP,"Lourdu, S.D. Nattar Vazhakatriyal Sila AdipadaikaP (Folklore Studies Some Funadamenta^.s) [Tamil]. Pall)'amkottai: Folklore Research Center, St Xavier Autonomus College, 1997.",,,,To do,,,,165,https://www.google.com/search?tbm=bks&q=Nattar%20Vazhakatriyal%20Sila%20AdipadaikaP%20Folklore%20Studies%20Some%20Funadamenta%20s%20Lourdu,
BI_Ch08_112,Note,8,Chapter 8: Digesting Hinduism into ‘Dravidian’ Christianity,112,Book/Print,"(Lourdu. S.D, 1997, 165)",BI_B473,BI_Ch08_112_Lourdu_Nattar-Vazhakatriyal-Sila-AdipadaikaP,"Lourdu, S.D. Nattar Vazhakatriyal Sila AdipadaikaP (Folklore Studies Some Funadamenta^.s) [Tamil]. Pall)'amkottai: Folklore Research Center, St Xavier Autonomus College, 1997.",,,,To do,,,,165,https://www.google.com/search?tbm=bks&q=Nattar%20Vazhakatriyal%20Sila%20AdipadaikaP%20Folklore%20Studies%20Some%20Funadamenta%20s%20Lourdu,
BI_Ch08_113,Note,8,Chapter 8: Digesting Hinduism into ‘Dravidian’ Christianity,113,Book/Print,"(Lourdu. S.D, 1997, 321) The book was published by the folklore department of St Xavier autonomous college, with aid from Ford Foundation for the commemoration of the golden jubilee of Indian independence.",BI_B473,BI_Ch08_113_Lourdu_Nattar-Vazhakatriyal-Sila-AdipadaikaP,"Lourdu, S.D. Nattar Vazhakatriyal Sila AdipadaikaP (Folklore Studies Some Funadamenta^.s) [Tamil]. Pall)'amkottai: Folklore Research Center, St Xavier Autonomus College, 1997.",,,,To do,,,,321,https://www.google.com/search?tbm=bks&q=Nattar%20Vazhakatriyal%20Sila%20AdipadaikaP%20Folklore%20Studies%20Some%20Funadamenta%20s%20Lourdu,
BI_Ch09_01,Note,9,Chapter 9: Propagation of ‘Dravidian’ Christianity,1,Book/Print,"(Tamil.net, 2000)",BI_B774,BI_Ch09_01_Tamil_Dravidian-Religion,"Tamil.Net. ‘Dravidian Religion’. May 2000. Ilttp://tamil.net/list/2000-05/ msg00387.html (accessed 21 August, 2003).",,,,To do,,,,,https://www.google.com/search?tbm=bks&q=Dravidian%20Religion%20May%202000%20Ilttp%20tamil%20net%20list%202000%20Tamil.Net,
BI_Ch09_02,Note,9,Chapter 9: Propagation of ‘Dravidian’ Christianity,2,Book/Print,"(Deivanayagam. M, and Devakala. D, 2001)",BI_B184,BI_Ch09_02_International-Racism_Chennai-Dravidian-Religion-Trust,"— ‘International Racism is the Child of India’s Casteism’. Chennai: Dravidian Religion Trust, 2001.",,,,To do,,,,,https://www.google.com/search?tbm=bks&q=Chennai%20Dravidian%20Religion%20Trust%202001%20%E2%80%94%20%E2%80%98International%20Racism%20is%20the%20Child%20of%20India%E2%80%99s%20Casteism%E2%80%99,
BI_Ch09_03,Note,9,Chapter 9: Propagation of ‘Dravidian’ Christianity,3,Book/Print,"(Deivanayagam. M, and Devakala. D, 2001, 23)",BI_B184,BI_Ch09_03_International-Racism_Chennai-Dravidian-Religion-Trust,"— ‘International Racism is the Child of India’s Casteism’. Chennai: Dravidian Religion Trust, 2001.",,,,To do,,,,23,https://www.google.com/search?tbm=bks&q=Chennai%20Dravidian%20Religion%20Trust%202001%20%E2%80%94%20%E2%80%98International%20Racism%20is%20the%20Child%20of%20India%E2%80%99s%20Casteism%E2%80%99,
BI_Ch09_04,Note,9,Chapter 9: Propagation of ‘Dravidian’ Christianity,4,Book/Print,"(Deivanayagam. M, and Devakala. D, 2003, 10-11)",BI_B185,BI_Ch09_04_Who-Are_Who-are-the-Indian-Dalits,"— ‘Who are the Indian Dalits?’ Dravidian Spiritual Movement, 2003.",,,,To do,,,,10,https://www.google.com/search?tbm=bks&q=Who%20are%20the%20Indian%20Dalits%20Dravidian%20Spiritual%20Movement%202003%20%E2%80%94%20%E2%80%98Who%20are%20the%20Indian%20Dalits%3F%E2%80%99%20Dravidian%20Spiritual%20Movement,
BI_Ch09_05,Note,9,Chapter 9: Propagation of ‘Dravidian’ Christianity,5,Book/Print,"(Devakala. D, 2004, 400)",BI_B188,BI_Ch09_05_Devakala_India-is-a-Thomas-Dravidian-Christian-nation,"Devakala, D. India is a Thomas-Dravidian Christian nation ... Hoiv^ : Manual for Evangelism (Tamil). Chennai: Meiporrul Publishers, 2004.",,,,To do,,,,400,https://www.google.com/search?tbm=bks&q=India%20is%20a%20Thomas%20Dravidian%20Christian%20nation%20Hoiv%20Manual%20Devakala,
BI_Ch09_06,Note,9,Chapter 9: Propagation of ‘Dravidian’ Christianity,6,Book/Print,"(Devakala. D, 2004, 230-1)",BI_B188,BI_Ch09_06_Devakala_India-is-a-Thomas-Dravidian-Christian-nation,"Devakala, D. India is a Thomas-Dravidian Christian nation ... Hoiv^ : Manual for Evangelism (Tamil). Chennai: Meiporrul Publishers, 2004.",,,,To do,,,,230,https://www.google.com/search?tbm=bks&q=India%20is%20a%20Thomas%20Dravidian%20Christian%20nation%20Hoiv%20Manual%20Devakala,
BI_Ch09_07,Note,9,Chapter 9: Propagation of ‘Dravidian’ Christianity,7,Book/Print,"(Devakala. D, 2004, 255)",BI_B188,BI_Ch09_07_Devakala_India-is-a-Thomas-Dravidian-Christian-nation,"Devakala, D. India is a Thomas-Dravidian Christian nation ... Hoiv^ : Manual for Evangelism (Tamil). Chennai: Meiporrul Publishers, 2004.",,,,To do,,,,255,https://www.google.com/search?tbm=bks&q=India%20is%20a%20Thomas%20Dravidian%20Christian%20nation%20Hoiv%20Manual%20Devakala,
BI_Ch09_08,Note,9,Chapter 9: Propagation of ‘Dravidian’ Christianity,8,Book/Print,"(John, 2005)",BI_B407,BI_Ch09_08_John_On-the-history-of-early-Christianity-in,"John, Samuel G. ‘On the history of early Christianity in India Genesis and Growth’. Souvenir: First International Conference on the History of Early Christianity in Indla, Institute of Asian Studies, 2005.",,,,To do,,,,,https://www.google.com/search?tbm=bks&q=On%20the%20history%20of%20early%20Christianity%20in%20India%20Genesis%20John,
BI_Ch09_09,Note,9,Chapter 9: Propagation of ‘Dravidian’ Christianity,9,URL,"(IAS, 2005)",BI_B355,BI_Ch09_09_Ias_First-International-Conference-Seminar-On-The-History,IAS. ‘First International Conference / Seminar On The History Of Early Christianity In India’. Institute of Asian Studies. 2005. http://www.xlweb.com/heritage/asian/christianity-conference.htm (accessed 20 August 2008).,http://www.xlweb.com/heritage/asian/christianity-conference.htm,https://web.archive.org/web/20030217154031/https://www.xlweb.com:80/heritage/asian/christianity-conference.htm,Snapshot found,On OneDrive,,BI_B355_Ias_First-International-Conference-Seminar-On-The-History_xlweb-com.pdf,https://1drv.ms/b/c/ACD215A5F926CFCE/IQAnhpgjEdwvR5f5AES7q0nrASaYyWy9rdASmCByNoHnpj0?download=1,,,Page saved as PDF (cover page + copy) from Wayback snapshot on 2026-10-08
BI_Ch09_10,Note,9,Chapter 9: Propagation of ‘Dravidian’ Christianity,10,Unlinked note,Kudumi is one of the ancient hair styles in India. It’s a symbol of Hindus in ancient days. It is still popular among south Indian Brahmins.,,BI_Ch09_10,,,,,To do,,,,,,"No source matched: either a comment by the author, or a source to identify by hand"
BI_Ch09_11,Note,9,Chapter 9: Propagation of ‘Dravidian’ Christianity,11,Book/Print,"‘St Thomas in discussion vzith the greatest Tamil sage-poet Thiruvalluvar’ and ‘Martyrdom of St Thomas’, (John, 2005)",BI_B407,BI_Ch09_11_John_On-the-history-of-early-Christianity-in,"John, Samuel G. ‘On the history of early Christianity in India Genesis and Growth’. Souvenir: First International Conference on the History of Early Christianity in Indla, Institute of Asian Studies, 2005.",,,,To do,,,,,https://www.google.com/search?tbm=bks&q=On%20the%20history%20of%20early%20Christianity%20in%20India%20Genesis%20John,
BI_Ch09_12,Note,9,Chapter 9: Propagation of ‘Dravidian’ Christianity,12,Book/Print,"(Clinton, 2005). [Emphasis added.] Clinton is now Secretary of State, with responslbility for all US foreign policy. It is common practice for the staff of elected officials to write such messages when asked by constituents. This is American ‘politics as usual’ and wc should not take this to mean that Clinton fully endorses the ideas put forth at the conference. However, this message goes beyond the usual greeting in its mention of the ‘political climate of India’. It may signal that Clinton recognizes the usefulness of Christian evangelism as a tool of American policy.",BI_B135,BI_Ch09_12_Clinton_Message-from-United-States-Senate,"Clinton, Hillary Rodham in India, 2005. ‘Message from United States Senate’. First international conference on the history of early Christianity, New York. New York: Chennai: Institute of Asian Studies, 2005.",,,,To do,,,,,https://www.google.com/search?tbm=bks&q=Message%20from%20United%20States%20Senate%20First%20international%20conference%20on%20Clinton,
BI_Ch09_13,Note,9,Chapter 9: Propagation of ‘Dravidian’ Christianity,13,Book/Print,"(Gnanashikamani. V and Francis, 2005, 59)",BI_B301,BI_Ch09_13_Gnanashikamani_History-of-Early-Christianity-in-India-A,"Gnanashikamani.V, and Dayanandan Francis. ‘History of Early Christianity in India - A Survey’. First International Conference on the history of early Christianity in Indi a, Nevz York. New York: C hennai: Instit ute of Asian Studies, 2005.",,,,To do,,,,59,https://www.google.com/search?tbm=bks&q=History%20of%20Early%20Christianity%20in%20India%20A%20Survey%20First%20Gnanashikamani.V,
BI_Ch09_14,Note,9,Chapter 9: Propagation of ‘Dravidian’ Christianity,14,Book/Print,"(Bryant, Krishna: A Sourcebook, 2007, 4-7)",BI_B092,BI_Ch09_14_Bryant_Krishna-A-Sourcebook,"Bryant, Edwin. Krishna: A Sourcebook. Oxford University Press, US, 2007.",,,,To do,,,,4,https://www.google.com/search?tbm=bks&q=Krishna%20A%20Sourcebook%20Oxford%20University%20Press%20US%202007%20Bryant,
BI_Ch09_15,Note,9,Chapter 9: Propagation of ‘Dravidian’ Christianity,15,Book/Print,"(Bryant, 2007, 4-7)",BI_B092,BI_Ch09_15_Bryant_Krishna-A-Sourcebook,"Bryant, Edwin. Krishna: A Sourcebook. Oxford University Press, US, 2007.",,,,To do,,,,4,https://www.google.com/search?tbm=bks&q=Krishna%20A%20Sourcebook%20Oxford%20University%20Press%20US%202007%20Bryant,
BI_Ch09_16,Note,9,Chapter 9: Propagation of ‘Dravidian’ Christianity,16,Book/Print,"(Gnanashikamani. V and Francis, 2005, 61)",BI_B301,BI_Ch09_16_Gnanashikamani_History-of-Early-Christianity-in-India-A,"Gnanashikamani.V, and Dayanandan Francis. ‘History of Early Christianity in India - A Survey’. First International Conference on the history of early Christianity in Indi a, Nevz York. New York: C hennai: Instit ute of Asian Studies, 2005.",,,,To do,,,,61,https://www.google.com/search?tbm=bks&q=History%20of%20Early%20Christianity%20in%20India%20A%20Survey%20First%20Gnanashikamani.V,
BI_Ch09_17,Note,9,Chapter 9: Propagation of ‘Dravidian’ Christianity,17,Book/Print,"(John, 2005)",BI_B407,BI_Ch09_17_John_On-the-history-of-early-Christianity-in,"John, Samuel G. ‘On the history of early Christianity in India Genesis and Growth’. Souvenir: First International Conference on the History of Early Christianity in Indla, Institute of Asian Studies, 2005.",,,,To do,,,,,https://www.google.com/search?tbm=bks&q=On%20the%20history%20of%20early%20Christianity%20in%20India%20Genesis%20John,
BI_Ch09_18,Note,9,Chapter 9: Propagation of ‘Dravidian’ Christianity,18,Book/Print,"(John, 2005)",BI_B407,BI_Ch09_18_John_On-the-history-of-early-Christianity-in,"John, Samuel G. ‘On the history of early Christianity in India Genesis and Growth’. Souvenir: First International Conference on the History of Early Christianity in Indla, Institute of Asian Studies, 2005.",,,,To do,,,,,https://www.google.com/search?tbm=bks&q=On%20the%20history%20of%20early%20Christianity%20in%20India%20Genesis%20John,
BI_Ch09_19,Note,9,Chapter 9: Propagation of ‘Dravidian’ Christianity,19,Unlinked note,"(Jesudhas, 2005, 149)",,BI_Ch09_19,,,,,To do,,,,,,"No source matched: either a comment by the author, or a source to identify by hand"
BI_Ch09_20,Note,9,Chapter 9: Propagation of ‘Dravidian’ Christianity,20,URL,"(Jeyamohan. B, 2008)",BI_B405,BI_Ch09_20_Thomas-Who_Jeyamohan-website,— ‘Thomas who Taught Tamils to Ihink (Tamil)’. Jeyamohan website. 12 August 2008. http://jeyamohan.in/?p=600 (accessed 16 August 2008).,http://jeyamohan.in/?p=500,,,To do,,,,,,Web address corrected from the earlier audit (the book's text read: http://jeyamohan.in/?p=600) | download failed - live page: web server answered HTTP 404 | download failed - live page: web server answered HTTP 404
BI_Ch09_21,Note,9,Chapter 9: Propagation of ‘Dravidian’ Christianity,21,Book/Print,"For example, see: Oh Lord Consume our sacrifice, accept the songs of praise we sing, as he who woes accepts his bride (Rig Veda, 3:LII.3)/ Accept with favor this my song be gracious to the earnest thought. Even as a bridegroom to his bride (Rig Veda, 3.LXII.8)",BI_B472,BI_Ch09_21_Lord_The-Fabulous-Fabulist-Did-Marco-Polo-Really,"Lord, Lewis. ‘The Fabulous Fabulist: Did Marco Polo Really Make it to China’. US News online. 24 July 2000.",,,,To do,,,,,https://www.google.com/search?tbm=bks&q=The%20Fabulous%20Fabulist%20Did%20Marco%20Polo%20Really%20Make%20it%20Lord,[match: author only (unique)]
BI_Ch09_22,Note,9,Chapter 9: Propagation of ‘Dravidian’ Christianity,22,Book/Print,"(Venkatachalam, 2001, 82-3)",BI_B906,BI_Ch09_22_Venkatachalam_Bridal-Mysticism,"Venkatachalam, M.S. ‘Bridal Mysticism’. Journal of the Institute of Asian Studies XIX , no. 1, September 2001.",,,,To do,,,,82,https://www.google.com/search?tbm=bks&q=Bridal%20Mysticism%20Journal%20of%20the%20Institute%20of%20Asian%20Studies%20Venkatachalam,
BI_Ch09_23,Note,9,Chapter 9: Propagation of ‘Dravidian’ Christianity,23,Book/Print,"(Venkatachalam, 2001, 84-5)",BI_B906,BI_Ch09_23_Venkatachalam_Bridal-Mysticism,"Venkatachalam, M.S. ‘Bridal Mysticism’. Journal of the Institute of Asian Studies XIX , no. 1, September 2001.",,,,To do,,,,84,https://www.google.com/search?tbm=bks&q=Bridal%20Mysticism%20Journal%20of%20the%20Institute%20of%20Asian%20Studies%20Venkatachalam,
BI_Ch09_24,Note,9,Chapter 9: Propagation of ‘Dravidian’ Christianity,24,Book/Print,"(Venkatachalam, 2001, 89) Among the Tamil poets he names as being influenced by Christianity are: Antal, Kulacekara Alwar, Nammalvar, Thirumankai Alwar, Gyana Sambandar, Manikkavachakar and Ramalinga Adigalar.",BI_B906,BI_Ch09_24_Venkatachalam_Bridal-Mysticism,"Venkatachalam, M.S. ‘Bridal Mysticism’. Journal of the Institute of Asian Studies XIX , no. 1, September 2001.",,,,To do,,,,89,https://www.google.com/search?tbm=bks&q=Bridal%20Mysticism%20Journal%20of%20the%20Institute%20of%20Asian%20Studies%20Venkatachalam,
BI_Ch09_25,Note,9,Chapter 9: Propagation of ‘Dravidian’ Christianity,25,Book/Print,"(Venkatachalam. M.S, 2005, 168)",BI_B907,BI_Ch09_25_Venkatachalam_Marriage-Metaphor-in-Bible-and-Tamil-Devotional,"Venkatachalam, M.S. ‘Marriage Metaphor in Bible and Tamil Devotional Poetry, a Comparative Study’. The first international conference of early Christianity. New York:Chennai: Institute of Asian Studies, 2005.",,,,To do,,,,168,https://www.google.com/search?tbm=bks&q=Marriage%20Metaphor%20in%20Bible%20and%20Tamil%20Devotional%20Poetry%20a%20Venkatachalam,
BI_Ch09_26,Note,9,Chapter 9: Propagation of ‘Dravidian’ Christianity,26,URL,"George lype interviewing Pazha. Nedumaran for Rediff describes him as ‘A firebrand separatist, pro-Liberation Tigers of Tamil Elam leader, hardcore Tamil nationalist’ (lype, 2000)",BI_B393,BI_Ch09_26_Interview-With_Rediff-News,— ‘Interview with Pazhanedumaran’. Rediff News. October 2000. http://www.rediff.com/news/2000/oct/l6veer2.htm (accessed 20 August 2008).,http://www.rediff.com/news/2000/oct/16veer2.htm,,,On OneDrive,,BI_B393_Interview-With_Rediff-News_rediff-com.pdf,https://1drv.ms/b/c/ACD215A5F926CFCE/IQCPl_oq8vebSpn4RLTeHLa8AYo_6xSlGq16Tzz0KKrMhnY?download=1,,,Web address corrected from the earlier audit (the book's text read: http://www.rediff.com/news/2000/oct/l6veer2.htm) | Page saved as PDF (cover page + copy) from live page on 2026-10-08
BI_Ch09_27,Note,9,Chapter 9: Propagation of ‘Dravidian’ Christianity,27,Book/Print,"(Dravidian Religion July, 2006)",BI_B220,BI_Ch09_27_Dravidian-Religion_Announcement,"Dravidian Religion. ‘Announcement’ (Tamil). Announcement on the back cover, July 2006.",,,,To do,,,,,https://www.google.com/search?tbm=bks&q=Announcement%20Tamil%20Announcement%20on%20the%20back%20cover%20July%202006%20Dravidian%20Religion,
BI_Ch09_28,Note,9,Chapter 9: Propagation of ‘Dravidian’ Christianity,28,Book/Print,"(Ninan. M.M, 2004)",BI_B579,BI_Ch09_28_Ninan_Hinduism-What-Really-Happened-in-India,"Ninan, M.M. Hinduism: What Really Happened in India (Hinduism A Christian Heresy^) Global Publishers, 2004.",,,,To do,,,,,https://www.google.com/search?tbm=bks&q=Hinduism%20What%20Really%20Happened%20in%20India%20Hinduism%20A%20Christian%20Ninan,
BI_Ch09_29,Note,9,Chapter 9: Propagation of ‘Dravidian’ Christianity,29,URL,"(Olasky, 2007)",BI_B595,BI_Ch09_29_Olasky_How-did-Jesus-Change-Hinduism,"Olasky, Marvin. ‘How did Jesus Change Hinduism?’ 2007. http://www.sakshitimes.com/index.php?option=com_content8ctask=view8cid=158&cltemid=43 (accessed 20 August 2009).",http://www.sakshitimes.com/index.php?option=com_content&task=view&id=158&Itemid=43,,,To do,,,,,,Web address corrected from the earlier audit (the book's text read: http://www.sakshitimes.com/index.php?option=com_content8ctask=view8cid=158&cltemid=43) | download failed - live page: Page.goto: net::ERR_NAME_NOT_RESOLVED at http://www.sakshitimes.com/in | download failed - live page: Page.goto: net::ERR_NAME_NOT_RESOLVED at http://www.sakshitimes.com/in
BI_Ch09_30,Note,9,Chapter 9: Propagation of ‘Dravidian’ Christianity,30,URL,"(Olasky, 2007)",BI_B595,BI_Ch09_30_Olasky_How-did-Jesus-Change-Hinduism,"Olasky, Marvin. ‘How did Jesus Change Hinduism?’ 2007. http://www.sakshitimes.com/index.php?option=com_content8ctask=view8cid=158&cltemid=43 (accessed 20 August 2009).",http://www.sakshitimes.com/index.php?option=com_content&task=view&id=158&Itemid=43,,,To do,,,,,,Web address corrected from the earlier audit (the book's text read: http://www.sakshitimes.com/index.php?option=com_content8ctask=view8cid=158&cltemid=43) | download failed - live page: Page.goto: net::ERR_NAME_NOT_RESOLVED at http://www.sakshitimes.com/in | download failed - live page: Page.goto: net::ERR_NAME_NOT_RESOLVED at http://www.sakshitimes.com/in
BI_Ch09_31,Note,9,Chapter 9: Propagation of ‘Dravidian’ Christianity,31,URL,"(Olasky, 2007)",BI_B595,BI_Ch09_31_Olasky_How-did-Jesus-Change-Hinduism,"Olasky, Marvin. ‘How did Jesus Change Hinduism?’ 2007. http://www.sakshitimes.com/index.php?option=com_content8ctask=view8cid=158&cltemid=43 (accessed 20 August 2009).",http://www.sakshitimes.com/index.php?option=com_content&task=view&id=158&Itemid=43,,,To do,,,,,,Web address corrected from the earlier audit (the book's text read: http://www.sakshitimes.com/index.php?option=com_content8ctask=view8cid=158&cltemid=43) | download failed - live page: Page.goto: net::ERR_NAME_NOT_RESOLVED at http://www.sakshitimes.com/in | download failed - live page: Page.goto: net::ERR_NAME_NOT_RESOLVED at http://www.sakshitimes.com/in
BI_Ch09_32,Note,9,Chapter 9: Propagation of ‘Dravidian’ Christianity,32,URL,"(NILT, .2004, Friendly Associates)",BI_B578,BI_Ch09_32_Nilt_National-Institute-of-Leadership-Training,NILT. ‘National Institute of Leadership Training’. 2004. http://nihindia.org/home.htm (accessed 25 August 2008).,http://niltindia.org/home.htm,https://web.archive.org/web/20151229035353/http://niltindia.org/home.htm,Snapshot found,To do,,,,,,Web address corrected from the earlier audit (the book's text read: http://nihindia.org/home.htm) | download failed - live page: web server answered HTTP 404 / Wayback snapshot: Page.inner_text: Timeout 30000ms exceeded. | download failed - live page: web server answered HTTP 404 / Wayback snapshot: Page.inner_text: Timeout 30000ms exceeded.
BI_Ch09_33,Note,9,Chapter 9: Propagation of ‘Dravidian’ Christianity,33,URL,"(NILT, 2004, About Us)",BI_B578,BI_Ch09_33_Nilt_National-Institute-of-Leadership-Training,NILT. ‘National Institute of Leadership Training’. 2004. http://nihindia.org/home.htm (accessed 25 August 2008).,http://niltindia.org/home.htm,https://web.archive.org/web/20151229035353/http://niltindia.org/home.htm,Snapshot found,To do,,,,,,Web address corrected from the earlier audit (the book's text read: http://nihindia.org/home.htm) | download failed - live page: web server answered HTTP 404 / Wayback snapshot: Page.inner_text: Timeout 30000ms exceeded. | download failed - live page: web server answered HTTP 404 / Wayback snapshot: Page.inner_text: Timeout 30000ms exceeded.
BI_Ch09_34,Note,9,Chapter 9: Propagation of ‘Dravidian’ Christianity,34,Book/Print,"(Doss, 2004)",BI_B218,BI_Ch09_34_Doss_Contribution-of-St-Thomas-to-the-Development,"Doss, Baskara David. Contribution of St Thomas to the Development of Indian Religion and Philosophy. ‘Research’ Paper, NILT publication, 2004.",,,,To do,,,,,https://www.google.com/search?tbm=bks&q=Contribution%20of%20St%20Thomas%20to%20the%20Development%20of%20Indian%20Doss,
BI_Ch09_35,Note,9,Chapter 9: Propagation of ‘Dravidian’ Christianity,35,Book/Print,"(Rajan, 2004)",BI_B658,BI_Ch09_35_Rajan_Vyasa-School-of-Thought-and-Christianity,"Rajan, Soundara. R. Vyasa School of Thought and Christianity. ‘Research’ Paper, NILT Publication, 2004.",,,,To do,,,,,https://www.google.com/search?tbm=bks&q=R%20Vyasa%20School%20of%20Thought%20and%20Christianity%20Research%20Paper%20Rajan,
BI_Ch09_36,Note,9,Chapter 9: Propagation of ‘Dravidian’ Christianity,36,Book/Print,"(Times News Network, 26 December 2006)",BI_B857,BI_Ch09_36_Times-News_Thomas-s-Visit-Under-Doubt,"Times News Network. ‘Thomas’s Visit Under Doubt’. News, 26 December 2006.",,,,To do,,,,,https://www.google.com/search?tbm=bks&q=Thomas%20s%20Visit%20Under%20Doubt%20News%2026%20December%202006%20Times%20News%20Network,
BI_Ch09_37,Note,9,Chapter 9: Propagation of ‘Dravidian’ Christianity,37,Book/Print,"(Sargunam, 2007, 31)",BI_B713,BI_Ch09_37_Sargunam_Impact-of-Christianity-on-the-belief-systems,"Sargunam, Ezra. ‘Impact of Christianity on the belief systems, cultural heritage of India with special reference to Early Indian Christianity’. Souvenir of the Second International Conference on The History of Early Christianinz in India. Chennai: International Center for the study of Christianity in India: Institute of Asian Studies, 2007.",,,,To do,,,,31,https://www.google.com/search?tbm=bks&q=Impact%20of%20Christianity%20on%20the%20belief%20systems%20cultural%20heritage%20Sargunam,
BI_Ch09_38,Note,9,Chapter 9: Propagation of ‘Dravidian’ Christianity,38,Book/Print,"(Jesudason, 2007, 78)",BI_B402,BI_Ch09_38_Jesudason_Christianity-and-the-Ramayana,"Jesudason, Hephzibah. ‘Christianity and the Ramayana’. Souvenir of the Second International Conference on The History of Early Christianity in Ind’a. Chennai: International Center for the Study of Christianity in India; Institute of Asian Studies, 2007.",,,,To do,,,,78,https://www.google.com/search?tbm=bks&q=Christianity%20and%20the%20Ramayana%20Souvenir%20of%20the%20Second%20International%20Jesudason,
BI_Ch09_39,Note,9,Chapter 9: Propagation of ‘Dravidian’ Christianity,39,Book/Print,"(Doss, 2007, 109)",BI_B219,BI_Ch09_39_Purva-Mimasa_Souvenir-of-the-Second-International-Conference-on,"— ‘Purva Mimasa, Uttara Mimamsa and the Bible’. Souvenir of the Second International Conference on The History of Early Christianity in India. Chennai: International Center for the Study of Christianity in India, Institute of Asian Studies, 2007.",,,,To do,,,,109,https://www.google.com/search?tbm=bks&q=Souvenir%20of%20the%20Second%20International%20Conference%20on%20The%20History%20%E2%80%94%20%E2%80%98Purva%20Mimasa,
BI_Ch09_40,Note,9,Chapter 9: Propagation of ‘Dravidian’ Christianity,40,Book/Print,"(Farady, 2007, 117)",BI_B256,BI_Ch09_40_Farady_Siddha-Literature-and-Christianity,"Farady, Moses Michael. ‘Siddha Literature and Christianity’. Souvenir of the second international conference on The history of early Christianity in India. Chennai: International Center for the Study of Christianity in India, Institute of Asian Studies, 2007.",,,,To do,,,,117,https://www.google.com/search?tbm=bks&q=Siddha%20Literature%20and%20Christianity%20Souvenir%20of%20the%20second%20international%20Farady,
BI_Ch09_41,Note,9,Chapter 9: Propagation of ‘Dravidian’ Christianity,41,Book/Print,"(ICSCI: IAS, 2007, 93,104,119)",BI_B356,BI_Ch09_41_Icsci-Ias_Souvenir-of-the-Second-International-Conference-on,"ICSCI: IAS. Souvenir of the Second International Conference on The History of Early Christianity in India. International Center for the Study of Christianity in India, Institute of Asian Studies, 2007.",,,,To do,,,,93,https://www.google.com/search?tbm=bks&q=Souvenir%20of%20the%20Second%20International%20Conference%20on%20The%20History%20ICSCI%3A%20IAS,
BI_Ch09_42,Note,9,Chapter 9: Propagation of ‘Dravidian’ Christianity,42,Book/Print,"(ICSCI: IAS, 2007, 36S}",BI_B356,BI_Ch09_42_Icsci-Ias_Souvenir-of-the-Second-International-Conference-on,"ICSCI: IAS. Souvenir of the Second International Conference on The History of Early Christianity in India. International Center for the Study of Christianity in India, Institute of Asian Studies, 2007.",,,,To do,,,,,https://www.google.com/search?tbm=bks&q=Souvenir%20of%20the%20Second%20International%20Conference%20on%20The%20History%20ICSCI%3A%20IAS,
BI_Ch09_43,Note,9,Chapter 9: Propagation of ‘Dravidian’ Christianity,43,Book/Print,"(Lysebeth, 2002, 229-30)",BI_B479,BI_Ch09_43_Lysebeth_Tantra-The-Cult-of-Feminine,"Lysebeth, x\ndre Van. Tantra: The Cult of Feminine. Motilal Banarsidass Publications, 2002.",,,,To do,,,,229,https://www.google.com/search?tbm=bks&q=Tantra%20The%20Cult%20of%20Feminine%20Motilal%20Banarsidass%20Publications%202002%20Lysebeth,
BI_Ch09_44,Note,9,Chapter 9: Propagation of ‘Dravidian’ Christianity,44,Book/Print,"(Griffiths and Fox, 1996, 31^}",BI_B311,BI_Ch09_44_Griffiths_The-Other-Half-of-My-Soul-Bede,"Griffiths, Bede, and Matthew Fox. The Other Half of My Soul: Bede Griffiths and the Hindu-Christian Dialogue. Quest Books, 1996.",,,,To do,,,,31,https://www.google.com/search?tbm=bks&q=The%20Other%20Half%20of%20My%20Soul%20Bede%20Griffiths%20and%20Griffiths,
BI_Ch09_45,Note,9,Chapter 9: Propagation of ‘Dravidian’ Christianity,45,Unlinked note,"(Consiglio, 2004 2005, 1)",,BI_Ch09_45,,,,,To do,,,,,,"No source matched: either a comment by the author, or a source to identify by hand"
BI_Ch09_46,Note,9,Chapter 9: Propagation of ‘Dravidian’ Christianity,46,Book/Print,"(Berry, 1974)",BI_B072,BI_Ch09_46_Berry_Foundations-of-Indian-Culture,"Berry, Thomas. ‘Foundations of Indian Culture’. In Six Pillars: Introduction to the Major Works of Sri Aurobindo, by Robert A McDermott, wilson Books, 1974.",,,,To do,,,,,https://www.google.com/search?tbm=bks&q=Foundations%20of%20Indian%20Culture%20In%20Six%20Pillars%20Introduction%20to%20Berry,
BI_Ch09_47,Note,9,Chapter 9: Propagation of ‘Dravidian’ Christianity,47,Book/Print,"(Berry, 1974)",BI_B072,BI_Ch09_47_Berry_Foundations-of-Indian-Culture,"Berry, Thomas. ‘Foundations of Indian Culture’. In Six Pillars: Introduction to the Major Works of Sri Aurobindo, by Robert A McDermott, wilson Books, 1974.",,,,To do,,,,,https://www.google.com/search?tbm=bks&q=Foundations%20of%20Indian%20Culture%20In%20Six%20Pillars%20Introduction%20to%20Berry,
BI_Ch09_48,Note,9,Chapter 9: Propagation of ‘Dravidian’ Christianity,48,Book/Print,"(Devakala. M, 2008)",BI_B189,BI_Ch09_48_Paper-On_Souvenir-of-the-First-International-Conference-on,"— ‘Paper on Indian Religious Iconography’. Souvenir of the First International Conference on the Religion of Tamils. Chennai: Pastoral Center Archdiocese of Madras, 2008. 68-73.",,,,To do,,,,,https://www.google.com/search?tbm=bks&q=Souvenir%20of%20the%20First%20International%20Conference%20on%20the%20Religion%20%E2%80%94%20%E2%80%98Paper%20on%20Indian%20Religious%20Iconography%E2%80%99,Also cites: BI_B190
BI_Ch09_49,Note,9,Chapter 9: Propagation of ‘Dravidian’ Christianity,49,Unlinked note,"(Deivarayagam. M, 2008)",,BI_Ch09_49,,,,,To do,,,,,,"No source matched: either a comment by the author, or a source to identify by hand"
BI_Ch09_50,Note,9,Chapter 9: Propagation of ‘Dravidian’ Christianity,50,Unlinked note,"Inaugural session ad<Jress of Varkey Cardinal Vithayathil at First International Conference on the religion of Tamils, Pastoral Center Archdiocese of Madras on 14 August 2008",,BI_Ch09_50,,,,,To do,,,,,,"No source matched: either a comment by the author, or a source to identify by hand"
BI_Ch09_51,Note,9,Chapter 9: Propagation of ‘Dravidian’ Christianity,51,Unlinked note,"Institute of Asian Studies kept itself away from the conference, but Deivanayagam’s participation was prominent.",,BI_Ch09_51,,,,,To do,,,,,,"No source matched: either a comment by the author, or a source to identify by hand"
BI_Ch09_52,Note,9,Chapter 9: Propagation of ‘Dravidian’ Christianity,52,Book/Print,"(Victor. Ma. So, 2008, 33-6)",BI_B910,BI_Ch09_52_Victor_So,"Victor, Ma. So. ‘Origin of continents (Tamil)’. ‘Souvenir of the First International Conference on the Religion of Tamils’. Chennai: Pastoral Center Archdiocese of Madras, 2008.",,,,To do,,,,33,https://www.google.com/search?tbm=bks&q=So%20Origin%20of%20continents%20Tamil%20Souvenir%20of%20the%20First%20Victor,
BI_Ch09_53,Note,9,Chapter 9: Propagation of ‘Dravidian’ Christianity,53,Book/Print,"(Sekaran, 20081 and the question answer sessions on 15 August 2008: First session",BI_B721,BI_Ch09_53_Sekaran_Tamils-who-went-West-of-Indus-valley,"Sekaran, Sathur. ‘Tamils who went West of Indus valley and Those Who Stayed in India’. Souvenir of the First International Conference on the Religion of Tamils. Chennai: Pastoral Center Archdiocese of Madras, 2008. 37-39.",,,,To do,,,,,https://www.google.com/search?tbm=bks&q=Tamils%20who%20went%20West%20of%20Indus%20valley%20and%20Those%20Sekaran,
BI_Ch09_54,Note,9,Chapter 9: Propagation of ‘Dravidian’ Christianity,54,Book/Print,"(Deivanayagam. M, 2007).",BI_B182,BI_Ch09_54_World-S_Hotv,"— World's First Language Tamil ... Hotv^ (Tamil Handout). Chennai: International Tamil Spiritualism Movement, 2007.",,,,To do,,,,,https://www.google.com/search?tbm=bks&q=Hotv%20Tamil%20Handout%20Chennai%20International%20Tamil%20Spiritualism%20Movement%202007%20%E2%80%94%20World%27s%20First%20Language%20Tamil%20..,Also cites: BI_B186
BI_Ch09_55,Note,9,Chapter 9: Propagation of ‘Dravidian’ Christianity,55,Book/Print,"(Trautmann, 1997, 124)",BI_B884,BI_Ch09_55_Trautmann_Aryans-and-British-India,"Trautmann, Thomas R. Aryans and British India. University of California, 1997.",,,,To do,,,,124,https://www.google.com/search?tbm=bks&q=Aryans%20and%20British%20India%20University%20of%20California%201997%20Trautmann,
BI_Ch09_56,Note,9,Chapter 9: Propagation of ‘Dravidian’ Christianity,56,Book/Print,"(Trautmann, 1997, 124)",BI_B884,BI_Ch09_56_Trautmann_Aryans-and-British-India,"Trautmann, Thomas R. Aryans and British India. University of California, 1997.",,,,To do,,,,124,https://www.google.com/search?tbm=bks&q=Aryans%20and%20British%20India%20University%20of%20California%201997%20Trautmann,
BI_Ch09_57,Note,9,Chapter 9: Propagation of ‘Dravidian’ Christianity,57,Book/Print,"(Trautmann, 2004, 53)",BI_B885,BI_Ch09_57_Trautmann_Discovering-Aryan-and-Dravidian-in-British-India,"Trautmann, Thomas R. ‘Discovering Aryan and Dravidian in British India’. Historiographia Linguistica xxxi, no. 1, 2004.",,,,To do,,,,53,https://www.google.com/search?tbm=bks&q=Discovering%20Aryan%20and%20Dravidian%20in%20British%20India%20Historiographia%20Linguistica%20Trautmann,
BI_Ch09_58,Note,9,Chapter 9: Propagation of ‘Dravidian’ Christianity,58,Book/Print,"(Deivanayagam. M, 2008)",BI_B178,BI_Ch09_58_Deivanayagam_Introductory-Note-to-International-Dravidian-Religion-Con,"Deivanayagam, M. ‘Introductory Note to International Dravidian Religion Conference’. Dravidian Religion, (Tamil Magazine), May-June 2008.",,,,To do,,,,,https://www.google.com/search?tbm=bks&q=Introductory%20Note%20to%20International%20Dravidian%20Religion%20Conference%20Dravidian%20Religion%20Deivanayagam,Also cites: BI_B180
BI_Ch09_59,Note,9,Chapter 9: Propagation of ‘Dravidian’ Christianity,59,Unlinked note,"M. Deivanaycigam, Speech at the concluding function session on 17 August 2008.",,BI_Ch09_59,,,,,To do,,,,,,"No source matched: either a comment by the author, or a source to identify by hand"
BI_Ch09_60,Note,9,Chapter 9: Propagation of ‘Dravidian’ Christianity,60,Book/Print,"(Thangaiah and Samson. A, 2008) Morning session, of 16 August 2008: First International Conference on the religion of Tamils, Chennai",BI_B781,BI_Ch09_60_Thangaiah_Ancient-lainil-Society-and-Casteism-Before-and,"Thangaiah, Johnson A, and Samson, A. ‘Ancient lainil Society and Casteism: Before and After 7th Century AD’. Souvenir of First International Conference on the Religion of Tamils. Chennai: Pastoral Center Archdiocese of Madras, 2008.",,,,To do,,,,,https://www.google.com/search?tbm=bks&q=Ancient%20lainil%20Society%20and%20Casteism%20Before%20and%20After%207th%20Thangaiah,[match: author+title]
BI_Ch09_61,Note,9,Chapter 9: Propagation of ‘Dravidian’ Christianity,61,Unlinked note,"Hitler’s Holocaust as a divine punishment to Jews because of their inability to atone for their sins, was mentioned by Deivanayagam in the question-answer session of the morning session on 16 August 2008.",,BI_Ch09_61,,,,,To do,,,,,,"No source matched: either a comment by the author, or a source to identify by hand"
BI_Ch09_62,Note,9,Chapter 9: Propagation of ‘Dravidian’ Christianity,62,Book/Print,"(Richard, 1997, 12)",BI_B692,BI_Ch09_62_Richard_The-Gospel-of-Thomas,"Richard, Valantasis. The Gospel of Thomas. London; Nev/ York: Routledge, 1997.",,,,To do,,,,12,https://www.google.com/search?tbm=bks&q=The%20Gospel%20of%20Thomas%20London%20Nev%20York%20Routledge%201997%20Richard,
BI_Ch09_63,Note,9,Chapter 9: Propagation of ‘Dravidian’ Christianity,63,Book/Print,"(Pagels, 1989, xxi)",BI_B605,BI_Ch09_63_Pagels_The-Gnostic-Gospels,"Pagels, Elaine H. The Gnostic Gospels. Vintage Books, 1989.",,,,To do,,,,,https://www.google.com/search?tbm=bks&q=The%20Gnostic%20Gospels%20Vintage%20Books%201989%20Pagels,
BI_Ch09_64,Note,9,Chapter 9: Propagation of ‘Dravidian’ Christianity,64,Book/Print,"(S. Pillai, 1896)",BI_B627,BI_Ch09_64_Pillai_Age-of-Thirugnanasambanthar,"Pillai, Sundaram. ‘Age of Thirugnanasambanthar’. Indian Antiquary., June 1896.",,,,To do,,,,,https://www.google.com/search?tbm=bks&q=Age%20of%20Thirugnanasambanthar%20Indian%20Antiquary%20June%201896%20Pillai,
BI_Ch09_65,Note,9,Chapter 9: Propagation of ‘Dravidian’ Christianity,65,Book/Print,"(S. Mudaliyar, 1920:2001, x)",BI_B546,BI_Ch09_65_Mudaliyar_Sabaratna,"Mudaliyar, S. Sabaratna. Life of Thiru Gnana Sambanthar. Colombo: Young Men Hindu Association: Kumaran Press, 1920:2001.",,,,On OneDrive,,BI_B546_Mudaliyar_Sabaratna.pdf,https://1drv.ms/b/c/ACD215A5F926CFCE/IQALoYW-q190TbZO2AYKFBUeAW5nWbeRyehwI1LEyGQ1uds?download=1,2001,https://www.google.com/search?tbm=bks&q=Sabaratna%20Life%20of%20Thiru%20Gnana%20Sambanthar%20Colombo%20Young%20Men%20Mudaliyar,"Earlier check: Public domain (pub. 1920, pre-1930). Downloaded from archive.org (Tamil Digital Library scan). | Carried over from the earlier backup (A538_Mudaliyar_1920_Life-of-Thiru-Gnana-Sambanthar.pdf)"
BI_Ch09_66,Note,9,Chapter 9: Propagation of ‘Dravidian’ Christianity,66,Book/Print,"(Irajacekaran. Ira, 2003, 217-8)",BI_B388,BI_Ch09_66_Irajacekaran_Caivap-peruveliyil-kalam,"Irajacekaran, Ira. Caivap peruveliyil kalam (Tamil). Chennai: Narmata Patippakam, 2003.",,,,To do,,,,217,https://www.google.com/search?tbm=bks&q=Caivap%20peruveliyil%20kalam%20Tamil%20Chennai%20Narmata%20Patippakam%202003%20Irajacekaran,
BI_Ch09_67,Note,9,Chapter 9: Propagation of ‘Dravidian’ Christianity,67,Book/Print,"(Irajacekaran. Ira, 2003, 220)",BI_B388,BI_Ch09_67_Irajacekaran_Caivap-peruveliyil-kalam,"Irajacekaran, Ira. Caivap peruveliyil kalam (Tamil). Chennai: Narmata Patippakam, 2003.",,,,To do,,,,220,https://www.google.com/search?tbm=bks&q=Caivap%20peruveliyil%20kalam%20Tamil%20Chennai%20Narmata%20Patippakam%202003%20Irajacekaran,
BI_Ch09_68,Note,9,Chapter 9: Propagation of ‘Dravidian’ Christianity,68,Book/Print,"(Variyar, 1973)",BI_B904,BI_Ch09_68_Variyar_Variyar-Amutham,"Variyar, Thiruiruruga Kirupanantha. ‘Variyar Amutham’. Kumutham I Tamil magazine], 8 February 1973.",,,,To do,,,,,https://www.google.com/search?tbm=bks&q=Variyar%20Amutham%20Kumutham%20I%20Tamil%20magazine%208%20February%201973%20Variyar,
BI_Ch09_69,Note,9,Chapter 9: Propagation of ‘Dravidian’ Christianity,69,URL,"(Murugan, 2009)",BI_B548,BI_Ch09_69_Murugan_Dravidian-Religions-and-Social-Harmony,"Murugan, Sathiyavel M.P. ‘Dravidian Religions and Social Harmony’ (Paper presented at Dravidian University Kuppam). 6 March 2009. http://www.dheivathamizh.org/sorpozhivugal.htni#kuppam (accessed 12 January 2010).",http://www.dheivathamizh.org/sorpozhivugal.htm#kuppam,,,On OneDrive,,BI_B548_Murugan_Dravidian-Religions-and-Social-Harmony_dheivathamizh-org.pdf,https://1drv.ms/b/c/ACD215A5F926CFCE/IQCYNKChwgy9RIHnY7FPpR4AAZyIllp-T7VPNUra9E91zBI?download=1,,,Also cites: BI_B549 | Web address corrected from the earlier audit (the book's text read: http://www.dheivathamizh.org/sorpozhivugal.htni#kuppam) | Page saved as PDF (cover page + copy) from live page on 2026-10-08
BI_Ch09_70,Note,9,Chapter 9: Propagation of ‘Dravidian’ Christianity,70,URL,"(Murugan, 2008)",BI_B550,BI_Ch09_70_Web-Page_2008,"— ‘Web page of dheivathamizh.org praising Chief Minister’, www.dheivathamizh.org. 2008. http://www.dheivathamizh.org/pazhanthail.htm (accessed 21 January 2010).",http://www.dheivathamizh.org | http://www.dheivathamizh.org/pazhanthail.htm,,,On OneDrive,,BI_B550_Web-Page_2008_dheivathamizh-org.pdf,https://1drv.ms/b/c/ACD215A5F926CFCE/IQBnMcgbTo89TIrRT5Ts_QV6Aa1hlG9oLotz9WIT7cF1-RE?download=1,,,Page saved as PDF (cover page + copy) from live page on 2026-10-08
BI_Ch10_01,Note,10,Chapter 10: Dravidian Academic-Activist Network Outside India,1,Book/Print,"The connection of Yale University with In<Jia begins at the very beginning of the University as the namesake and major benefactor of the University. Elihu Yale (1649-1721) was the President of the Fort of St George at Madras. He was notorious for high taxation and quelling native rebellions with extreme force and for usurping Indians’ wealth in his own name. Upon his return to Britain he had become a very wealthy man, and some of the fortune he amassed in India was given as a donation to the A merican college in exchange for having it named after him. (A. Gandhi, 2005)",BI_B280,BI_Ch10_01_Gandhi_Yale,"Gandhi, Ajay. ‘Yale, India, and the Failure of the “Global University” ’. The Hindu, May 4, 2005.",,,,To do,,,,,https://www.google.com/search?tbm=bks&q=Yale%20India%20and%20the%20Failure%20of%20the%20Global%20University%20Gandhi,
BI_Ch10_02,Note,10,Chapter 10: Dravidian Academic-Activist Network Outside India,2,URL,"(Andrew and Hart, 2005)",BI_B028,BI_Ch10_02_Andrew_In-Memoriam-Murray-Barnson-Emeneau,"Andrew, Garrett, an<J George Hart. In Memoriam: Murray Barnson Emeneau. 29 August 2005. http://wwvauniversityofcahfornia.edu/senate/inmemoriam/murraybarnsonemeiieau.htm (accessed 12 December 2009).",http://www.universityofcalifornia.edu/senate/inmemoriam/murraybarnsonemeneau.htm,https://web.archive.org/web/20121110170038/http://www.universityofcalifornia.edu/senate/inmemoriam/murraybarnsonemeneau.htm,Snapshot found,On OneDrive,,BI_B028_Andrew_In-Memoriam-Murray-Barnson-Emeneau_universityofcalifornia-edu.pdf,https://1drv.ms/b/c/ACD215A5F926CFCE/IQADROHL6cvhQZLeT_yaCozhAT6nRxUtpnxhV56O0M2j78I?download=1,,,Web address corrected from the earlier audit (the book's text read: http://wwvauniversityofcahfornia.edu/senate/inmemoriam/murraybarnsonemeiieau.htm) | Page saved as PDF (cover page + copy) from Wayback snapshot on 2026-10-08
BI_Ch10_03,Note,10,Chapter 10: Dravidian Academic-Activist Network Outside India,3,Book/Print,"(Emeneau, 1956)",BI_B244,BI_Ch10_03_Emeneau_India-as-a-Linguistic-Area,"Emeneau, M. ‘India as a Linguistic Area’. Language, 1956: 3-16.",,,,To do,,,,,https://www.google.com/search?tbm=bks&q=India%20as%20a%20Linguistic%20Area%20Language%201956%203%2016%20Emeneau,
BI_Ch10_04,Note,10,Chapter 10: Dravidian Academic-Activist Network Outside India,4,Book/Print,"(Burrow and Emeneau, 1966, 1968);",BI_B101,BI_Ch10_04_Burrow_A-Dravidian-Etymological-Dictionary,"Burrow, Thomas, and Murray Banson Emeneau. A Dravidian Etymological Dictionary. Clarendon Press, 1966.",,,,To do,,,,1968,https://www.google.com/search?tbm=bks&q=A%20Dravidian%20Etymological%20Dictionary%20Clarendon%20Press%201966%20Burrow,[match: author+title]
BI_Ch10_05,Note,10,Chapter 10: Dravidian Academic-Activist Network Outside India,5,URL,(www.linguistics.berkeley.edu 2005),,BI_Ch10_05_linguistics-berkeley-edu,,http://www.linguistics.berkeley.edu,,,On OneDrive,,BI_Ch10_05_linguistics-berkeley-edu.pdf,https://1drv.ms/b/c/ACD215A5F926CFCE/IQD1jblyTY4xQ64qR9nEJqzoAUeDmpXAx26_Y1rbvx27yM4?download=1,,,"No source matched: either a comment by the author, or a source to identify by hand | Page saved as PDF (cover page + copy) from live page on 2026-10-08"
BI_Ch10_06,Note,10,Chapter 10: Dravidian Academic-Activist Network Outside India,6,Book/Print,"Emeaneau (1980) quoted in (Bryant, 2004, 88)",BI_B093,BI_Ch10_06_The-Quest_Oxford-University-Press,"— The Quest for the Origins of Vedic Culture. Oxford University Press, US, ' 2004.",,,,To do,,,,88,https://www.google.com/search?tbm=bks&q=Oxford%20University%20Press%20US%202004%20%E2%80%94%20The%20Quest%20for%20the%20Origins%20of%20Vedic%20Culture,
BI_Ch10_07,Note,10,Chapter 10: Dravidian Academic-Activist Network Outside India,7,Book/Print,"Emeaneau (1980) quoted in (Krishnamurti, 2003, 37)",BI_B438,BI_Ch10_07_Krishnamurti_The-Dravidian-Languages,"Krishnamurti, Bhadriraju. The Dravidian Languages. Cambridge University Press, 2003.",,,,To do,,,,37,https://www.google.com/search?tbm=bks&q=The%20Dravidian%20Languages%20Cambridge%20University%20Press%202003%20Krishnamurti,
BI_Ch10_08,Note,10,Chapter 10: Dravidian Academic-Activist Network Outside India,8,URL,"(T van yan 1966, Preface). An article titled, ‘Dravidian Origin of Sanskrit’, posted in 2007 at a website of the Dravidian movement, states that Emeneau and Burrow have found 500 Dravidian words that had been borrowed by Sanskrit, and that the number of Dravidian loans being identified in Indo-Aryan is expected to reach 750. (Nandhivarman. Na 2007)",BI_B560,BI_Ch10_08_Nandhivarman_Dravidian-Origin-of-Sanskrit,"Nandhivarman, Na. Dravidian Origin of Sanskrit. 11 November 2007. http://nandhivarman. wordpress.eom/2007/ll/06/dravidian-origins-of-sanskrit/ (accessed 13 December 2009).",http://nandhivarman.wordpress.com/2007/11/06/dravidian-origins-of-sanskrit/,https://web.archive.org/web/20230409103632/https://nandhivarman.wordpress.com/2007/11/06/dravidian-origins-of-sanskrit/,Snapshot found,On OneDrive,,BI_B560_Nandhivarman_Dravidian-Origin-of-Sanskrit_nandhivarman-wordpress-com.pdf,https://1drv.ms/b/c/ACD215A5F926CFCE/IQC_u1bsFYZvS57p-oe-JbioAVmwJ0aCorWMwdwa3MGPBvg?download=1,,,Web address corrected from the earlier audit (the book's text read: http://nandhivarman) | Page saved as PDF (cover page + copy) from Wayback snapshot on 2026-10-08
BI_Ch10_09,Note,10,Chapter 10: Dravidian Academic-Activist Network Outside India,9,Book/Print,"(Southworth, 1979, 204)",BI_B745,BI_Ch10_09_Southworth_Lexical-Evidence-for-Early-Contacts-Between-Indo,"Southworth, Frrnklin. ‘Lexical Evidence for Early Contacts Between Indo- Aryan and Dravidian’. In Aryan and Non-Aryan in India, by Madhav Deshpande and Pecer Vook, 191-233. Ann Arbon: University of Michigan Press, 1979.",,,,To do,,,,204,https://www.google.com/search?tbm=bks&q=Lexical%20Evidence%20for%20Early%20Contacts%20Between%20Indo%20Aryan%20and%20Southworth,
BI_Ch10_10,Note,10,Chapter 10: Dravidian Academic-Activist Network Outside India,10,Book/Print,"(T. Burrow, 2001, 31-2)",BI_B103,BI_Ch10_10_Burrow_The-Sanskrit-Language,"Burrow, Thomas. The Sanskrit Language. New Delhi: Motilal Banarsidass Publications, 2001.",,,,To do,,,,31,https://www.google.com/search?tbm=bks&q=The%20Sanskrit%20Language%20New%20Delhi%20Motilal%20Banarsidass%20Publications%202001%20Burrow,
BI_Ch10_11,Note,10,Chapter 10: Dravidian Academic-Activist Network Outside India,11,Book/Print,"(Sharada. B.A and Chetana. M 2008) From a scholar with a mere 10 citations for his work during the 1950-59, the frequency of citations for Emeneau increased dramatically to 175 in the next decade (1960-69) and reached its peak during 1970-79 at 287 citations.",BI_B731,BI_Ch10_11_Sharada_web-Page-Creation-for-Eminent-Scholar-s,"Sharada, B.A, and Chetana, M. ‘web Page Creation for Eminent Scholar’s Contributions and Their Citations: M B Emeneau - A Case Study’. Indian Science 44, no. 15 (August 2008).",,,,To do,,,,,https://www.google.com/search?tbm=bks&q=web%20Page%20Creation%20for%20Eminent%20Scholar%20s%20Contributions%20and%20Sharada,
BI_Ch10_12,Note,10,Chapter 10: Dravidian Academic-Activist Network Outside India,12,Book/Print,"Leopold Sedar Sengkor would later become premier of Senegal, but the concept of ‘Negritude’ is considered today by African intellectuals themselves as ‘reverse racism’, (For more on this topic, see, (Nascimento 2007))",BI_B561,BI_Ch10_12_Nascimento_The-Sorcery-of-Color-Identity,"Nascimento, Elisa Larkin. The Sorcery of Color: Identity, Race, and Gender in Brazil. Temple University Press, 2007.",,,,To do,,,,,https://www.google.com/search?tbm=bks&q=The%20Sorcery%20of%20Color%20Identity%20Race%20and%20Gender%20in%20Nascimento,
BI_Ch10_13,Note,10,Chapter 10: Dravidian Academic-Activist Network Outside India,13,Book/Print,"(Young, 1976, 120)",BI_B1035,BI_Ch10_13_Young_The-Politics-of-Cultural-Pluralism,"Young, Crawford. The Politics of Cultural Pluralism. University of wisconsin Press, 1976.",,,,To do,,,,120,https://www.google.com/search?tbm=bks&q=The%20Politics%20of%20Cultural%20Pluralism%20University%20of%20wisconsin%20Press%20Young,
BI_Ch10_14,Note,10,Chapter 10: Dravidian Academic-Activist Network Outside India,14,URL,"(Annadurai. C.N and Nalankilli, 2005)",BI_B030,BI_Ch10_14_Annadurai_Tamil-Tribune,"Annadurai.C.N, and Thanjai Nalankilli. Tamil Tribune*. Speech Delivered at the Dravidar Kazagam State Conference in Tiruchi in the 1940s. (Translated from Tamil to English by Thanjai Nalankilli). May 2005. http://www.tamiltribune.com/05/0501.html (accessed 10 February 2009).",http://www.tamiltribune.com/05/0501.html,https://web.archive.org/web/20100722031139/http://www.tamiltribune.com:80/05/0501.html,Snapshot found,On OneDrive,,BI_B030_Annadurai_Tamil-Tribune_tamiltribune-com.pdf,https://1drv.ms/b/c/ACD215A5F926CFCE/IQAoezT8-q5ySICWi32SmgmvAYAficDSBlPNHMlF9UPnsuk?download=1,,,Page saved as PDF (cover page + copy) from Wayback snapshot on 2026-10-08
BI_Ch10_15,Note,10,Chapter 10: Dravidian Academic-Activist Network Outside India,15,Book/Print,"(Kutty, 1994) quoted in (Kumar, 1997, 448)",BI_B442,BI_Ch10_15_Kumar_The-Book-on-Trial,"Kumar, Girja. The Book on Trial. Har-Anand Publications, 1997.",,,,To do,,,,448,https://www.google.com/search?tbm=bks&q=The%20Book%20on%20Trial%20Har%20Anand%20Publications%201997%20Kumar,Also cites: BI_B450
BI_Ch10_16,Note,10,Chapter 10: Dravidian Academic-Activist Network Outside India,16,Book/Print,"{The Telegraph, 16 October 1994)",BI_B845,BI_Ch10_16_The-Telegraph_News,"The Telegraph.'Seshan Biography Angers Dravidian Parties’. News, 16 October 1994.",,,,To do,,,,,https://www.google.com/search?tbm=bks&q=News%2016%20October%201994%20The%20Telegraph.%27Seshan%20Biography%20Angers%20Dravidian%20Parties%E2%80%99,
BI_Ch10_17,Note,10,Chapter 10: Dravidian Academic-Activist Network Outside India,17,Book/Print,"(Annadurai., C.N, and Janarthanam. A.P, 1970, 63)",BI_B029,BI_Ch10_17_Annadurai_The-Anna-Commemoration-Volume,"Annadurai, C.N., and Janarthanam, A.P. The Anna Commemoration Volume. Chennai: Periyar Research Library, 1970.",,,,To do,,,,63,https://www.google.com/search?tbm=bks&q=The%20Anna%20Commemoration%20Volume%20Chennai%20Periyar%20Research%20Library%201970%20Annadurai,
BI_Ch10_18,Note,10,Chapter 10: Dravidian Academic-Activist Network Outside India,18,URL,See: http://news.chennaionline.com/newsitem.aspx?NEWSlD=lfa3dfe2-f995-4781-al90-331el0eb55b8&CATEGORYNAME=CHN (Accessed March 2010.),,BI_Ch10_18_news-chennaionline-com_newsitem,,http://news.chennaionline.com/newsitem.aspx?NEWSlD=lfa3dfe2-f995-4781-al90-331el0eb55b8&CATEGORYNAME=CHN,,,To do,,,,,,"No source matched: either a comment by the author, or a source to identify by hand | download failed - live page: Page.goto: net::ERR_NAME_NOT_RESOLVED at http://news.chennaionline.com | download failed - live page: Page.goto: net::ERR_NAME_NOT_RESOLVED at http://news.chennaionline.com"
BI_Ch10_19,Note,10,Chapter 10: Dravidian Academic-Activist Network Outside India,19,Book/Print,"Such a biography may suggest CIA involvement, but of course there is no conclusive evidence.",BI_B553,BI_Ch10_19_N_Jatia,"N. Jatia. ‘Development of Jains Outside Bihar’. In Encyclopaedia of Jainism, by Narendra Singh. Anmol Publications Pvt. Ltd., 2001.",,,,To do,,,,,https://www.google.com/search?tbm=bks&q=Jatia%20Development%20of%20Jains%20Outside%20Bihar%20In%20Encyclopaedia%20of%20N,[match: author only (unique)]
BI_Ch10_20,Note,10,Chapter 10: Dravidian Academic-Activist Network Outside India,20,URL,"Southworth, along with Michael witzel, directs the SARVA (South Asia Residual Vocabulary Assemblage) Project. The Project takes the form of a dictionary similar to the etymological dictionary prepared by Burrov/ and Emeneau.",BI_B746,BI_Ch10_20_The-Sarva_sas,"— ‘The SARVA (South Asia Residual Vocabulary Assembiage) Project’, ccat. sas.upenn.edu. 21 September 2005. http://ccat.sas.upenn.edu/-fsouth/SARVAProject2005.pdf (accessed 20 March 2008).",http://ccat.sas.upenn.edu/-fsouth/SARVAProject2005.pdf,,,To do,,,,,,[match: author+title] | download failed - live page: web server answered HTTP 404 | download failed - live page: web server answered HTTP 404
BI_Ch10_21,Note,10,Chapter 10: Dravidian Academic-Activist Network Outside India,21,URL,"(Bryant, 2001)",BI_B094,BI_Ch10_21_When-Scholarship_17-November-2001,"— ‘When Scholarship Matters: The Indo Aryan Origins Debate : A panel discussion Feld at the annual meeting of the American Academy of Religion in Denver’, www.barnard.edu. 17 November 2001. http://www.barnard.edu/religion/defamation/bryant.htm (accessed 30 March 2009).",http://www.barnard.edu/religion/defamation/bryant.him | http://www.barnard.edu/religion/defamation/bryant.htm,https://web.archive.org/web/20110109005753/http://www.barnard.edu/religion/defamation/bryant.htm,Snapshot found,On OneDrive,,BI_B094_When-Scholarship_17-November-2001_barnard-edu.pdf,https://1drv.ms/b/c/ACD215A5F926CFCE/IQCo-s0MI6LcTrTVmwR29-1yAXawAQE1BPh-tG-9fR8yS8Y?download=1,,,Web address corrected from the earlier audit (the book's text read: http://www.barnard.edu) | Page saved as PDF (cover page + copy) from Wayback snapshot on 2026-10-08
BI_Ch10_22,Note,10,Chapter 10: Dravidian Academic-Activist Network Outside India,22,Unlinked note,This ambitious project was conceived in the Fourth Harvard Round Table on the Ethnogenesis of South and Central Asia in May 2002.,,BI_Ch10_22,,,,,To do,,,,,,"No source matched: either a comment by the author, or a source to identify by hand"
BI_Ch10_23,Note,10,Chapter 10: Dravidian Academic-Activist Network Outside India,23,URL,(Southworth. 2005),BI_B746,BI_Ch10_23_The-Sarva_sas,"— ‘The SARVA (South Asia Residual Vocabulary Assembiage) Project’, ccat. sas.upenn.edu. 21 September 2005. http://ccat.sas.upenn.edu/-fsouth/SARVAProject2005.pdf (accessed 20 March 2008).",http://ccat.sas.upenn.edu/-fsouth/SARVAProject2005.pdf,,,To do,,,,,,download failed - live page: web server answered HTTP 404 | download failed - live page: web server answered HTTP 404
BI_Ch10_24,Note,10,Chapter 10: Dravidian Academic-Activist Network Outside India,24,Book/Print,"Since as ear’y as 1999, witzel’s philological substratum analysis has in a way rehashed Caldwell’s thesis to make Dravidians seem as foreign as Aryans: According to these, ideas, ‘The Dravida entered South Asia from the Iranian highlands. Their oldest vocabulary (Southworth and McAlpin) is that of a semi-nomadic, pastoral group, not of an agricaltural community.’ (witzel, 1999, 27). Discussing the Munda tribes in Madhya Pradesh, he has declared that ‘the language of the pre-Rigvedic Indus civilisation, at least in the Panjab, was of a (Para-) Austro-Asiatic lature’ (Witzel, 1999, 17) and that ‘Haryana and Uttar Pradesh once had a Para-Munda populakori that was acculturated by the Indo-Aryans.’ (Witzel, 1999, 46) Though Witzel has strongly singled out Munda as the indigenous Harappan builders, and propagated the hypothesis almost like an established fact, in reality he is careful to add a caveat in his academic papers. For example, he adds this caveat in the academic paper though he seldom refers to this unproven status of his pet hypothesis in his public lectures: ‘It must be stressed that neither the commonly found Dravidian nor Munda etymologies arc up to the present standard of linguistic analysis where both the root and all affixes are explained. That is why most of the subsequent etymologies have to be regarded preliminary.’ (Witzel, 1999) George Cardona, an eminent linguist from University of Pennsylvania, points out that with regard to Witzel’s pet theories on Munda substratum in Vedic language ‘conclusions and claims made are subject to doubt’ and explains that ‘. . . although Witzel gives a long list of Vedic terms in which he sees Para-Munda prefixes, he does not, as far as I can see, give examples of entire words demonstrably borrowed from Munda and which could have served as a basis for abstracting prefixes. Moreot^er, while asking rhetorically, “Is the Indus language therefore a kind of Proto-Munda.i’”, Witzel admits, “Against this may speak first of all, as Kupier states, that the RV substrate does not have infixes like Munda.’” (Cardona, 2003, 31) The pattern here is thus very reminiscent of the Yale Indologists: Lending credence to a ethnic hypothesis which has potential for creating ethnic tensions in Indian society even as the hypothesis may be academically weak and dubious.",BI_B112,BI_Ch10_24_Cardona_The-Indo-Aryan-Languages,"Cardona, George. The Indo-Aryan Languages. Routledge, 2003.",,,,To do,,,,27,https://www.google.com/search?tbm=bks&q=The%20Indo%20Aryan%20Languages%20Routledge%202003%20Cardona,"Also cites: BI_B942, BI_B943"
BI_Ch10_25,Note,10,Chapter 10: Dravidian Academic-Activist Network Outside India,25,URL,"(India Post, 2009)",BI_B378,BI_Ch10_25_India-Post_Maoists-resent-Hinduism-among-tribals,India Post. ‘Maoists resent Hinduism among tribals’. 2009. http://V/indiapost.com/article/perspective/4299/ (accessed December 2009).,http://indiapost.com/article/perspective/4299/,,,To do,,,,,,Web address corrected from the earlier audit (the book's text read: http://V/indiapost.com/article/perspective/4299/) | download failed - live page: web server answered HTTP 404 | download failed - live page: web server answered HTTP 404
BI_Ch10_26,Note,10,Chapter 10: Dravidian Academic-Activist Network Outside India,26,Unlinked note,"(Joshua Project, 2000:2009)",,BI_Ch10_26,,,,,To do,,,,,,"No source matched: either a comment by the author, or a source to identify by hand"
BI_Ch10_27,Note,10,Chapter 10: Dravidian Academic-Activist Network Outside India,27,Book/Print,"(witzel, 2008)",BI_B941,BI_Ch10_27_Witzel_Interesting-Perspective-on-Harappa-etc,"Witzel, Michael. ‘Interesting Perspective on Harappa etc. From Pakistan’. Indo-Eurasian Res earch Yahoo Groups (Messagettl0 1S9). Indo-EurasLa n Research Yahoo Groups, 25 May 2008.",,,,To do,,,,,https://www.google.com/search?tbm=bks&q=Interesting%20Perspective%20on%20Harappa%20etc%20From%20Pakistan%20Indo%20Eurasian%20Witzel,
BI_Ch10_28,Note,10,Chapter 10: Dravidian Academic-Activist Network Outside India,28,Book/Print,"Richard Sproat was the prime investigator (PI) for the project ‘Named Entity Recognition and Transliteration for 50 Languages’ funded by the Central Intelligence Agency with $377,930 (NBCHC040176, 30 September 2004, 29 September 2006). He was also the PI for the project ‘Language Adaptation for Colloquial Arabic’ with a Supplemental NSF grant from the National Se curity. Agency, September 2004-August 2005.",BI_B692,BI_Ch10_28_Richard_The-Gospel-of-Thomas,"Richard, Valantasis. The Gospel of Thomas. London; Nev/ York: Routledge, 1997.",,,,To do,,,,29,https://www.google.com/search?tbm=bks&q=The%20Gospel%20of%20Thomas%20London%20Nev%20York%20Routledge%201997%20Richard,[match: author only (unique)]
BI_Ch10_29,Note,10,Chapter 10: Dravidian Academic-Activist Network Outside India,29,URL,"(Farmer, W. Zaumen, et ah, 1998:2009)",BI_B261,BI_Ch10_29_The-Problem_Undate-d,"— ‘The problem of “reconstructed” Indus inscriptions’. Undate d. http://www; safarmer.com/inJus/reconstructions/axehead.hrnil (accessed 13 February 2010). Farmer, Steve, W. Zaumen, Richard Sproat, and Michael Witzel. ‘Project .Description: Simulating the Evolution of Political-Religious Extremism: Implication for International Policy Decisions’, www.safarmer.com. 1998:2009. http://www.safarmer.com/simulations.version.3.0.pdf (accessed 12 December 2009).",http://www | http://www.safarmer.com | http://www.safarmer.com/simulations.version.3.0.pdf,,,To do,,,,2009,,[match: author+title] | download failed - live page: Page.goto: net::ERR_NAME_NOT_RESOLVED at http://www/ | download failed - live page: Page.goto: net::ERR_NAME_NOT_RESOLVED at http://www/
BI_Ch10_30,Note,10,Chapter 10: Dravidian Academic-Activist Network Outside India,30,URL,"(Farmer, 1998:2009)",BI_B260,BI_Ch10_30_Steve-Farmers_1998,— Steve Farmers website. 1998.-2009. http://www.safarmcr.com/.,http://www.safarmer.com/,https://web.archive.org/web/20260911112128/https://safarmer.com/,Snapshot found,On OneDrive,,BI_B260_Steve-Farmers_1998_safarmer-com.pdf,https://1drv.ms/b/c/ACD215A5F926CFCE/IQAQ4KN4tE2SRKwaaQZYk9tbAcIFfj2OpkLkW2hTqBj9M_o?download=1,2009,,Also cites: BI_B261 | Web address corrected from the earlier audit (the book's text read: http://www.safarmcr.com/) | Page saved as PDF (cover page + copy) from live page on 2026-10-08
BI_Ch10_31,Note,10,Chapter 10: Dravidian Academic-Activist Network Outside India,31,Book/Print,"(Mahadevan, 2009)",BI_B489,BI_Ch10_31_The-Indus_The-Hindu,"— ‘The Indus ‘non-script’ is a Non-issue’. The Hindu, 3 May 2009.",,,,To do,,,,,https://www.google.com/search?tbm=bks&q=The%20Hindu%203%20May%202009%20%E2%80%94%20%E2%80%98The%20Indus%20%E2%80%98non-script%E2%80%99%20is%20a%20Non-issue%E2%80%99,
BI_Ch10_32,Note,10,Chapter 10: Dravidian Academic-Activist Network Outside India,32,Book/Print,"(Pfaffenberger, 1982, Preface)",BI_B616,BI_Ch10_32_Pfaffenberger_Caste-in-Tamil-Culture-The-Religious-Foundations,"Pfaffenberger, Bryan. Caste in Tamil Culture: The Religious Foundations of Sudra Domination in Tamil Sri Lanka. Syracuse University, 1982.",,,,To do,,,,,https://www.google.com/search?tbm=bks&q=Caste%20in%20Tamil%20Culture%20The%20Religious%20Foundations%20of%20Sudra%20Pfaffenberger,
BI_Ch10_33,Note,10,Chapter 10: Dravidian Academic-Activist Network Outside India,33,URL,"(www.tamilnation.org, 1991:Dead Link)",BI_B1007,BI_Ch10_33_Www_1991-International-Tamil-Eelam-Research-Conference,www.tamilnation.org. 1991 International Tamil Eelam Research Conference. 1991: Dead Link. http://www.tamilnation.org/conferences/US91/index. htm (accessed 10 January 2008).,http://www.tamilnation.org | http://www.tamilnation.org/conferences/US91/index,,,To do,,,,,,download failed - live page: Page.goto: net::ERR_CERT_COMMON_NAME_INVALID at http://www.tamilnation | download failed - live page: Page.goto: net::ERR_CERT_COMMON_NAME_INVALID at http://www.tamilnation
BI_Ch10_34,Note,10,Chapter 10: Dravidian Academic-Activist Network Outside India,34,URL,"(www.tamilnation.org, 1991 .-Dead Link)",BI_B1007,BI_Ch10_34_Www_1991-International-Tamil-Eelam-Research-Conference,www.tamilnation.org. 1991 International Tamil Eelam Research Conference. 1991: Dead Link. http://www.tamilnation.org/conferences/US91/index. htm (accessed 10 January 2008).,http://www.tamilnation.org | http://www.tamilnation.org/conferences/US91/index,,,To do,,,,,,download failed - live page: Page.goto: net::ERR_CERT_COMMON_NAME_INVALID at http://www.tamilnation | download failed - live page: Page.goto: net::ERR_CERT_COMMON_NAME_INVALID at http://www.tamilnation
BI_Ch10_35,Note,10,Chapter 10: Dravidian Academic-Activist Network Outside India,35,Book/Print,"For example, in his paper George Hart called ancient Tamils the most literate people comparable only to ancient Greeks in literacy. Note that the history of TamiIs has shown them as mixed with other peoples of India and did not keep a separate national identity in terms of language or culture. Here George Hart shows Tamils to be not only superior to rest of India but also as a separate national group like Greeks in ancient history.",BI_B321,BI_Ch10_35_Hart_Early-Evidence-of-Caste-in-South-India,"Hart, George. ‘Early Evidence of Caste in South India’. In Dimensions of^ Social Life: Essays in honor of David G. Mandelbaum^ by Paul Hockings. Mouton de Gruyter, 1987.",,,,To do,,,,,https://www.google.com/search?tbm=bks&q=Early%20Evidence%20of%20Caste%20in%20South%20India%20In%20Dimensions%20Hart,[match: author+title]
BI_Ch10_36,Note,10,Chapter 10: Dravidian Academic-Activist Network Outside India,36,Book/Print,"(Hodgin, 1991)",BI_B339,BI_Ch10_36_Hodgin_On-the-Use-of-Governmental-Aggj-ession,"Hodgin, Deanne. ‘On the Use of Governmental Aggj-ession to Suppress a Minority’s Quest for Self-determination’. International Tamil Eelam Research Conference. 1991.",,,,To do,,,,,https://www.google.com/search?tbm=bks&q=On%20the%20Use%20of%20Governmental%20Aggj%20ession%20to%20Suppress%20Hodgin,
BI_Ch10_37,Note,10,Chapter 10: Dravidian Academic-Activist Network Outside India,37,URL,"(www.tamilnation.org, 2004:Dead Link)",BI_B1008,BI_Ch10_37_Tamil-Nation_2004-Dead-Link,— Tamil Nation without a State. 2004: Dead Link. http://www.tamilnation.org/diaspora/tamilnadu.htm (accessed 23 August 2008).,http://www.tamilnation.org/diaspora/tamilnadu.htm,,,To do,,,,,,download failed - live page: Page.goto: net::ERR_CERT_COMMON_NAME_INVALID at http://www.tamilnation | download failed - live page: Page.goto: net::ERR_CERT_COMMON_NAME_INVALID at http://www.tamilnation
BI_Ch10_38,Note,10,Chapter 10: Dravidian Academic-Activist Network Outside India,38,Book/Print,"(Hart, 1987, 467-492)",BI_B321,BI_Ch10_38_Hart_Early-Evidence-of-Caste-in-South-India,"Hart, George. ‘Early Evidence of Caste in South India’. In Dimensions of^ Social Life: Essays in honor of David G. Mandelbaum^ by Paul Hockings. Mouton de Gruyter, 1987.",,,,To do,,,,467,https://www.google.com/search?tbm=bks&q=Early%20Evidence%20of%20Caste%20in%20South%20India%20In%20Dimensions%20Hart,
BI_Ch10_39,Note,10,Chapter 10: Dravidian Academic-Activist Network Outside India,39,Unlinked note,"(Amazon, 1999)",,BI_Ch10_39,,,,,To do,,,,,,"No source matched: either a comment by the author, or a source to identify by hand"
BI_Ch10_40,Note,10,Chapter 10: Dravidian Academic-Activist Network Outside India,40,URL,"(tamil.berkeley.edu, 2000). Also see for more detailed analysis of FeTNA and its suspected links to LTTE,",BI_B773,BI_Ch10_40_Tamil_Background,tamil.berkeley.edu. ‘Background’. Tamil Chair Berkeley.. 2000. http://tamil.berkeley.edu/Tami!%20Chair/Backgr()und.html (accessed 10 September 2008).,http://tamil.berkeley.edu/Tami!%20Chair/Backgr(,,,To do,,,,,,download failed - live page: Page.goto: net::ERR_CONNECTION_TIMED_OUT at http://tamil.berkeley.edu/ | download failed - live page: Page.goto: net::ERR_CONNECTION_TIMED_OUT at http://tamil.berkeley.edu/
BI_Ch10_41,Note,10,Chapter 10: Dravidian Academic-Activist Network Outside India,41,URL,"(Ilakkuvanar, 2008)",BI_B367,BI_Ch10_41_Ilakkuvanar_Comment-in-a-post-titled-Rice,"Ilakkuvanar. Comment in a post titled Rice, wheat and Hindi. 2008. http://forums.sulekha.com/forums/food/Rice-wheat-and-FIindi-3560.htm (accessed 10 January 2009).",http://forums.sulekha.com/forums/food/Rice-Wheat-and-Hindi-3560.htm,,,To do,,,,,,"Also cites: BI_B368, BI_B369, BI_B370 | Web address corrected from the earlier audit (the book's text read: http://forums.sulekha.com/forums/food/Rice-wheat-and-FIindi-3560.htm) | download failed - live page: Page.goto: net::ERR_CONNECTION_TIMED_OUT at http://forums.sulekha.com/ | download failed - live page: Page.goto: net::ERR_CONNECTION_TIMED_OUT at http://forums.sulekha.com/"
BI_Ch10_42,Note,10,Chapter 10: Dravidian Academic-Activist Network Outside India,42,URL,"(Ilakkuvanar, 2008) Comment in a post titled ‘Rice, wheat and Hindi’, Here agrees with the writer that Indian government is discriminating against its Tamil citizens and unduly favoring North India.",BI_B367,BI_Ch10_42_Ilakkuvanar_Comment-in-a-post-titled-Rice,"Ilakkuvanar. Comment in a post titled Rice, wheat and Hindi. 2008. http://forums.sulekha.com/forums/food/Rice-wheat-and-FIindi-3560.htm (accessed 10 January 2009).",http://forums.sulekha.com/forums/food/Rice-Wheat-and-Hindi-3560.htm,,,To do,,,,,,[match: author+title] | Web address corrected from the earlier audit (the book's text read: http://forums.sulekha.com/forums/food/Rice-wheat-and-FIindi-3560.htm) | download failed - live page: Page.goto: net::ERR_CONNECTION_TIMED_OUT at http://forums.sulekha.com/ | download failed - live page: Page.goto: net::ERR_CONNECTION_TIMED_OUT at http://forums.sulekha.com/
BI_Ch10_43,Note,10,Chapter 10: Dravidian Academic-Activist Network Outside India,43,URL,"(Ilakkuvanar, 2008)",BI_B367,BI_Ch10_43_Ilakkuvanar_Comment-in-a-post-titled-Rice,"Ilakkuvanar. Comment in a post titled Rice, wheat and Hindi. 2008. http://forums.sulekha.com/forums/food/Rice-wheat-and-FIindi-3560.htm (accessed 10 January 2009).",http://forums.sulekha.com/forums/food/Rice-Wheat-and-Hindi-3560.htm,,,To do,,,,,,"Also cites: BI_B368, BI_B369, BI_B370 | Web address corrected from the earlier audit (the book's text read: http://forums.sulekha.com/forums/food/Rice-wheat-and-FIindi-3560.htm) | download failed - live page: Page.goto: net::ERR_CONNECTION_TIMED_OUT at http://forums.sulekha.com/ | download failed - live page: Page.goto: net::ERR_CONNECTION_TIMED_OUT at http://forums.sulekha.com/"
BI_Ch10_44,Note,10,Chapter 10: Dravidian Academic-Activist Network Outside India,44,URL,"(Ilakkuvanar, 2008)",BI_B367,BI_Ch10_44_Ilakkuvanar_Comment-in-a-post-titled-Rice,"Ilakkuvanar. Comment in a post titled Rice, wheat and Hindi. 2008. http://forums.sulekha.com/forums/food/Rice-wheat-and-FIindi-3560.htm (accessed 10 January 2009).",http://forums.sulekha.com/forums/food/Rice-Wheat-and-Hindi-3560.htm,,,To do,,,,,,"Also cites: BI_B368, BI_B369, BI_B370 | Web address corrected from the earlier audit (the book's text read: http://forums.sulekha.com/forums/food/Rice-wheat-and-FIindi-3560.htm) | download failed - live page: Page.goto: net::ERR_CONNECTION_TIMED_OUT at http://forums.sulekha.com/ | download failed - live page: Page.goto: net::ERR_CONNECTION_TIMED_OUT at http://forums.sulekha.com/"
BI_Ch10_45,Note,10,Chapter 10: Dravidian Academic-Activist Network Outside India,45,URL,"(G. Hart, 2000)",BI_B324,BI_Ch10_45_Statement-On_Berkeley-Tamil-Chair,— ‘Statement on the Status of Tamil as a Classical Language’. Berkeley Tamil Chair. 11 April 2000. http://tamil.berkeley.edu/Tamil%20 Chair/TamilClassicalLanguage/TamilClassicalLgeLtr.html (accessed 28 September 2008).,http://tamil.berkeley.edu/Tamil%20Chair/TamilClassicalLanguage/TamilClassicalLgeLtr.html,,,To do,,,,,,Web address corrected from the earlier audit (the book's text read: http://tamil.berkeley.edu/Tamil%20) | download failed - live page: Page.goto: net::ERR_CONNECTION_TIMED_OUT at http://tamil.berkeley.edu/ | download failed - live page: Page.goto: net::ERR_CONNECTION_TIMED_OUT at http://tamil.berkeley.edu/
BI_Ch10_46,Note,10,Chapter 10: Dravidian Academic-Activist Network Outside India,46,URL,"(University of Chicago Chronicle, 2002)",BI_B895,BI_Ch10_46_University-Of_Norman-Cutler,"University of Chicago Chronicle. ""Norman Cutler, 1949-2002’. University of Chicago Chronicle. 28 March 2002. http://cnronicle.uchicago.edu/020328/obit-cutler.shtm (accessed 11 February 2008).",http://chronicle.uchicago.edu/020328/obit-cutler.shtml,,,On OneDrive,,BI_B895_University-Of_Norman-Cutler_chronicle-uchicago-edu.pdf,https://1drv.ms/b/c/ACD215A5F926CFCE/IQAb0lMUBUyFTrcHkxgwX-cJAfAPQOYk5r9t6ON1Xi99b2I?download=1,,,Web address corrected from the earlier audit (the book's text read: http://cnronicle.uchicago.edu/020328/obit-cutler.shtm) | Page saved as PDF (cover page + copy) from live page on 2026-10-08
BI_Ch10_47,Note,10,Chapter 10: Dravidian Academic-Activist Network Outside India,47,URL,"(Hart, 2006)",BI_B323,BI_Ch10_47_Sangam-Ambivalence_University-of-California-at-Berkely-Department-of,"— ‘Sangam Ambivalence in the Kamparamayanam: Papers Submitted at Second Annual Tamil Conference’. University of California at Berkely Department of South and South East Asian Studies, Center for South Asian Studies and Berkeley Tamil Chair. 22 April 2006. http://tamil.berkeley.edu/Tamil%20Conference%202006%207.0%20Site/Program%20and%20Abstracts.html (accessed 10 February 2009).",http://tamil.berkeley.edu/Tamil%20Conference%202006%207.0%20Site/Program%20and%20Abstracts.html,https://web.archive.org/web/20090509082631/http://tamil.berkeley.edu:80/Tamil%20Conference%202006%207.0%20Site/Program%20and%20Abstracts.html,Snapshot found,On OneDrive,,BI_B323_Sangam-Ambivalence_University-of-California-at-Berkely-Department-of_tamil-berkeley-edu.pdf,https://1drv.ms/b/c/ACD215A5F926CFCE/IQA_td8JCX_kSJxzOCH8I1AvAa1ajK4hI7DzcPoxtf1bH1o?download=1,,,Page saved as PDF (cover page + copy) from Wayback snapshot on 2026-10-08
BI_Ch10_48,Note,10,Chapter 10: Dravidian Academic-Activist Network Outside India,48,Unlinked note,"(Is.berkelcAJedu, 2005)",,BI_Ch10_48,,,,,To do,,,,,,"No source matched: either a comment by the author, or a source to identify by hand"
BI_Ch10_49,Note,10,Chapter 10: Dravidian Academic-Activist Network Outside India,49,Book/Print,"(Global Telugu Christian Ministries, 2003, 34)",BI_B300,BI_Ch10_49_Global-Telugu_Christian-Family-Conference,"Global Telugu Christian Ministries. ‘Christian Family Conference’. Souvenir, 2008.",,,,To do,,,,34,https://www.google.com/search?tbm=bks&q=Christian%20Family%20Conference%20Souvenir%202008%20Global%20Telugu%20Christian%20Ministries,[match: author only (unique)]
BI_Ch10_50,Note,10,Chapter 10: Dravidian Academic-Activist Network Outside India,50,Unlinked note,"(FeNA, 2001)",,BI_Ch10_50,,,,,To do,,,,,,"No source matched: either a comment by the author, or a source to identify by hand"
BI_Ch10_51,Note,10,Chapter 10: Dravidian Academic-Activist Network Outside India,51,Book/Print,(Chicago Tribune 23 August 2006),BI_B124,BI_Ch10_51_Chicago-Tribune_Congressman-s-Trip-Tied-to-Group-U,"Chicago Tribune. ‘Congressman’s Trip Tied to Group U.S. Considers Terrorists’. News, Chicago Tribune, 23 August 2006.",,,,To do,,,,,https://www.google.com/search?tbm=bks&q=Congressman%20s%20Trip%20Tied%20to%20Group%20U%20S%20Considers%20Chicago%20Tribune,
BI_Ch10_52,Note,10,Chapter 10: Dravidian Academic-Activist Network Outside India,52,URL,"(CNN, 2006)",BI_B136,BI_Ch10_52_Cnn_US-Charges-8-over-Tiger-Plot,"CNN. ‘US Charges 8 over “Tiger Plot”, edition.cnn.com. 21 August 2006. http://edition.cnn.com/2006/US/08/21/srilanka.terrGr/index.html (accessed 10 August 2009).",http://edition.cnn.com/2006/US/08/21/srilanka.terror/index.html,https://web.archive.org/web/20240604001440/http://edition.cnn.com/2006/US/08/21/srilanka.terror/index.html,Snapshot found,On OneDrive,,BI_B136_Cnn_US-Charges-8-over-Tiger-Plot_edition-cnn-com.pdf,https://1drv.ms/b/c/ACD215A5F926CFCE/IQBOWd8bWEr9T4AvN3tMmPC9AfpD2_Z5KsyNDEog0Be1fco?download=1,,,Web address corrected from the earlier audit (the book's text read: http://edition.cnn.com/2006/US/08/21/srilanka.terrGr/index.html) | Page saved as PDF (cover page + copy) from live page on 2026-10-08
BI_Ch10_53,Note,10,Chapter 10: Dravidian Academic-Activist Network Outside India,53,Unlinked note,"The Dalit empowerment and Dravidian separatist causes are often in conflict be cause th(^ Dravidian politics made use of identities that were both anti-Brahminical and anti-Dalit. In recent times there is a big , movement to bring together a section of Dalit activists and Dravidianists for the sake of defeating Hinduism.",,BI_Ch10_53,,,,,To do,,,,,,"No source matched: either a comment by the author, or a source to identify by hand"
BI_Ch10_54,Note,10,Chapter 10: Dravidian Academic-Activist Network Outside India,54,Book/Print,"For example, it screened a documentary on ritualistic prostitution and child sex-abuse allegedly prevalent amidst a particular Dalit community in Tamil Naclu. (www.kanavuppattarai.com, 2009) (Downloaded: October 2009. This domain name expired in December 2009). The film was shown across the US, in chapters of the Indian, Muslim Council. The authenticity of the documentary has been highly disputed. It is actually a one-sided propaganda with no opposing viewpoints presented. According to Dayalan of Arundathiyar Liberation Front, a Dalit organization, the girl portrayed as Mathamma in the cover of the CDs and website is actually a girl named Amutha who was studying in ninth standard then. The community leaders as well as leading Dalit leaders of Tamil Nadu investigated the place of documentary and contested the authenticity of the documentary. They wrote in the report that while the Dalit communities were suffering from poverty and diseases, certain NGOs are trying to make use of the situation and convert even their deities into sex workers. (Puthia-Kodangi 2004)",BI_B654,BI_Ch10_54_Puthia-Kodangi_Mathamma,"Puthia-Kodangi. ‘Mathamma’. (Tamil) Puthia-Kodangi, 2004.",,,,To do,,,,,https://www.google.com/search?tbm=bks&q=Mathamma%20Tamil%20Puthia%20Kodangi%202004%20Puthia-Kodangi,[match: author+title]
BI_Ch10_55,Note,10,Chapter 10: Dravidian Academic-Activist Network Outside India,55,Book/Print,"(Chicago Tribune, 23 August 2006)",BI_B124,BI_Ch10_55_Chicago-Tribune_Congressman-s-Trip-Tied-to-Group-U,"Chicago Tribune. ‘Congressman’s Trip Tied to Group U.S. Considers Terrorists’. News, Chicago Tribune, 23 August 2006.",,,,To do,,,,,https://www.google.com/search?tbm=bks&q=Congressman%20s%20Trip%20Tied%20to%20Group%20U%20S%20Considers%20Chicago%20Tribune,
BI_Ch10_56,Note,10,Chapter 10: Dravidian Academic-Activist Network Outside India,56,URL,"(Associated Press, 24 August 2006)",BI_B050,BI_Ch10_56_Associated-Press_Broken-and-at-the-Bottom-of-L,"Associated Press. ‘Broken and at the Bottom of L ife’s Heap’. wcar.a,.rc.net. 31 August 2001. http://wcar.alrc.net/mainfile2.pb.p/News/52/ (accessed 10 January 2009).",http://wcar.alrc.net/mainfile2.php/News/52/,,,To do,,,,,,"[match: author only (unique)] | Web address corrected from the earlier audit (the book's text read: http://wcar.alrc.net/mainfile2.pb.p/News/52/) | download failed - live page: page is empty or is an error page, not a real copy | download failed - live page: page is empty or is an error page, not a real copy"
BI_Ch10_57,Note,10,Chapter 10: Dravidian Academic-Activist Network Outside India,57,Book/Print,"(Kumaran, 2006)",BI_B444,BI_Ch10_57_Kumaran_FeTNA-letter-to-the-California-State-Board,"Kumaran, Thillai. ‘FeTNA letter to the California State Board of Education’ FeTNA, 19 February 2006.",,,,To do,,,,,https://www.google.com/search?tbm=bks&q=FeTNA%20letter%20to%20the%20California%20State%20Board%20of%20Education%20Kumaran,
BI_Ch10_58,Note,10,Chapter 10: Dravidian Academic-Activist Network Outside India,58,Book/Print,"(Kumaran, 2006)",BI_B444,BI_Ch10_58_Kumaran_FeTNA-letter-to-the-California-State-Board,"Kumaran, Thillai. ‘FeTNA letter to the California State Board of Education’ FeTNA, 19 February 2006.",,,,To do,,,,,https://www.google.com/search?tbm=bks&q=FeTNA%20letter%20to%20the%20California%20State%20Board%20of%20Education%20Kumaran,
BI_Ch10_59,Note,10,Chapter 10: Dravidian Academic-Activist Network Outside India,59,Book/Print,"(Viswanathan.S, 1998)",BI_B911,BI_Ch10_59_Viswanathan_Tamilology-and-a-German-Quest-Frontline,"Viswanathan, S. ‘Tamilology and a German Quest’ Frontline., 25 April- 8 May 1998.",,,,To do,,,,,https://www.google.com/search?tbm=bks&q=Tamilology%20and%20a%20German%20Quest%20Frontline%2025%20April%208%20Viswanathan,
BI_Ch10_60,Note,10,Chapter 10: Dravidian Academic-Activist Network Outside India,60,Book/Print,"(Malten, 17 March 1998)",BI_B496,BI_Ch10_60_Malten_Tamil-Studies-in-Germany,"Malten, Thomas. ‘Tamil Studies in Germany’. Lecture at Max Mueller Bhavan, Chennai, 17 March 1998.",,,,To do,,,,,https://www.google.com/search?tbm=bks&q=Tamil%20Studies%20in%20Germany%20Lecture%20at%20Max%20Mueller%20Bhavan%20Malten,
BI_Ch10_61,Note,10,Chapter 10: Dravidian Academic-Activist Network Outside India,61,Book/Print,"(Malten, 17 March 1998)",BI_B496,BI_Ch10_61_Malten_Tamil-Studies-in-Germany,"Malten, Thomas. ‘Tamil Studies in Germany’. Lecture at Max Mueller Bhavan, Chennai, 17 March 1998.",,,,To do,,,,,https://www.google.com/search?tbm=bks&q=Tamil%20Studies%20in%20Germany%20Lecture%20at%20Max%20Mueller%20Bhavan%20Malten,
BI_Ch10_62,Note,10,Chapter 10: Dravidian Academic-Activist Network Outside India,62,URL,"(Institute of Asian Studies, 2002)",BI_B385,BI_Ch10_62_Institute-Of_Institute-of-Asian-Studies,"Institute of Asian Studies. Institute of Asian Studies, Chennai: Pongal-2000 Project and the Online Tamil Lexicon. 2002. http://xlweb.com/heritage/asian/main.htm (accessed 12 February 2010).",http://xlweb.com/heritage/asian/main.htm,https://web.archive.org/web/20100323020632/http://xlweb.com:80/heritage/asian/main.htm,Snapshot found,On OneDrive,,BI_B385_Institute-Of_Institute-of-Asian-Studies_xlweb-com.pdf,https://1drv.ms/b/c/ACD215A5F926CFCE/IQDKYH0XZ6HcRrPC1fiqjBb3AVNDmYe5eKIbismXXfJe6yQ?download=1,,,Also cites: BI_B386 | Page saved as PDF (cover page + copy) from Wayback snapshot on 2026-10-08
BI_Ch10_63,Note,10,Chapter 10: Dravidian Academic-Activist Network Outside India,63,Book/Print,"Soms samples of his research papers: (Bergunder, 2004), (Bergunder, 2001).",BI_B069,BI_Ch10_63_Bergunder_Contested-Past-Anti-Brahminical-and-Hindu-Nationalist,"Bergunder, Michael. ‘Contested Past Anti-Brahminical and Hindu Nationalist Reconstructions of Indian Prehistory’. Historiographia Linguistica xxxi, no. 1 (2004): 59-104.",,,,To do,,,,,https://www.google.com/search?tbm=bks&q=Contested%20Past%20Anti%20Brahminical%20and%20Hindu%20Nationalist%20Reconstructions%20of%20Bergunder,Also cites: BI_B070
BI_Ch10_64,Note,10,Chapter 10: Dravidian Academic-Activist Network Outside India,64,Unlinked note,"(Dharma Deepika: Online Jourral, 2003)",,BI_Ch10_64,,,,,To do,,,,,,"No source matched: either a comment by the author, or a source to identify by hand"
BI_Ch10_65,Note,10,Chapter 10: Dravidian Academic-Activist Network Outside India,65,Book/Print,"(Schalk, 2002-2003)",BI_B716,BI_Ch10_65_Schalk_From-Do-and-Die-to-Do-or,"Schalk, Peter. ‘From “Do and Die” to “Do or Die”: Semantic Transformations of a Lethal Command on the Battlefield in Eelam/Lanka’. Orientalia Suecana 51-52 (2002-03): 391-398.",,,,To do,,,,,https://www.google.com/search?tbm=bks&q=From%20Do%20and%20Die%20to%20Do%20or%20Die%20Semantic%20Schalk,
BI_Ch10_66,Note,10,Chapter 10: Dravidian Academic-Activist Network Outside India,66,URL,"(Lund University, 2004)",BI_B477,BI_Ch10_66_Tamil-Panel_Swedish-South-Asian-Studies-Network-Lund-University,— ‘Tamil Panel: Panel 38’. Swedish South Asian Studies Network/Lund University. July 2004. http://www.sasnet.lu.se/panelabstracfs/38.htinl (accessed 10 January 2009).,http://www.sasnet.lu.se/panelabstracts/38.html,https://web.archive.org/web/20070610164606/http://www.sasnet.lu.se/panelabstracts/38.html,Snapshot found,On OneDrive,,BI_B477_Tamil-Panel_Swedish-South-Asian-Studies-Network-Lund-University_sasnet-lu-se.pdf,https://1drv.ms/b/c/ACD215A5F926CFCE/IQC9OdtyJZ2nQJeafuVyGshBARJtAymYpF-6-0AjSzdn5Sw?download=1,,,Web address corrected from the earlier audit (the book's text read: http://www.sasnet.lu.se/panelabstracfs/38.htinl) | Page saved as PDF (cover page + copy) from Wayback snapshot on 2026-10-08
BI_Ch10_67,Note,10,Chapter 10: Dravidian Academic-Activist Network Outside India,67,Book/Print,"(Schalk, 2007)",BI_B715,BI_Ch10_67_Schalk_Caivam-a-Religion-Among-Tamil-Speaking-Refugees,"Schalk, Peter. ‘Caivam - a Religion Among Tamil Speaking Refugees from Sri Lanka’. Refugee Survey Quarterly 26, no. 2 (2007): 91-107.",,,,To do,,,,,https://www.google.com/search?tbm=bks&q=Caivam%20a%20Religion%20Among%20Tamil%20Speaking%20Refugees%20from%20Sri%20Schalk,Also cites: BI_B717
BI_Ch10_68,Note,10,Chapter 10: Dravidian Academic-Activist Network Outside India,68,Book/Print,"(Schalk, 2007)",BI_B715,BI_Ch10_68_Schalk_Caivam-a-Religion-Among-Tamil-Speaking-Refugees,"Schalk, Peter. ‘Caivam - a Religion Among Tamil Speaking Refugees from Sri Lanka’. Refugee Survey Quarterly 26, no. 2 (2007): 91-107.",,,,To do,,,,,https://www.google.com/search?tbm=bks&q=Caivam%20a%20Religion%20Among%20Tamil%20Speaking%20Refugees%20from%20Sri%20Schalk,Also cites: BI_B717
BI_Ch10_69,Note,10,Chapter 10: Dravidian Academic-Activist Network Outside India,69,URL,"(Asian Tribune, 2008)",BI_B047,BI_Ch10_69_Asian-Tribune_Integrity-of-Roberts-Evan-Questioned,Asian Tribune. ‘Integrity of Roberts Evan Questioned’. 9 October 2008. http://www.asiantribuile.com/?q=node/13617 (accessed 10 January 2009).,http://www.asiantribune.com/?q=node/13517,https://web.archive.org/web/20081209045947/http://www.asiantribune.com:80/?q=node/13517,Snapshot found,On OneDrive,,BI_B047_Asian-Tribune_Integrity-of-Roberts-Evan-Questioned_asiantribune-com.pdf,https://1drv.ms/b/c/ACD215A5F926CFCE/IQDeuwQiemRdS6dFwSH4sZRwAdFpYCo5a4U_oF89T4PPKWc?download=1,,,Web address corrected from the earlier audit (the book's text read: http://www.asiantribuile.com/?q=node/13617) | Page saved as PDF (cover page + copy) from Wayback snapshot on 2026-10-08
BI_Ch10_70,Note,10,Chapter 10: Dravidian Academic-Activist Network Outside India,70,URL,"(Lund University, 2007)",BI_B476,BI_Ch10_70_Lund-University_Newsletter-77,"Lund University. ‘Newsletter 77’. Swedish South Asian Studies Network, Lund. 14 September 2007. http://www.sasnet.lu.se/newsletter77.html (accessed 10 January 2009).",http://www.sasnet.lu.se/newsletter77.html,https://web.archive.org/web/20080506185755/http://www.sasnet.lu.se:80/newsletter77.html,Snapshot found,On OneDrive,,BI_B476_Lund-University_Newsletter-77_sasnet-lu-se.pdf,https://1drv.ms/b/c/ACD215A5F926CFCE/IQBHQieVe-unQreFN027zK7TAfRejayVoxp8YoPy22SIFAs?download=1,,,Page saved as PDF (cover page + copy) from Wayback snapshot on 2026-10-08
BI_Ch10_71,Note,10,Chapter 10: Dravidian Academic-Activist Network Outside India,71,URL,"(Andersen and Schonbeck, 2008)",BI_B026,BI_Ch10_71_Andersen_Conversion-and-the-Rationalities-behind-Conversion,"Andersen, Peter B, and Oluf Schonbeck. ‘Conversion and the Rationalities behind Conversion'. 20th European Conference on Modern South Asian Studies: Panel 36 Christians, Cultural Interactions, and South Asia's Religious Traditions. 8-11 July 2008. http://www.arrs.manchester.ac.uk/ecmsas/panels/ecmsaspanel33to4 l/panelpdfs/FilcuploadmaxlOMb,l 34403,en.pdf (accessed 10 January 2009).",http://www.arrs.manchester.ac.uk/ecmsas/panels/ecmsaspanel33to4,,,To do,,,,,,"Earlier audit used a different address: http://www.arts.manchester.ac.uk/ecmsas/panels/ecmsaspanel33to4l/panelpdts/Fileuploadmax10Mb,134403,en.pdf | download failed - live page: Page.goto: net::ERR_NAME_NOT_RESOLVED at http://www.arrs.manchester.ac | download failed - live page: Page.goto: net::ERR_NAME_NOT_RESOLVED at http://www.arrs.manchester.ac"
BI_Ch11_01,Note,11,Chapter 11: Western Discourse on India’s Fragments,1,Unlinked note,"Atrocity literature is a technical term referring to literature generated by western interests with the explicit goal to show that the target non-Western culture is committing atrocities on its own people, and hence in need of Western intervention. This will be elaborated later in this chapter.",,BI_Ch11_01,,,,,To do,,,,,,"No source matched: either a comment by the author, or a source to identify by hand"
BI_Ch11_02,Note,11,Chapter 11: Western Discourse on India’s Fragments,2,Unlinked note,"For example, the product description of the translation of Tamil classic literature by Berkeley-based Tamil Studies scholar George Hart, describes it as being ‘ composed before Aryan influence had penetrated the South’ and that distinguishes it as confronting life ‘without the insulation of a philosophical facade’ and appreciates it as having universal appeal because ‘it makes no basic assumptions about karma and the afterlife.’ (Amazon, 1999)",,BI_Ch11_02,,,,,To do,,,,,,"No source matched: either a comment by the author, or a source to identify by hand"
BI_Ch11_03,Note,11,Chapter 11: Western Discourse on India’s Fragments,3,Book/Print,"Atrocity literature has been used by the American government to justify its interventions in a ‘guilt-free’ manner. For a historical analysis of atrocity literature and its devastating effect on non-White cultures encountered by White Americans, see: (Malhotra, 2009). For a theoretical framework of cultural violence, see (Gat lung, 1990). He defines cultural vi olence as ‘any aspect of a culture that can be used to legitimize violence in its direct or structural forms.’",BI_B494,BI_Ch11_03_Malhotra_American-Exceptionalism-and-the-Myth-of-the,"Malhotra, Rajiv. ‘American Exceptionalism and the Myth of the Frontiers’. In The Challenge of Eurocentrism, by Raja^ni Kannepalli Kanth, 171-216. New York: Palgrave Macmillan, 2009.",,,,To do,,,,,https://www.google.com/search?tbm=bks&q=American%20Exceptionalism%20and%20the%20Myth%20of%20the%20Frontiers%20In%20Malhotra,
BI_Ch11_04,Note,11,Chapter 11: Western Discourse on India’s Fragments,4,Book/Print,"A very good example of the power of atrocity literature manufactured by colonialism in Indian context is the phenomenon of Thugs. Researcher Martine van Woerkens, in a detailed analysis of the Thug phenomenon, reveals in the seminal work The Strangled Traveler that while it is true that ‘many different groups of Thugs actually did exist over the centuries the monsters the British made of them had much more to do with colonial imaginings of India than with the real Thugs.’ (Woerkens and Tihanyi, 2002)",BI_B944,BI_Ch11_04_Woerkens_Tihanyi,"Woerkens, Martine van, and Catherine. Tihanyi. The Strangled Traveler: Colonial Imaginings and the Thugs of India. University of Chicago Press, 2002.",,,,To do,,,,,https://www.google.com/search?tbm=bks&q=Tihanyi%20The%20Strangled%20Traveler%20Colonial%20Imaginings%20and%20the%20Thugs%20Woerkens,
BI_Ch11_05,Note,11,Chapter 11: Western Discourse on India’s Fragments,5,Unlinked note,"Many Americans criticized their government for using such propaganda tactics to build up the public frenzy prior to attacking Iraq in order to frame it as ‘savage war’. Human rights scholars compiled the atrocity literature about the plight of Arab women and other citizens, even if the condition of Arab, women was far direr in other Arab countries than it was in Iraq. The propagandistic roll of these scholars has not been widely acknowledged. This significant service to propaganda paid by scholars and the media should serve as impetus for further scholarly introspection into the role of academia and the news media in the creation of atrocity literature that directly influences American foreign policy. This should serve as reason for other scholars to introspect. Importantly, throughout the debates on what to do about the savages, there took place an intellectual game, the purpose of v/hich was to show that a fair and equitable due process was being carried out. Marimba Ani, a Black scholar, calls this ‘rhetorical e thics’ - a form of ethical hypocrisy that it is not meant to be carried out; it’s a mere pretence of carrying out complex procedures.",,BI_Ch11_05,,,,,To do,,,,,,"No source matched: either a comment by the author, or a source to identify by hand"
BI_Ch11_06,Note,11,Chapter 11: Western Discourse on India’s Fragments,6,Unlinked note,"In the American context, these affirmative act ion policies were designed to combat historic inequalities for African Americans, other minorities, and women in such fields as hiring, university entrance, etc. Developed in the 1970s, these policies have been under continuous attack from the far Right, and are gradually being phased out. For example, right-wing Congressman Trent Franks was cultivated by transnational organizations under the Dalit banner, which supplied him with atrocity literature. He introduced a bill in the US Congress that calls for interventionist measures by the United States in India’s caste problems. However, Trent Franks has been given a strong anti-affirmative-action rating by the National Association for the Advancement of Colored People, a major civil rights group in the US: in other words, his concern for racial justice and economic equality do not extend to his own countrymen.",,BI_Ch11_06,,,,,To do,,,,,,"No source matched: either a comment by the author, or a source to identify by hand"
BI_Ch11_07,Note,11,Chapter 11: Western Discourse on India’s Fragments,7,Book/Print,"The problem is not limited to forei gn Christian interventions. There are over twenty-eight thousand madrasas in India that teach the Qur’an as the core curriculum, sometimes with little science or secular education relevant to a modern career. The Saudis are the patrons of many of these madrasas, as sources of funding, teacher training and curriculum development. Contrary to popular belief, a well-entrenched caste system has existed for a long time among Muslims throughout South Asia, the upper castes being called Ashrafs and t he lower castes Ajlafs. The Ashraf are those deemed to have com e from Arabia or Iran while the Ajlaf are descendants cf converted Indians. There is considerable tension between these castes, often the Ajlaf revolts against the Ashraf, who are ceaselessly working to ‘upgrade’ the ‘purity’ of the Ajlaf. Therefore, madrasas run by Ashraf upper-caste Muslims teach in the Urdu language and in Arabic, in order to create a pan-Islamic identity that shifts t he local community from its ancestral identity. Madrasas run by Ajlaf lower-caste Muslims and other more Indo-centric rooted Indian Muslims tend to use the vernacular language and are less prone to advocate identity separatism. This project to ‘Ashrafize’ the India n Muslim enjoys support from very influential places. Ayesha Jalal, one of the co-directors of Harvard’s South Asia Program, ignores this pluralist Indo-centric roots of Indian in local cultural matrix, but champions what she calls ‘Muslim identity’ across South Asia and ‘difference from non-Muslims within India’. This ‘well bounded’ Muslim identity is being claimed to be inherently separate from all other Indians and to be inseparably linked with Pakistan and Bangladesh. This is a dangerous trend. Furthermore academics like Jalal are developing a theoretical justification and legitimization of Muslim communalism while they delegitimize Indian secularism and paint its Hindu culture as a threat. With a convuluted logic, she finds faults with India’s secular nationalism as being incapable to accept Muslim identity She pictures the Indian Muslim community as facing bigotry and organized violence from a determined section of the majority community. Even Indian Muslim scholar Mushirul Hasan, who is not sympathetic to Hindutva type of politics, is accused by her of glossing over ‘close imbrications between nationalism and majoritarianism’. (Jalal, 2000, 573) Her approach to the problem of Partition, which has been highly popularized in Indian media recently, has been termed as ‘revisionist’ by Danish historian Anders Hansen and falsified by the definitve three- volume work on partition by Indian historian Bimal Prasad. (Hansen, 2002, 10,11)",BI_B317,BI_Ch11_07_Hansen_Partition-and-Genocide-Manifestation-of-Violence-in,"Hansen, Anders Bjorn. Partition and Genocide: Manifestation of Violence in Punjab: 1937-1947. New Delhi: India Research.Press, 2002.",,,,To do,,,,573,https://www.google.com/search?tbm=bks&q=Partition%20and%20Genocide%20Manifestation%20of%20Violence%20in%20Punjab%201937%20Hansen,[match: author+title]
BI_Ch11_08,Note,11,Chapter 11: Western Discourse on India’s Fragments,8,Unlinked note,Martha Nussbaum is a prominent example of a warrior who is exacerbating the clashes among divese Indian communities.,,BI_Ch11_08,,,,,To do,,,,,,"No source matched: either a comment by the author, or a source to identify by hand"
BI_Ch11_09,Note,11,Chapter 11: Western Discourse on India’s Fragments,9,Book/Print,"(Thomas, 2008)",BI_B853,BI_Ch11_09_Thomas_Strong-Religion,"Thomas, Pradip Ninan. Strong Religion, Zealous Media: Christian Fundamentalism and Communication in India. New Delhi: Sage , Publications India, 2008.",,,,To do,,,,,https://www.google.com/search?tbm=bks&q=Strong%20Religion%20Zealous%20Media%20Christian%20Fundamentalism%20and%20Communication%20in%20Thomas,
BI_Ch12_01,Note,12,Chapter 12: The Afro-Dalit Movement,1,Book/Print,"(Longman, 2010)",BI_B470,BI_Ch12_01_Longman_Christianity-and-Genocide-in-Rwanda,"Longman, Timothy. Christianity and Genocide in Rwanda. Cambridge University Press, 2010.",,,,To do,,,,,https://www.google.com/search?tbm=bks&q=Christianity%20and%20Genocide%20in%20Rwanda%20Cambridge%20University%20Press%202010%20Longman,
BI_Ch12_02,Note,12,Chapter 12: The Afro-Dalit Movement,2,Book/Print,"(Swann, 1997)",BI_B762,BI_Ch12_02_Swann_On-the-Psycho-and-Sociogenesis-of-the,"Swann, de Bram. ‘On the Psycho and Sociogenesis of the Hatred of Distant Strangers: Reflections on Rwanda’. Theory, Culture & Society (SAGE) 14, no. 2 (1997): 105-122.",,,,To do,,,,,https://www.google.com/search?tbm=bks&q=On%20the%20Psycho%20and%20Sociogenesis%20of%20the%20Hatred%20of%20Swann,
BI_Ch12_03,Note,12,Chapter 12: The Afro-Dalit Movement,3,Book/Print,"(Caldwell, 1856:1998, 101,112)",BI_B107,BI_Ch12_03_Caldwell_A-Comparative-Grammar-of-the-Dravidian-or,"Caldwell, Robert. A Comparative Grammar of the Dravidian or South Indian Family of Languages. Charleston: Bibliolife LLC, 1856:2009.",,,,On OneDrive,https://archive.org/download/india.history.resource.92708/92708.pdf,BI_B107_Caldwell_A-Comparative-Grammar-of-the-Dravidian-or.pdf,https://1drv.ms/b/c/ACD215A5F926CFCE/IQDZphH-orteQpcsHEPx4wAqASUSMXUAGF65hKCMxkR6FWI?download=1,1998,https://www.google.com/search?tbm=bks&q=A%20Comparative%20Grammar%20of%20the%20Dravidian%20or%20South%20Indian%20Caldwell,"Also cites: BI_B108 | Free copy found in the earlier audit (archive.org) | CAUTION (earlier check): Caldwell belongs to A106/A107, not A105. Verified 1856 first-edition scan; the cited 2009 and 1998 reprints are not supplied. Both rows share this file. | Download provenance: https://archive.org/download/india.history.resource.92708/92708.pdf | Carried over from the earlier backup (A106_Caldwell_1856_Comparative-Grammar.pdf)"
BI_Ch12_04,Note,12,Chapter 12: The Afro-Dalit Movement,4,Unlinked note,"He is known by several other names, including Ramaswami, Thanthai Periyar, or E.V. Ramasamy Naicker - the last term being his caste title. His Dravidianist followers called him Periyar (‘great man’), as a counter to Mahatma (great soul) as Gandhi is called in India. The abbreviation to EVR was an attempt to distance himself from his original Hindu name, since he was actively demonizing Hindus. For simplicity, the present volume will refer to him as Ramasamy or EVR.",,BI_Ch12_04,,,,,To do,,,,,,"No source matched: either a comment by the author, or a source to identify by hand"
BI_Ch12_05,Note,12,Chapter 12: The Afro-Dalit Movement,5,Book/Print,"(Ramasamy. E.V. 1940:2007, 6)",BI_B674,BI_Ch12_05_Ramasamy_Dravidar-Aryar,"Ramasamy, E.V. Dravidar-Aryar (Tamil). Periyar Dravida Kazhagam, 1940:2007.",,,,To do,,,,2007,https://www.google.com/search?tbm=bks&q=Dravidar%20Aryar%20Tamil%20Periyar%20Dravida%20Kazhagam%201940%202007%20Ramasamy,
BI_Ch12_06,Note,12,Chapter 12: The Afro-Dalit Movement,6,Book/Print,"(Pandian, 1987, 63)",BI_B608,BI_Ch12_06_Pandian_Caste,"Pandian, Jacob. Caste, Nationalism, and Ethnicity: An Interpretation of Tamil Cultural History and Social Order. Popular Prakashan, 1987.",,,,To do,,,,63,https://www.google.com/search?tbm=bks&q=Caste%20Nationalism%20and%20Ethnicity%20An%20Interpretation%20of%20Tamil%20Cultural%20Pandian,
BI_Ch12_07,Note,12,Chapter 12: The Afro-Dalit Movement,7,Book/Print,"(Rudolph, 1979, 413,417)",BI_B702,BI_Ch12_07_Rudolph_Urban-Life-and-Populist-Radicalism-Dravidian-Politics,"Rudolph, Lloyd 1. ‘Urban Life and Populist Radicalism: Dravidian Politics in Madras’. In Urban Sociology in India, by Rao, M.S.A. Orient Longman, 1979.",,,,To do,,,,413,https://www.google.com/search?tbm=bks&q=Urban%20Life%20and%20Populist%20Radicalism%20Dravidian%20Politics%20in%20Madras%20Rudolph,
BI_Ch12_08,Note,12,Chapter 12: The Afro-Dalit Movement,8,Book/Print,"(Devanesan, A., 2004, 8-12)",BI_B191,BI_Ch12_08_Devanesan_History-of-Tamil-Nadu,"Devanesan, A. History of Tamil Nadu (up to AD 2000). Marthandam: Renu Publications, 2004.",,,,To do,,,,8,https://www.google.com/search?tbm=bks&q=History%20of%20Tamil%20Nadu%20up%20to%20AD%202000%20Marthandam%20Devanesan,
BI_Ch12_09,Note,12,Chapter 12: The Afro-Dalit Movement,9,Book/Print,(Parker 1918:1978),BI_B610,BI_Ch12_09_Parker_Children-of-the-Sun,"Parker, George we’ls. Children of the Sun. Baltimore: Black Classic Press, 1918:1978.",,,,To do,,,,1978,https://www.google.com/search?tbm=bks&q=Children%20of%20the%20Sun%20Baltimore%20Black%20Classic%20Press%201918%20Parker,
BI_Ch12_10,Note,12,Chapter 12: The Afro-Dalit Movement,10,Book/Print,"(Houston, 1926:2007, 170,171-2) Note that Cushites were descendants of Ham. (Bromiley, 1994, 1059)",BI_B090,BI_Ch12_10_Bromiley_International-Standard-Bible-Encyclopedia,"Bromiley, Geffery William. International Standard Bible Encyclopedia. Wm. B. Eerdman’s Publishing, 1994.",,,,To do,,,,2007,https://www.google.com/search?tbm=bks&q=International%20Standard%20Bible%20Encyclopedia%20Wm%20B%20Eerdman%20s%20Publishing%20Bromiley,Also cites: BI_B342
BI_Ch12_11,Note,12,Chapter 12: The Afro-Dalit Movement,11,Book/Print,"(Hope, 1968, 34)",BI_B340,BI_Ch12_11_Hope_America-and-Swaraj-The-US-Role-in,"Hope, Guy Ashley. America and Swaraj: The US Role in Indian Independence. Public Affairs Press, 1968.",,,,To do,,,,34,https://www.google.com/search?tbm=bks&q=America%20and%20Swaraj%20The%20US%20Role%20in%20Indian%20Independence%20Hope,
BI_Ch12_12,Note,12,Chapter 12: The Afro-Dalit Movement,12,Book/Print,"(ACCES 2002, 1), Published by Chuma promotion, distribution and consultancy service, c/o 23, Glentworth Road, Radford, Notingham NG7 5QN, Tel: 0115 847 7323, Supported by: ACCESS Afrikan Caribbean Cultural Education services (Nottingham) Tel: 0115 8477232",BI_B006,BI_Ch12_12_Acces_Afrikan-History-Diary-2002-with-amazing-facts,"ACCES. ‘Afrikan History Diary 2002 with amazing facts about Afrikan people, culture, history, wise sayings, fables and proverbs’. Afrikan Caribbean Cultural Education Services (ACCES), 2002.",,,,To do,,,,1,https://www.google.com/search?tbm=bks&q=Afrikan%20History%20Diary%202002%20with%20amazing%20facts%20about%20Afrikan%20ACCES,
BI_Ch12_13,Note,12,Chapter 12: The Afro-Dalit Movement,13,Book/Print,"(ACCES, 2002, 20)",BI_B006,BI_Ch12_13_Acces_Afrikan-History-Diary-2002-with-amazing-facts,"ACCES. ‘Afrikan History Diary 2002 with amazing facts about Afrikan people, culture, history, wise sayings, fables and proverbs’. Afrikan Caribbean Cultural Education Services (ACCES), 2002.",,,,To do,,,,20,https://www.google.com/search?tbm=bks&q=Afrikan%20History%20Diary%202002%20with%20amazing%20facts%20about%20Afrikan%20ACCES,
BI_Ch12_14,Note,12,Chapter 12: The Afro-Dalit Movement,14,Book/Print,"(Arewa, 1997)",BI_B036,BI_Ch12_14_Arewa_Yoga-Complete-holistic-care-system,"Arewa, Caroline Shola. ‘Yoga: Complete holistic care system’. Pride Magazine, July 1997.",,,,To do,,,,,https://www.google.com/search?tbm=bks&q=Yoga%20Complete%20holistic%20care%20system%20Pride%20Magazine%20July%201997%20Arewa,
BI_Ch12_15,Note,12,Chapter 12: The Afro-Dalit Movement,15,Book/Print,"(ACCES, 2002, 42)",BI_B006,BI_Ch12_15_Acces_Afrikan-History-Diary-2002-with-amazing-facts,"ACCES. ‘Afrikan History Diary 2002 with amazing facts about Afrikan people, culture, history, wise sayings, fables and proverbs’. Afrikan Caribbean Cultural Education Services (ACCES), 2002.",,,,To do,,,,42,https://www.google.com/search?tbm=bks&q=Afrikan%20History%20Diary%202002%20with%20amazing%20facts%20about%20Afrikan%20ACCES,
BI_Ch12_16,Note,12,Chapter 12: The Afro-Dalit Movement,16,Book/Print,"(ACCES, 2002, 7,66,72)",BI_B006,BI_Ch12_16_Acces_Afrikan-History-Diary-2002-with-amazing-facts,"ACCES. ‘Afrikan History Diary 2002 with amazing facts about Afrikan people, culture, history, wise sayings, fables and proverbs’. Afrikan Caribbean Cultural Education Services (ACCES), 2002.",,,,To do,,,,7,https://www.google.com/search?tbm=bks&q=Afrikan%20History%20Diary%202002%20with%20amazing%20facts%20about%20Afrikan%20ACCES,
BI_Ch12_17,Note,12,Chapter 12: The Afro-Dalit Movement,17,Book/Print,"(ACCES, 2002, 50)",BI_B006,BI_Ch12_17_Acces_Afrikan-History-Diary-2002-with-amazing-facts,"ACCES. ‘Afrikan History Diary 2002 with amazing facts about Afrikan people, culture, history, wise sayings, fables and proverbs’. Afrikan Caribbean Cultural Education Services (ACCES), 2002.",,,,To do,,,,50,https://www.google.com/search?tbm=bks&q=Afrikan%20History%20Diary%202002%20with%20amazing%20facts%20about%20Afrikan%20ACCES,
BI_Ch12_18,Note,12,Chapter 12: The Afro-Dalit Movement,18,URL,"It is a colonial research organization which has been reinvented as centre for sponsoring Afro-centric research (Wikipaedia Entry, 2008)",BI_B922,BI_Ch12_18_Wikipaedia-Entry_Institut-Fondamental-d-Afrique-Noire,wikipaedia entry. ‘Institut Fondamental d’Afrique Noire’. Wikipaedia. 17 March 2008. http://en.wikipedla.org/wiki/lnstitut_Fondam.ental_d Afrique_Noire (accessed 10 January 2009).,http://en.wikipedla.org/wiki/lnstitut_Fondam.ental_d,,,To do,,,,,,Earlier audit used a different address: http://en.wikipedia.org/wiki/Institut_Fondamental_dAfrique_Noire | download failed - live page: Page.goto: net::ERR_NAME_NOT_RESOLVED at http://en.wikipedla.org/wiki/ | download failed - live page: Page.goto: net::ERR_NAME_NOT_RESOLVED at http://en.wikipedla.org/wiki/
BI_Ch12_19,Note,12,Chapter 12: The Afro-Dalit Movement,19,Book/Print,"(Winters, 1979)",BI_B937,BI_Ch12_19_The-Genetic_Proceedings-of-the-First-International-Symposium-on,"— ‘The Genetic Unity of Dravidian and African Languages and Culture’. Proceedings of the First International Symposium on Asian Studies (PIISAS). Hong Kong: Asian Research Service, 1979.",,,,To do,,,,,https://www.google.com/search?tbm=bks&q=Proceedings%20of%20the%20First%20International%20Symposium%20on%20Asian%20Studies%20%E2%80%94%20%E2%80%98The%20Genetic%20Unity%20of%20Dravidian%20and%20African%20Languages%20and%20Culture%E2%80%99,
BI_Ch12_20,Note,12,Chapter 12: The Afro-Dalit Movement,20,Book/Print,"(Winters, 1980)",BI_B935,BI_Ch12_20_Winters_Are-Dravidians-of-African-Origin,"Winters, Clyde Ahmad. ‘Are Dravidians of African Origin?’ P. Second ISAS. Hong Kong: Asian Research Service, 1980. 789-807.",,,,To do,,,,,https://www.google.com/search?tbm=bks&q=Are%20Dravidians%20of%20African%20Origin%20P%20Second%20ISAS%20Hong%20Winters,
BI_Ch12_21,Note,12,Chapter 12: The Afro-Dalit Movement,21,Book/Print,"(Winters, 1984)",BI_B938,BI_Ch12_21_Winters_The-Harappan-writing-of-the-Copper-Tablets,"Winters, Cly<de Ahmad. ‘The Harappan writing of the Copper Tablets’. Journal of Indian History LXll, no. 13 (1984): 1-5.",,,,To do,,,,,https://www.google.com/search?tbm=bks&q=The%20Harappan%20writing%20of%20the%20Copper%20Tablets%20Journal%20of%20Winters,
BI_Ch12_22,Note,12,Chapter 12: The Afro-Dalit Movement,22,Book/Print,"(Winters, 1985)",BI_B936,BI_Ch12_22_Winters_The-Far-Eastern-Origin-of-the-Tamils,"Winters, Clyde Ahmad. ‘The Far Eastern Origin of the Tamils’. Journal of Tamil Studies. 1985: 65-92.",,,,To do,,,,,https://www.google.com/search?tbm=bks&q=The%20Far%20Eastern%20Origin%20of%20the%20Tamils%20Journal%20of%20Winters,"Also cites: BI_B939, BI_B940"
BI_Ch12_23,Note,12,Chapter 12: The Afro-Dalit Movement,23,Book/Print,"(Winters, 1985)",BI_B936,BI_Ch12_23_Winters_The-Far-Eastern-Origin-of-the-Tamils,"Winters, Clyde Ahmad. ‘The Far Eastern Origin of the Tamils’. Journal of Tamil Studies. 1985: 65-92.",,,,To do,,,,,https://www.google.com/search?tbm=bks&q=The%20Far%20Eastern%20Origin%20of%20the%20Tamils%20Journal%20of%20Winters,"Also cites: BI_B939, BI_B940"
BI_Ch12_24,Note,12,Chapter 12: The Afro-Dalit Movement,24,Book/Print,"(Winters, 1985)",BI_B936,BI_Ch12_24_Winters_The-Far-Eastern-Origin-of-the-Tamils,"Winters, Clyde Ahmad. ‘The Far Eastern Origin of the Tamils’. Journal of Tamil Studies. 1985: 65-92.",,,,To do,,,,,https://www.google.com/search?tbm=bks&q=The%20Far%20Eastern%20Origin%20of%20the%20Tamils%20Journal%20of%20Winters,"Also cites: BI_B939, BI_B940"
BI_Ch12_25,Note,12,Chapter 12: The Afro-Dalit Movement,25,Book/Print,"For example, in an Internet forum of linguists, Clyde Winters wrote: ‘In addition to the anthropological/archeological evidence, other researchers note a genetic relationship between Dravidian and African languages.’ He then cited a paper by Aravanan in Journal of Tamil Studies. Peter. T. Daniels, a historical linguist from Cornell University, responded: ‘The editor’s article collects the Tamil legends about a submerged continent and the Tamil Academies that were drowned. The two longest articles are a reprint of a piece by Mile Homburger, whose crackpottery was exposed in the early 1950s, and an essay on the lost continents of Lemuria and Mu. There is a long introductory essay by the president of Senegal, Leopold Senghor, and several articles on physical anthropology, and only one on languages.’ Daniels also examined the nature of the thesis of another two authors, Upadhyaya, P. and Upadhyaya, S.P, who advocate the Afro-Dravidian theory, and are often quoted as authorities by other Afrocentrists: ‘U & U compare exactly three African languages—Wolof, Serer, and Fulani—with individual Dravidian languages, pointing out (irrelevant) typological similarities and a host of lexical resemblances that exhibit no systematicity whatsoever. Such lexical resemblances can be discovered between any pair of languages at all’ (Daniels, 2005)",BI_B164,BI_Ch12_25_Daniels_Summation-Re-ANE-Why-is-anyone-continuing,"Daniels, Peter T. Summation Re: ^ANE] ‘Why is anyone continuing to flog this dead horse?’ University of Chicago. 11 December 2005. https;// listhoStuchicago.ed j/pipermail/ane/2005-December/021225.html (accessed 5 November 2008).",,,,To do,,,,,https://www.google.com/search?tbm=bks&q=Summation%20Re%20ANE%20Why%20is%20anyone%20continuing%20to%20flog%20Daniels,
BI_Ch12_26,Note,12,Chapter 12: The Afro-Dalit Movement,26,Book/Print,"For example, in 1905 Jospeh Elias Hayne, an Afro-American clergyman, physician, and author, wrote a detailed polemical piece titled ‘The Amonian or Hamitic origin of the ancient Greeks, Cretans, and all the Celtic races’.",BI_B416,BI_Ch12_26_Jospeh_Six-St-Thomases-of-South-India-A,"Jospeh, T.K. Six St Thomases of South India: A Muslim Non-Martyr (Thawwami) Made Martyr After 1517 A.D. Bharatha Deepam Press, 1955.",,,,To do,,,,,https://www.google.com/search?tbm=bks&q=Six%20St%20Thomases%20of%20South%20India%20A%20Muslim%20Non%20Jospeh,[match: author only (unique)]
BI_Ch12_27,Note,12,Chapter 12: The Afro-Dalit Movement,27,Book/Print,"James Cone quoted in (William R. Jones, 2003, 856)",BI_B931,BI_Ch12_27_William-R_In-African-American-Religious-Thought-An-Anthology,"William R Jones, ‘E>ivine Racism: The Unacknowledged Threshold Issue for Black Theology’. In African American Religious Thought: An Anthology. by Cornel West and Eddie Glaube. Westminster: John Knox Press, 2003.",,,,To do,,,,856,https://www.google.com/search?tbm=bks&q=In%20African%20American%20Religious%20Thought%20An%20Anthology%20by%20Cornel%20William%20R%20Jones,
BI_Ch12_28,Note,12,Chapter 12: The Afro-Dalit Movement,28,Book/Print,"(Kamau, 2004)",BI_B421,BI_Ch12_28_Kamau_A-history-of-racial-tension,"Kamau, Pius. ‘A history of racial tension’. Denver Post, 28 April 2004.",,,,To do,,,,,https://www.google.com/search?tbm=bks&q=A%20history%20of%20racial%20tension%20Denver%20Post%2028%20April%20Kamau,
BI_Ch12_29,Note,12,Chapter 12: The Afro-Dalit Movement,29,Book/Print,"(Kamau, 2004)",BI_B421,BI_Ch12_29_Kamau_A-history-of-racial-tension,"Kamau, Pius. ‘A history of racial tension’. Denver Post, 28 April 2004.",,,,To do,,,,,https://www.google.com/search?tbm=bks&q=A%20history%20of%20racial%20tension%20Denver%20Post%2028%20April%20Kamau,
BI_Ch12_30,Note,12,Chapter 12: The Afro-Dalit Movement,30,Book/Print,"(Hindu Press International Archives, 2004)",BI_B329,BI_Ch12_30_Hindu-Press_Denver-Post-Column-Drav-s-Criticism,"Hindu Press International Archives. ‘Denver Post Column Drav/s Criticism’. , Hindu Press InternaJ’ional, 1 May 2004.",,,,To do,,,,,https://www.google.com/search?tbm=bks&q=Denver%20Post%20Column%20Drav%20s%20Criticism%20Hindu%20Press%20InternaJ%20Hindu%20Press%20International%20Archives,
BI_Ch12_31,Note,12,Chapter 12: The Afro-Dalit Movement,31,Book/Print,"(Yesuvadian, 2002, 78,79,81,82-3)",BI_B1032,BI_Ch12_31_Yesuvadian_India-is-a-Christian-Nation,"Yesuvadian, Sunder M (a) Mankad M.S. India is a Christian Nation. Nagerkovil: Anaryan Publication, 2002.",,,,To do,,,,78,https://www.google.com/search?tbm=bks&q=India%20is%20a%20Christian%20Nation%20Nagerkovil%20Anaryan%20Publication%202002%20Yesuvadian,
BI_Ch12_32,Note,12,Chapter 12: The Afro-Dalit Movement,32,Book/Print,"(Yesuvadian, 2002, 82-3)",BI_B1032,BI_Ch12_32_Yesuvadian_India-is-a-Christian-Nation,"Yesuvadian, Sunder M (a) Mankad M.S. India is a Christian Nation. Nagerkovil: Anaryan Publication, 2002.",,,,To do,,,,82,https://www.google.com/search?tbm=bks&q=India%20is%20a%20Christian%20Nation%20Nagerkovil%20Anaryan%20Publication%202002%20Yesuvadian,
BI_Ch12_33,Note,12,Chapter 12: The Afro-Dalit Movement,33,Book/Print,"(Yesuvadian, 2002, 115)",BI_B1032,BI_Ch12_33_Yesuvadian_India-is-a-Christian-Nation,"Yesuvadian, Sunder M (a) Mankad M.S. India is a Christian Nation. Nagerkovil: Anaryan Publication, 2002.",,,,To do,,,,115,https://www.google.com/search?tbm=bks&q=India%20is%20a%20Christian%20Nation%20Nagerkovil%20Anaryan%20Publication%202002%20Yesuvadian,
BI_Ch12_34,Note,12,Chapter 12: The Afro-Dalit Movement,34,URL,"(Dalit Voice Archives, 2006) Donald McCavran was one of the pioneering protestant missionaries in the Dalit Christian movement who supported Rajshekar.",BI_B158,BI_Ch12_34_Dalit-Voice_Dalit-Voice-Archives,Dalit Voice Archives. Dalit Voice Archives. January 2006. http://wv/w. dalitvoice.orgZremplates/jan2006/articles.htTi (accessed September 2008).,http://wv/w,,,To do,,,,,,download failed - live page: Page.goto: net::ERR_NAME_NOT_RESOLVED at http://wv/w | download failed - live page: Page.goto: net::ERR_NAME_NOT_RESOLVED at http://wv/w
BI_Ch12_35,Note,12,Chapter 12: The Afro-Dalit Movement,35,Book/Print,"For example, the book African Presence in Early Asia, speaks of Dalit Voice thus: ‘The English language fortnightly newspaper Dalit Voice, edited by noted activist, author and journalist V.T. Rajshekar, is the best regular publication on the struggling Black untouchables of India.’ (Sertima 1988, 245)",BI_B727,BI_Ch12_35_Sertima_African-Presence-in-Early-Asia,"Sertima, Ivan Van. African Presence in Early Asia. Transaction publishers, 1988.",,,,To do,,,,245,https://www.google.com/search?tbm=bks&q=African%20Presence%20in%20Early%20Asia%20Transaction%20publishers%201988%20Sertima,
BI_Ch12_36,Note,12,Chapter 12: The Afro-Dalit Movement,36,Book/Print,"(Dalit Voice, 2007, 25) and (Rajshekar V.T, 2007)",BI_B157,BI_Ch12_36_Dalit-Voice_Israel-knew-of,"Dalit Voice. ‘Israel knew of. 9/1 1 WTC attack?’ Dcilit Voice, 1 Apri l 2007.",,,,To do,,,,25,https://www.google.com/search?tbm=bks&q=Israel%20knew%20of%209%201%201%20WTC%20attack%20Dcilit%20Dalit%20Voice,"Also cites: BI_B159, BI_B661, BI_B663"
BI_Ch12_37,Note,12,Chapter 12: The Afro-Dalit Movement,37,Book/Print,"(Dalit Voice, 2007)",BI_B157,BI_Ch12_37_Dalit-Voice_Israel-knew-of,"Dalit Voice. ‘Israel knew of. 9/1 1 WTC attack?’ Dcilit Voice, 1 Apri l 2007.",,,,To do,,,,,https://www.google.com/search?tbm=bks&q=Israel%20knew%20of%209%201%201%20WTC%20attack%20Dcilit%20Dalit%20Voice,Also cites: BI_B159
BI_Ch12_38,Note,12,Chapter 12: The Afro-Dalit Movement,38,URL,"(Shariff, 2005)",BI_B733,BI_Ch12_38_Shariff_Brighter-Side-of-Hitler-DV-to-Reveal,"Shariff, Iqbal Ahmed. ‘Brighter Side of Hitler: DV to Reveal Facts Suppressed by History’. Dalit Voice. June 2005. http://www.dalitvoice.org/Templates/june2005/ articles.htm (accessed 30 March 2009).",http://www.dalitvoice.org/Templates/june2005/articles.htm,https://web.archive.org/web/20060222060114/https://dalitvoice.org:80/Templates/june2005/articles.htm,Snapshot found,On OneDrive,,BI_B733_Shariff_Brighter-Side-of-Hitler-DV-to-Reveal_dalitvoice-org.pdf,https://1drv.ms/b/c/ACD215A5F926CFCE/IQDCqkx_zGCZTo_wEnr7Ik5CAcXo1sPv7-4WEL54JYIrNR0?download=1,,,Web address corrected from the earlier audit (the book's text read: http://www.dalitvoice.org/Templates/june2005/) | Page saved as PDF (cover page + copy) from Wayback snapshot on 2026-10-08
BI_Ch12_39,Note,12,Chapter 12: The Afro-Dalit Movement,39,Unlinked note,"Rajshekar also attacks Mahatma Gandhi. For example, Velu Annamalai, PhD, a native of Tamil Nadu, India, is the president of the International Dalit Support Group and the author of Sergeant-Major M.K. Gandhi, published by the Dalit Sahitya Akademy in Bengaluru (V.T. Rajasekhar Group), India in 1995. He currently resides in New Orleans, Louisiana. He writes to ‘expose’ how Gandhi was against Afro-Dalits arid wants blacks to debunk the ‘Myth of Mohandas K. Gandhi’.",,BI_Ch12_39,,,,,To do,,,,,,"No source matched: either a comment by the author, or a source to identify by hand"
BI_Ch12_40,Note,12,Chapter 12: The Afro-Dalit Movement,40,URL,"He recommended: ‘All the northern governments, non-governmental development aid agencies, multi-and bi-lateral agencies and other groups that give aid to India’s poverty-alleviation programme should review their policies and strategies to explicitly reflect the Dalit issues in their papers. We also recommend that at least 50 percent of aid to poverty- alleviation programme should be allocated to programmes that focus on Dalits. This is because out of 345 million poor people in India, 90 percent of Dalits fall under this category and a majority of bonded and child labour are also Dalits. In the North when recruiting staff for the South Asia or India desk, one of the main criteria for person specification is good knowledge of Indian or South Asian development issues for the job. Another general requirement used is gender sensitivity. We recommend that any staff recruited to India or South Asia desks in the North, besides the main person specifications, should also a have a good knowledge and sensitivity to Dalit issues as main criteria for selection. We also recommend that all staff in the North responsible for India aid programme at decision making level should undergo a special training or exposure to Dalit issues.’ (Leo Bashyam, 2001)",BI_B460,BI_Ch12_40_Leo-Bashyam_International-Development-Aid-Addressing-Dalit-Issues,"Leo Bashyam. ‘International Development Aid: Addressing Dalit Issues’, www.ambedkar.org. February 2001. http://www.ambedkar.org/Worldwide_Dalits/intl_aid_addressing_dalit_issues.htm (accessed 10 March 2009).",http://www.ambedkar.org/Worldwide_Dalits/intl_aid_addressing_dalit_issues.htm | http://www.ambedkar.org/Worldwide_Dalits/intl_aid_addressing_dalit_issues.htm,,,To do,,,,,,"Web address corrected from the earlier audit (the book's text read: http://www.ambedkar.org) | download failed - live page: page is empty or is an error page, not a real copy | download failed - live page: page is empty or is an error page, not a real copy"
BI_Ch12_41,Note,12,Chapter 12: The Afro-Dalit Movement,41,Book/Print,The anti-Indian lobby of IDSN is discussed in detail in the chapter on European interventions in India,BI_B361,BI_Ch12_41_Idsn_Joint-NGO-submission-Related-to-India-for,"IDSN. Joint NGO submission Related to India for the first session. Penodic Review, International Dalit Solidarity Network, 2008.",,,,To do,,,,,https://www.google.com/search?tbm=bks&q=Joint%20NGO%20submission%20Related%20to%20India%20for%20the%20first%20IDSN,[match: author+title]
BI_Ch12_42,Note,12,Chapter 12: The Afro-Dalit Movement,42,Book/Print,"{The Hindu, 4 March 2003).",BI_B811,BI_Ch12_42_The-Hindu_India-Can-be-Put-on-the-Mat,"The Hindu. India Can be Put on the Mat for Discrimination: Dalit lobbyist’ , News, 4 March 2003.",,,,To do,,,,,https://www.google.com/search?tbm=bks&q=India%20Can%20be%20Put%20on%20the%20Mat%20for%20Discrimination%20The%20Hindu,Also cites: BI_B821
BI_Ch12_43,Note,12,Chapter 12: The Afro-Dalit Movement,43,Unlinked note,"(Prashad, 2000)",,BI_Ch12_43,,,,,To do,,,,,,"No source matched: either a comment by the author, or a source to identify by hand"
BI_Ch12_44,Note,12,Chapter 12: The Afro-Dalit Movement,44,URL,"For example, Simon C harsley, professor of anthropology in the University of Glasgow, gave the inaugural address in a conference in which Rajshekar was a key speaker. In that conference, Rajshekar’s target of hatred was Mahatma Gandhi, whom he called a ‘cunning Baniah’. The occasion was the two-day national conference on ‘Dr Ambedkar’s ideologies: Revision and Vision’, organized by SPMW Centre for Ambedkar Studies. {The Hindu 2 March 2007). V.T. Rajshekar speech available online: (Rajshekar. V.T, 2007). Interestingly this is an educational institution belonging to Thirupathi Thirumalai Devastanam, an important Hindu pilgrimage centre. It is through the offerings of millions of hardworking Hindus that this educational institution is run. An evangelical Christian, Veena Noble Das, was appointed vice chancellor and she presided over this function where Rajshekar was honored. {The Hindu, 2007)",BI_B663,BI_Ch12_44_Dv-Editor_Dalit-Voice,"— DV Editor Speech. Dalit Voice. April 2007. http://www.dalitvoice.org/Templates/april2007/articles.htm (accessed 25 March, 2009).",http://www.dalitvoice.org/Templates/april2007/articles.htm,,,To do,,,,,,[match: author+title] | download failed - live page: web server answered HTTP 403 | download failed - live page: web server answered HTTP 403
BI_Ch12_45,Note,12,Chapter 12: The Afro-Dalit Movement,45,Book/Print,"For example: In 2007, Alan Hart, who was once prominent at BBC, inaugurated a seminar at the ‘Empower India’ conference, where Rajshekar spoke: ‘Our research has revealed that both the Jews and Brahmins originated from the same geographical area in Middle East and both have the same DNA. Both have the same value-system. The very fact the two are cooperating and collaborating closely in fighting terrorism (read Muslims) proves their close historical affinity and their hate-mongering mental make-up.’ (Available online at: (Rajshekar. V.T, 2007))",BI_B661,BI_Ch12_45_Rajshekar_DV-Report-on-Israeli-Hand-in-9,"Rajshekar, V.T. ‘DV Report on Israeli Hand in 9/11 Finally Proves Right’. Dalit Voice, 1 February 2007: 19.",,,,To do,,,,,https://www.google.com/search?tbm=bks&q=DV%20Report%20on%20Israeli%20Hand%20in%209%2011%20Finally%20Rajshekar,Also cites: BI_B663
BI_Ch12_46,Note,12,Chapter 12: The Afro-Dalit Movement,46,URL,"(Carr, 2008)",BI_B113,BI_Ch12_46_Carr_Ramayana-Project-for-Kids,"Carr, Karen. ‘Ramayana Project for Kids’. History for Kids. 2008. http://www.historyforkids.org/crafts/india/ramayana.htm (accessed 10 December 2009).",http://www.historyforkids.org/crafts/india/ramayana.htm,https://web.archive.org/web/20190124093712/http://www.historyforkids.org:80/crafts/india/ramayana.htm,Snapshot found,To do,,,,,,download failed - live page: web server answered HTTP 404 / Wayback snapshot: Page.goto: Timeout 90000ms exceeded. | download failed - live page: web server answered HTTP 404 / Wayback snapshot: Page.goto: Timeout 90000ms exceeded.
BI_Ch12_47,Note,12,Chapter 12: The Afro-Dalit Movement,47,URL,"For example: Krishen Kak’s message to Dr Karen Carr, dated 22 October 2008 and her reply dated 23 October 2008, as well as subsequent mails.",BI_B113,BI_Ch12_47_Carr_Ramayana-Project-for-Kids,"Carr, Karen. ‘Ramayana Project for Kids’. History for Kids. 2008. http://www.historyforkids.org/crafts/india/ramayana.htm (accessed 10 December 2009).",http://www.historyforkids.org/crafts/india/ramayana.htm,https://web.archive.org/web/20190124093712/http://www.historyforkids.org:80/crafts/india/ramayana.htm,Snapshot found,To do,,,,,,download failed - live page: web server answered HTTP 404 / Wayback snapshot: Page.goto: Timeout 90000ms exceeded. | download failed - live page: web server answered HTTP 404 / Wayback snapshot: Page.goto: Timeout 90000ms exceeded.
BI_Ch12_48,Note,12,Chapter 12: The Afro-Dalit Movement,48,Book/Print,"(Grant Duff, 2009, 345)",BI_B307,BI_Ch12_48_Grant-Duff_Notes-from-a-Diary,"Grant Duff, Mouiitstuart Elphinstone. Notes from a Diary, Kept Chiefly in Southern India, 1881-1886. BiblioBazaar, LLC, 2009.",,,,On OneDrive,https://archive.org/download/notesfromadiary00duffgoog/notesfromadiary00duffgoog.pdf,BI_B307_Grant-Duff_Notes-from-a-Diary.pdf,https://1drv.ms/b/c/ACD215A5F926CFCE/IQB2yK0vhgK-RbjsSMfDG7lRASWjiEEbhVhuaylTbInHf2w?download=1,345,https://www.google.com/search?tbm=bks&q=Notes%20from%20a%20Diary%20Kept%20Chiefly%20in%20Southern%20India%20Grant%20Duff,"Also cites: BI_B308 | Free copy found in the earlier audit (archive.org) | CAUTION (earlier check): Replaced the wrong 1873-1881 diary with both volumes of Notes from a Diary, Kept Chiefly in Southern India, 1881-1886, published 1899. Scanned historical edition, not the cited 2009 reprint. | Download provenance: https://archive.org/download/notesfromadiary00duffgoog/notesfromadiary00duffgoog.pdf ; https://archive.org/download/notesfromadiary33duffgoog/notesfromadiary33duffgoo | Carried over from the earlier backup (A302_GrantDuff_1899_Diary-1881-1886_Vols1-2.pdf)"
BI_Ch12_49,Note,12,Chapter 12: The Afro-Dalit Movement,49,Book/Print,"(Hart, 1997)",BI_B322,BI_Ch12_49_Grantha-And_Tamil-Discussion-archive-message,"— ‘Grantha and Kampan’. Tamil Discussion archive message, 3 October 1997.",,,,To do,,,,,https://www.google.com/search?tbm=bks&q=Tamil%20Discussion%20archive%20message%203%20October%201997%20%E2%80%94%20%E2%80%98Grantha%20and%20Kampan%E2%80%99,
BI_Ch12_50,Note,12,Chapter 12: The Afro-Dalit Movement,50,URL,"(Ramachandran. S., 2008)",BI_B668,BI_Ch12_50_Ramachandran_Kshatriya-Rama-and-Brahmin-Ravana,"Ramachandran, S. Kshatriya Rama and Brahmin Ravana, South Indian Social History Research Institute (Tamil). 2008. http://www.sishri.org/ramar. html (accessed September 2009).",http://www.sishri.org/ramar.html,,,On OneDrive,,BI_B668_Ramachandran_Kshatriya-Rama-and-Brahmin-Ravana_sishri-org.pdf,https://1drv.ms/b/c/ACD215A5F926CFCE/IQAJwfZDq82gSbh2994SHF5AARx_2bz5vv1e3WECpzpW6DY?download=1,,,Web address corrected from the earlier audit (the book's text read: http://www.sishri.org/ramar) | Page saved as PDF (cover page + copy) from live page on 2026-10-08
BI_Ch12_51,Note,12,Chapter 12: The Afro-Dalit Movement,51,Book/Print,"{Hindustan Times, 23 September 2007)",BI_B336,BI_Ch12_51_Hindustan-Times_Ravana-is-a-hero-for-Sirihala-nationalists,"Hindustan Times. ‘Ravana is a hero for Sirihala nationalists’. Hindustan Times, 23 September 2007.",,,,To do,,,,,https://www.google.com/search?tbm=bks&q=Ravana%20is%20a%20hero%20for%20Sirihala%20nationalists%20Hindustan%20Times%20Hindustan%20Times,
BI_Ch12_52,Note,12,Chapter 12: The Afro-Dalit Movement,52,Book/Print,"(Weekly journal of Thanthai Periyar Dravidian Kazhagam, July 2005)",BI_B920,BI_Ch12_52_Weekly-Journal_Ramayana-is-against-Tamil-culture-exposition-by,weekly Journal of Thanthai Periyar Dravidian Kazhagam. ‘Ramayana is against Tamil culture -- exposition by Prabhakaran (Tamil)’. July 2005.,,,,To do,,,,,https://www.google.com/search?tbm=bks&q=Ramayana%20is%20against%20Tamil%20culture%20exposition%20by%20Prabhakaran%20Tamil%20weekly%20Journal%20of%20Thanthai%20Periyar%20Dravidian%20Kazhagam,
BI_Ch13_01,Note,13,Chapter 13: India: A Neo-Con Frontier,1,Unlinked note,"Neo-con, or neoconservative, is an imprecise and evolving term. We use it here to designate a nexus between certain American intellectuals, evangelical and/or fundamentalist churches, and the right-wing of the Republican party. After the attacks of 11 September 2001, neo-con foreign policy ideas were widely seen as the philosophy that propelled the US into war with Iraq. This included the idea that the US should promote ‘freedom’ around the world, for example, by removing Saddam Hussein. This insistence on freedom rarely applies to those dictators who cooperate with American interests.",,BI_Ch13_01,,,,,To do,,,,,,"No source matched: either a comment by the author, or a source to identify by hand"
BI_Ch13_02,Note,13,Chapter 13: India: A Neo-Con Frontier,2,URL,"(Lausanne website, 1997:2009)",BI_B453,BI_Ch13_02_Lausanne-Website_Christian-Witness-to-Hindus,"Lausanne Website. ‘Christian Witness to Hindus, Report of the Consultation on World Evangelization, Lausanne Occasional Paper 14’. Lausanne. (1980) 1997:2009. http://www.lausanne.org/all-documents/lop-14.html (accessed 10 January 2009).",http://www.lausanne.org/all-documents/lop-14.html,,,On OneDrive,,BI_B453_Lausanne-Website_Christian-Witness-to-Hindus_lausanne-org.pdf,https://1drv.ms/b/c/ACD215A5F926CFCE/IQB8lrDfY7biRLZvl-626-KjAcldonGJFSWbqFm0vMeqOgM?download=1,2009,,"Also cites: BI_B454, BI_B455, BI_B456 | Page saved as PDF (cover page + copy) from live page on 2026-10-08"
BI_Ch13_03,Note,13,Chapter 13: India: A Neo-Con Frontier,3,URL,"(Lausanne website, 1997:2009)",BI_B453,BI_Ch13_03_Lausanne-Website_Christian-Witness-to-Hindus,"Lausanne Website. ‘Christian Witness to Hindus, Report of the Consultation on World Evangelization, Lausanne Occasional Paper 14’. Lausanne. (1980) 1997:2009. http://www.lausanne.org/all-documents/lop-14.html (accessed 10 January 2009).",http://www.lausanne.org/all-documents/lop-14.html,,,On OneDrive,,BI_B453_Lausanne-Website_Christian-Witness-to-Hindus_lausanne-org.pdf,https://1drv.ms/b/c/ACD215A5F926CFCE/IQB8lrDfY7biRLZvl-626-KjAcldonGJFSWbqFm0vMeqOgM?download=1,2009,,"Also cites: BI_B454, BI_B455, BI_B456 | Page saved as PDF (cover page + copy) from live page on 2026-10-08"
BI_Ch13_04,Note,13,Chapter 13: India: A Neo-Con Frontier,4,Book/Print,"(Thomas, 2008)",BI_B853,BI_Ch13_04_Thomas_Strong-Religion,"Thomas, Pradip Ninan. Strong Religion, Zealous Media: Christian Fundamentalism and Communication in India. New Delhi: Sage , Publications India, 2008.",,,,To do,,,,,https://www.google.com/search?tbm=bks&q=Strong%20Religion%20Zealous%20Media%20Christian%20Fundamentalism%20and%20Communication%20in%20Thomas,
BI_Ch13_05,Note,13,Chapter 13: India: A Neo-Con Frontier,5,URL,"(Lausanne website, (1980) 1997:2009)",BI_B453,BI_Ch13_05_Lausanne-Website_Christian-Witness-to-Hindus,"Lausanne Website. ‘Christian Witness to Hindus, Report of the Consultation on World Evangelization, Lausanne Occasional Paper 14’. Lausanne. (1980) 1997:2009. http://www.lausanne.org/all-documents/lop-14.html (accessed 10 January 2009).",http://www.lausanne.org/all-documents/lop-14.html,,,On OneDrive,,BI_B453_Lausanne-Website_Christian-Witness-to-Hindus_lausanne-org.pdf,https://1drv.ms/b/c/ACD215A5F926CFCE/IQB8lrDfY7biRLZvl-626-KjAcldonGJFSWbqFm0vMeqOgM?download=1,2009,,"Also cites: BI_B454, BI_B455, BI_B456 | Page saved as PDF (cover page + copy) from live page on 2026-10-08"
BI_Ch13_06,Note,13,Chapter 13: India: A Neo-Con Frontier,6,URL,"(Lausanne website, (1980) 1997:2009)",BI_B453,BI_Ch13_06_Lausanne-Website_Christian-Witness-to-Hindus,"Lausanne Website. ‘Christian Witness to Hindus, Report of the Consultation on World Evangelization, Lausanne Occasional Paper 14’. Lausanne. (1980) 1997:2009. http://www.lausanne.org/all-documents/lop-14.html (accessed 10 January 2009).",http://www.lausanne.org/all-documents/lop-14.html,,,On OneDrive,,BI_B453_Lausanne-Website_Christian-Witness-to-Hindus_lausanne-org.pdf,https://1drv.ms/b/c/ACD215A5F926CFCE/IQB8lrDfY7biRLZvl-626-KjAcldonGJFSWbqFm0vMeqOgM?download=1,2009,,"Also cites: BI_B454, BI_B455, BI_B456 | Page saved as PDF (cover page + copy) from live page on 2026-10-08"
BI_Ch13_07,Note,13,Chapter 13: India: A Neo-Con Frontier,7,URL,"(Lausanne website, (1980) 1997:2009)",BI_B453,BI_Ch13_07_Lausanne-Website_Christian-Witness-to-Hindus,"Lausanne Website. ‘Christian Witness to Hindus, Report of the Consultation on World Evangelization, Lausanne Occasional Paper 14’. Lausanne. (1980) 1997:2009. http://www.lausanne.org/all-documents/lop-14.html (accessed 10 January 2009).",http://www.lausanne.org/all-documents/lop-14.html,,,On OneDrive,,BI_B453_Lausanne-Website_Christian-Witness-to-Hindus_lausanne-org.pdf,https://1drv.ms/b/c/ACD215A5F926CFCE/IQB8lrDfY7biRLZvl-626-KjAcldonGJFSWbqFm0vMeqOgM?download=1,2009,,"Also cites: BI_B454, BI_B455, BI_B456 | Page saved as PDF (cover page + copy) from live page on 2026-10-08"
BI_Ch13_08,Note,13,Chapter 13: India: A Neo-Con Frontier,8,URL,"(Lausanne website, 2000)",BI_B454,BI_Ch13_08_Deliver-Us_August-2000,"— 'Deliver us from Evil Consultation', Nairobi, Kenya. August 2000. http://www.lausanne.org/nairobi-2000/overview.html (accessed 30 January 2009).",http://www.lausanne.org/nairobi-2000/overview.html,,,To do,,,,,,download failed - live page: web server answered HTTP 404 | download failed - live page: web server answered HTTP 404
BI_Ch13_09,Note,13,Chapter 13: India: A Neo-Con Frontier,9,URL,"(Francis, 2003 )",BI_B267,BI_Ch13_09_Francis_About-Berachah,"Francis, Ezekia.V. About Berachah. March 2003 . http://www.ezekiahfrancis.org/about/berachah.pFp (accessed 10 January 2009).",http://www.ezekiahfrancis.org/about/berachah.php,,,To do,,,,,,Web address corrected from the earlier audit (the book's text read: http://www.ezekiahfrancis.org/about/berachah.pFp) | download failed - live page: web server answered HTTP 404 | download failed - live page: web server answered HTTP 404
BI_Ch13_10,Note,13,Chapter 13: India: A Neo-Con Frontier,10,URL,"(Francis, 2000)",BI_B268,BI_Ch13_10_Spiritual-Conflict_2000,— ‘Spiritual Conflict in the Irxdian Context’. 2000. http://vuvw.lausanne.org/nairobi-2000/indian-case-study.html (accessed September 2008).,http://www.lausanne.org/nairobi-2000/indian-case-study.htm,,,To do,,,,,,Web address corrected from the earlier audit (the book's text read: http://vuvw.lausanne.org/nairobi-2000/indian-case-study.html) | download failed - live page: web server answered HTTP 404 | download failed - live page: web server answered HTTP 404
BI_Ch13_11,Note,13,Chapter 13: India: A Neo-Con Frontier,11,URL,"(Francis, 2000)",BI_B268,BI_Ch13_11_Spiritual-Conflict_2000,— ‘Spiritual Conflict in the Irxdian Context’. 2000. http://vuvw.lausanne.org/nairobi-2000/indian-case-study.html (accessed September 2008).,http://www.lausanne.org/nairobi-2000/indian-case-study.htm,,,To do,,,,,,Web address corrected from the earlier audit (the book's text read: http://vuvw.lausanne.org/nairobi-2000/indian-case-study.html) | download failed - live page: web server answered HTTP 404 | download failed - live page: web server answered HTTP 404
BI_Ch13_12,Note,13,Chapter 13: India: A Neo-Con Frontier,12,Book/Print,"(Elliston and Burris, 1995, 182)",BI_B239,BI_Ch13_12_Elliston_Completing-the-Task-Reaching-the-World-for,"Elliston, Edgar J, and Stephen E Burris. Completing the Task: Reaching the World for Christ, College Press, 1995.",,,,To do,,,,182,https://www.google.com/search?tbm=bks&q=Completing%20the%20Task%20Reaching%20the%20World%20for%20Christ%20College%20Elliston,
BI_Ch13_13,Note,13,Chapter 13: India: A Neo-Con Frontier,13,Book/Print,"(Elliston and Burris, 1995)",BI_B239,BI_Ch13_13_Elliston_Completing-the-Task-Reaching-the-World-for,"Elliston, Edgar J, and Stephen E Burris. Completing the Task: Reaching the World for Christ, College Press, 1995.",,,,To do,,,,,https://www.google.com/search?tbm=bks&q=Completing%20the%20Task%20Reaching%20the%20World%20for%20Christ%20College%20Elliston,
BI_Ch13_14,Note,13,Chapter 13: India: A Neo-Con Frontier,14,URL,"(Meyers, 2005)",BI_B532,BI_Ch13_14_Meyers_Theological-Reflections-on-the-Christian-Humanitarian-Response,"Meyers, Bryant. ‘Theological Reflections on the Christian Humanitarian Response’. Lausanne world Pulse. 2005. http://www.lausanIleworldpulse.com/themedarticles.php/62/10-2005 (accessed 10 October 2009).",http://www.lausanneworldpulse.com/themedarticles.php/62/10-2005,,,On OneDrive,,BI_B532_Meyers_Theological-Reflections-on-the-Christian-Humanitarian-Response_lausanneworldpulse-com.pdf,https://1drv.ms/b/c/ACD215A5F926CFCE/IQAKBLCZQ3AzSLm0-nHtkjpvAWfF7Yhf1ThBRKYonseNKfI?download=1,,,Web address corrected from the earlier audit (the book's text read: http://www.lausanIleworldpulse.com/themedarticles.php/62/10-2005) | Page saved as PDF (cover page + copy) from live page on 2026-10-08
BI_Ch13_15,Note,13,Chapter 13: India: A Neo-Con Frontier,15,Book/Print,"(Longman, 2010, 234-5)",BI_B470,BI_Ch13_15_Longman_Christianity-and-Genocide-in-Rwanda,"Longman, Timothy. Christianity and Genocide in Rwanda. Cambridge University Press, 2010.",,,,To do,,,,234,https://www.google.com/search?tbm=bks&q=Christianity%20and%20Genocide%20in%20Rwanda%20Cambridge%20University%20Press%202010%20Longman,
BI_Ch13_16,Note,13,Chapter 13: India: A Neo-Con Frontier,16,Book/Print,"(Ferguson, 2004, 22)",BI_B262,BI_Ch13_16_Ferguson_Colossus-the-Price-of-America-s-Empire,"Ferguson, Niall. Colossus: the Price of America's Empire. Penguin, 2004.",,,,To do,,,,22,https://www.google.com/search?tbm=bks&q=Colossus%20the%20Price%20of%20America%20s%20Empire%20Penguin%202004%20Ferguson,
BI_Ch13_17,Note,13,Chapter 13: India: A Neo-Con Frontier,17,Unlinked note,"Quotes of the father-son Robertsons ar e from {Hinduism Tod ay Archives, 1995)",,BI_Ch13_17,,,,,To do,,,,,,"No source matched: either a comment by the author, or a source to identify by hand"
BI_Ch13_18,Note,13,Chapter 13: India: A Neo-Con Frontier,18,URL,{Hinduism Today Archives 1995),BI_B331,BI_Ch13_18_Hinduism-Today_Archives,Hinduism Today Archives. ‘Archives’. Hinduism Today. July 1995. http://www.hinduismtoday.com/archives/1995/7/1995-7-04.shtml (accessed 6 August 2006).,http://www.hinduismtoday.com/archives/1995/7/1995-7-04.shtml,https://web.archive.org/web/20090207010908/http://www.hinduismtoday.com:80/archives/1995/7/1995-7-04.shtml,Snapshot found,On OneDrive,,BI_B331_Hinduism-Today_Archives_hinduismtoday-com.pdf,https://1drv.ms/b/c/ACD215A5F926CFCE/IQDbviEk_3z3TIu_T0ID4EZsAbt7Py-ufV-t9LKmKk7vIjU?download=1,,,Page saved as PDF (cover page + copy) from Wayback snapshot on 2026-10-08
BI_Ch13_19,Note,13,Chapter 13: India: A Neo-Con Frontier,19,URL,"Dr Pederson quoted in, {Hinduism Today Archives, 1995)",BI_B331,BI_Ch13_19_Hinduism-Today_Archives,Hinduism Today Archives. ‘Archives’. Hinduism Today. July 1995. http://www.hinduismtoday.com/archives/1995/7/1995-7-04.shtml (accessed 6 August 2006).,http://www.hinduismtoday.com/archives/1995/7/1995-7-04.shtml,https://web.archive.org/web/20090207010908/http://www.hinduismtoday.com:80/archives/1995/7/1995-7-04.shtml,Snapshot found,On OneDrive,,BI_B331_Hinduism-Today_Archives_hinduismtoday-com.pdf,https://1drv.ms/b/c/ACD215A5F926CFCE/IQDbviEk_3z3TIu_T0ID4EZsAbt7Py-ufV-t9LKmKk7vIjU?download=1,,,Page saved as PDF (cover page + copy) from Wayback snapshot on 2026-10-08
BI_Ch13_20,Note,13,Chapter 13: India: A Neo-Con Frontier,20,URL,"Dr Pederson quoted in, {Hinduism Today Archives, 1995)",BI_B331,BI_Ch13_20_Hinduism-Today_Archives,Hinduism Today Archives. ‘Archives’. Hinduism Today. July 1995. http://www.hinduismtoday.com/archives/1995/7/1995-7-04.shtml (accessed 6 August 2006).,http://www.hinduismtoday.com/archives/1995/7/1995-7-04.shtml,https://web.archive.org/web/20090207010908/http://www.hinduismtoday.com:80/archives/1995/7/1995-7-04.shtml,Snapshot found,On OneDrive,,BI_B331_Hinduism-Today_Archives_hinduismtoday-com.pdf,https://1drv.ms/b/c/ACD215A5F926CFCE/IQDbviEk_3z3TIu_T0ID4EZsAbt7Py-ufV-t9LKmKk7vIjU?download=1,,,Page saved as PDF (cover page + copy) from Wayback snapshot on 2026-10-08
BI_Ch13_21,Note,13,Chapter 13: India: A Neo-Con Frontier,21,Unlinked note,"{Hinduism Today, Archives 1995)",,BI_Ch13_21,,,,,To do,,,,,,"No source matched: either a comment by the author, or a source to identify by hand"
BI_Ch13_22,Note,13,Chapter 13: India: A Neo-Con Frontier,22,Book/Print,"(International Mission Board, 1999)",BI_B387,BI_Ch13_22_International-Mission_Prayer-for-Hindus,"International Mission Board. Prayer for Hindus. Southern Baptist Convention, 1999.",,,,To do,,,,,https://www.google.com/search?tbm=bks&q=Prayer%20for%20Hindus%20Southern%20Baptist%20Convention%201999%20International%20Mission%20Board,
BI_Ch13_23,Note,13,Chapter 13: India: A Neo-Con Frontier,23,URL,"(DFN, 2003:2010)",BI_B194,BI_Ch13_23_Dfn_Dalit-Freedom-Network,DFN. Dalit Freedom Network. 2003:2010. http://www.dalitnetwork.org/go ?/ dfn/about/C141/ (accessed 2009).,http://www.dalitnetwork.org/go,,,To do,,,,2010,,"Also cites: BI_B195, BI_B196, BI_B197, BI_B198 | download failed - live page: page is empty or is an error page, not a real copy | download failed - live page: page is empty or is an error page, not a real copy"
BI_Ch13_24,Note,13,Chapter 13: India: A Neo-Con Frontier,24,URL,"(Ricks, 2007)",BI_B693,BI_Ch13_24_Ricks_World-Vision-Dalit-Story,"Ricks, Nancy. World Vision: Dalit Story. 2007. http://www.worldvision.org/worldvision/radio.nsf/stable/wvradiostory_090207_dalitfreedom (accessed 10 January 2009).",http://www.worldvision.org/worldvision/radio.nsf/stable/wvradiostory_090207_dalitfreedom,https://web.archive.org/web/20080228012056/http://www.worldvision.org:80/worldvision/radio.nsf/stable/wvradiostory_090207_dalitfreedom,Snapshot found,On OneDrive,,BI_B693_Ricks_World-Vision-Dalit-Story_worldvision-org.pdf,https://1drv.ms/b/c/ACD215A5F926CFCE/IQCoIclyZVDnRYQSoVqjyJClASL4tXuA78Wff54Bz1mPo00?download=1,,,Page saved as PDF (cover page + copy) from Wayback snapshot on 2026-10-08
BI_Ch13_25,Note,13,Chapter 13: India: A Neo-Con Frontier,25,URL,"The official bio of its international president. Dr Joseph D’Souza, states that he ‘lives in India and operates out of London and Denver.’ Jospeh D’Souza runs US-based Dalit Freedom Network (DFN). Significantly, he is also featured on the webpage of Gospel of Asia as the executuve director of Operation Mobilization in India. (See (GFA, 1996:2009)) DFN’s other directors include: Peter Dance (India Director-OM USA, Operation Mobilization, Tyrone, GA), Melody Divine, J.D. (Former Judiciary Counsel and Foreign Policy Advisor, Rep. Trent Franks, Rep-AZ Denver), Bob Beltz (advisor to the chairman. The Anschutz Corporation, Denver), Richard Sweeney (chief operating officer, Dalit Freedom Network, Greenwood Village), Gene Kissinger (chairman of the Board Interim President and CEO, DFN Outreach Pastor, Cherry Hills Community Church Highlands Ranch), Cliff Young (lead singer, Caedmon’s Call Houston, TX ), Ken Heulitt (VP and chief financial officer. Moody Bible Institute, Chicago), Kumar Swamy (South India Regional Director, OM India Bengaluru, Karnataka India).",BI_B195,BI_Ch13_25_Dalit-Freedom_May-2006,— Dalit Freedom Network Advisory Board. May 2006. http://www.dalitnetwork.org/go?/dfn/about/C22/ (accessed 2 February 2010).,http://www.dalitnetwork.org/go?/dfn/about/C22/,https://web.archive.org/web/20141020094926/http://www.dalitnetwork.org/go?/dfn/about/C22/,Snapshot found,On OneDrive,,BI_B195_Dalit-Freedom_May-2006_dalitnetwork-org.pdf,https://1drv.ms/b/c/ACD215A5F926CFCE/IQAq30vBn67pRJ-t2im0HUBDAYl8dsF4cS-poF_bS--M_2U?download=1,2009,,[match: author+title] | Page saved as PDF (cover page + copy) from Wayback snapshot on 2026-10-08
BI_Ch13_26,Note,13,Chapter 13: India: A Neo-Con Frontier,26,Book/Print,"(Fahlbusch, Bromiley and Barrett, 1999, 642)",BI_B255,BI_Ch13_26_Fahlbusch_The-Encyclopedia-of-Christianity,"Fahlbusch, Erwin, Geoffrey William Bromiley, and David B Barrett. The Encyclopedia of Christianity. Wm. B. Eerdmans Publishing, 1999.",,,,To do,,,,642,https://www.google.com/search?tbm=bks&q=The%20Encyclopedia%20of%20Christianity%20Wm%20B%20Eerdmans%20Publishing%201999%20Fahlbusch,
BI_Ch13_27,Note,13,Chapter 13: India: A Neo-Con Frontier,27,URL,(www.omusa.org 2002),,BI_Ch13_27_omusa-org,,http://www.omusa.org,,,On OneDrive,,BI_Ch13_27_omusa-org.pdf,https://1drv.ms/b/c/ACD215A5F926CFCE/IQA6aqa_v_haQKB-wD5YHIoOAVzs_6ilxAUob6wdrnPJlcY?download=1,,,"No source matched: either a comment by the author, or a source to identify by hand | Page saved as PDF (cover page + copy) from live page on 2026-10-08"
BI_Ch13_28,Note,13,Chapter 13: India: A Neo-Con Frontier,28,Book/Print,"(Cademon’s Call, 2004)",BI_B105,BI_Ch13_28_Cademon-S_Lyrics-from-the-Song-Mother-India,Cademon’s Call. ‘Lyrics from the Song Mother India’. Album: Share The Well. 2004.,,,,To do,,,,,https://www.google.com/search?tbm=bks&q=Lyrics%20from%20the%20Song%20Mother%20India%20Album%20Share%20The%20Cademon%E2%80%99s%20Call,
BI_Ch13_29,Note,13,Chapter 13: India: A Neo-Con Frontier,29,URL,"(DFN, 2003:2010)",BI_B194,BI_Ch13_29_Dfn_Dalit-Freedom-Network,DFN. Dalit Freedom Network. 2003:2010. http://www.dalitnetwork.org/go ?/ dfn/about/C141/ (accessed 2009).,http://www.dalitnetwork.org/go,,,To do,,,,2010,,"Also cites: BI_B195, BI_B196, BI_B197, BI_B198 | download failed - live page: page is empty or is an error page, not a real copy | download failed - live page: page is empty or is an error page, not a real copy"
BI_Ch13_30,Note,13,Chapter 13: India: A Neo-Con Frontier,30,URL,(www.ccu.edu),BI_B955,BI_Ch13_30_Www_CCU-to-the-World,www.ccu.edu. ‘CCU to the World’. 1999: 2010. http://www.ccu.edu/ccu2theworld/defnult.asp (accessed 20 February 2010).,http://www.ccu.edu | http://www.ccu.edu/ccu2theworld/defnult.asp,,,On OneDrive,,BI_B955_Www_CCU-to-the-World_ccu-edu.pdf,https://1drv.ms/b/c/ACD215A5F926CFCE/IQDVCyIq-kSuRq0pwbxtalUjAXAl0D8zNAnxAr2PBzJ1Rec?download=1,,,[match: same web address] | Page saved as PDF (cover page + copy) from live page on 2026-10-08
BI_Ch13_31,Note,13,Chapter 13: India: A Neo-Con Frontier,31,Book/Print,"(Shashikumar, VK, 2004)",BI_B736,BI_Ch13_31_Shashikumar_Bush-s-ConA-ersion-Agenda-for-India,"Shashikumar, VK. ‘Bush’s ConA'ersion Agenda for India; Preparing for the Harvest’. Tehelka, February 2004.",,,,To do,,,,,https://www.google.com/search?tbm=bks&q=Bush%20s%20ConA%20ersion%20Agenda%20for%20India%20Preparing%20for%20Shashikumar,
BI_Ch13_32,Note,13,Chapter 13: India: A Neo-Con Frontier,32,URL,"(www.maclellan.net) Ironically, Gilman states that ‘sometimes the local Hindu priest would even invite them to set up their screen in front of his temple and plug into his electricity,’ thereby appreciating the hospitality of the very heathen culture he is determined to destroy.",BI_B988,BI_Ch13_32_Www_Maclellan-Foundation,www.maclellan.net. Maclellan Foundation. httpV/www.maclellan.net/about/ newtemplated.asp (accessed January 2009).,http://www.maclellan.net | http://www.maclellan.net/about/,,,On OneDrive,,BI_B988_Www_Maclellan-Foundation_maclellan-net.pdf,https://1drv.ms/b/c/ACD215A5F926CFCE/IQDih3akMPXhRat5KQynhXojAUhovocYiRVwDVk5o9GRiFY?download=1,,,[match: same web address] | Page saved as PDF (cover page + copy) from live page on 2026-10-08
BI_Ch13_33,Note,13,Chapter 13: India: A Neo-Con Frontier,33,Book/Print,"(Mooney 2006, 183)",BI_B541,BI_Ch13_33_Mooney_The-Republican-War-on-Science,"Mooney, Chris. The Republican War on Science. Perseus Books Group, 2006.",,,,To do,,,,183,https://www.google.com/search?tbm=bks&q=The%20Republican%20War%20on%20Science%20Perseus%20Books%20Group%202006%20Mooney,
BI_Ch13_34,Note,13,Chapter 13: India: A Neo-Con Frontier,34,URL,"(www.antiochnetwork.org) For a detailed study of Lausanne movement, see the section on transnational evangelical movements.",BI_B949,BI_Ch13_34_Www_Antioch-Network-Journey,www.antiochnetwork.org. ‘Antioch Network: Journey’. http://www.antiochnetwork.org/journey.htm (accessed 10 January 2009).,http://www.antiochnetwork.org | http://www.antiochnetwork.org/journey.htm,,,On OneDrive,,BI_B949_Www_Antioch-Network-Journey_antiochnetwork-org.pdf,https://1drv.ms/b/c/ACD215A5F926CFCE/IQA4Rm9FeikTSpcE8f4kpw7SAY27jFMtOMudFopxcNSlkNU?download=1,,,[match: author only (unique)] | Page saved as PDF (cover page + copy) from live page on 2026-10-08
BI_Ch13_35,Note,13,Chapter 13: India: A Neo-Con Frontier,35,URL,"(Gilman, 2006)",BI_B296,BI_Ch13_35_Gilman_Dayasagar-and-the-Life-of-Christ-in,"Gilman, John. ‘Dayasagar and the Life of Christ in India’. Lausanne world Pulse. September 2006. http://www.lausanneworldpulse.com/perspectives.pbp/470/09-2006?pg-all (accessed 10 January 2009).",http://www.lausanneworldpulse.com/perspectives.php/470/09-2006?pg=all,https://web.archive.org/web/20220811170203/http://lausanneworldpulse.com/perspectives.php/470/09-2006?pg=all,Snapshot found,On OneDrive,,BI_B296_Gilman_Dayasagar-and-the-Life-of-Christ-in_lausanneworldpulse-com.pdf,https://1drv.ms/b/c/ACD215A5F926CFCE/IQBGr48scadDQ6a9wmC_ZaHqAQw0ae5G7xW3GSXeyNK_qz0?download=1,,,Web address corrected from the earlier audit (the book's text read: http://www.lausanneworldpulse.com/perspectives.pbp/470/09-2006?pg-all) | Page saved as PDF (cover page + copy) from live page on 2026-10-08
BI_Ch13_36,Note,13,Chapter 13: India: A Neo-Con Frontier,36,Book/Print,"(Golden, 2006)",BI_B302,BI_Ch13_36_Golden_New-Battleground-In-Textbook-Wars-Religion-in,"Golden, Daniel. ‘ New Battleground In Textbook Wars: Religion in History’. Wall Street Journal, 25 January 2006.",,,,To do,,,,,https://www.google.com/search?tbm=bks&q=New%20Battleground%20In%20Textbook%20Wars%20Religion%20in%20History%20Wall%20Golden,
BI_Ch13_37,Note,13,Chapter 13: India: A Neo-Con Frontier,37,URL,"(DFN, 2003:2010)",BI_B194,BI_Ch13_37_Dfn_Dalit-Freedom-Network,DFN. Dalit Freedom Network. 2003:2010. http://www.dalitnetwork.org/go ?/ dfn/about/C141/ (accessed 2009).,http://www.dalitnetwork.org/go,,,To do,,,,2010,,"Also cites: BI_B195, BI_B196, BI_B197, BI_B198 | download failed - live page: page is empty or is an error page, not a real copy | download failed - live page: page is empty or is an error page, not a real copy"
BI_Ch13_38,Note,13,Chapter 13: India: A Neo-Con Frontier,38,URL,"(Farmer, 2006)",BI_B257,BI_Ch13_38_Farmer_Discussion-Forum-Message,"Farmer, Steve. ‘Discussion Forum Message’. www.hallofmaat.com. 16 January 2006. http://www.hallofmaat.com/read.php?4,376713,378370#msg-378370 (accessed 17 January 2006).","http://www.hallofmaat.com/read.php?4,376713,378370#msg-378370 | http://www.hallofmaat.com/read.php?4,376713,378370#msg-378370",,,To do,,,,,,"Also cites: BI_B258, BI_B259 | Web address corrected from the earlier audit (the book's text read: http://www.hallofmaat.com) | download failed - live page: web server answered HTTP 404 | download failed - live page: web server answered HTTP 404"
BI_Ch13_39,Note,13,Chapter 13: India: A Neo-Con Frontier,39,Book/Print,"(Marsh, 2006)",BI_B509,BI_Ch13_39_Marsh_Message-number-3147,"Marsh, Benjamin. Message number #3147. Indo„.Eurasian_Research Yahoo Group, 2006.",,,,To do,,,,,https://www.google.com/search?tbm=bks&q=Message%20number%203147%20Indo%20Eurasian_Research%20Yahoo%20Group%202006%20Marsh,Also cites: BI_B510
BI_Ch13_40,Note,13,Chapter 13: India: A Neo-Con Frontier,40,URL,"(Farmer, 2006)",BI_B257,BI_Ch13_40_Farmer_Discussion-Forum-Message,"Farmer, Steve. ‘Discussion Forum Message’. www.hallofmaat.com. 16 January 2006. http://www.hallofmaat.com/read.php?4,376713,378370#msg-378370 (accessed 17 January 2006).","http://www.hallofmaat.com/read.php?4,376713,378370#msg-378370 | http://www.hallofmaat.com/read.php?4,376713,378370#msg-378370",,,To do,,,,,,"Also cites: BI_B258, BI_B259 | Web address corrected from the earlier audit (the book's text read: http://www.hallofmaat.com) | download failed - live page: web server answered HTTP 404 | download failed - live page: web server answered HTTP 404"
BI_Ch13_41,Note,13,Chapter 13: India: A Neo-Con Frontier,41,URL,"Later, Farmer withdrew his personal endorsement, but did not remove the damaging material from his discussion board. (Marsh, 2006)",BI_B257,BI_Ch13_41_Farmer_Discussion-Forum-Message,"Farmer, Steve. ‘Discussion Forum Message’. www.hallofmaat.com. 16 January 2006. http://www.hallofmaat.com/read.php?4,376713,378370#msg-378370 (accessed 17 January 2006).","http://www.hallofmaat.com/read.php?4,376713,378370#msg-378370 | http://www.hallofmaat.com/read.php?4,376713,378370#msg-378370",,,To do,,,,,,[match: author+title] | Web address corrected from the earlier audit (the book's text read: http://www.hallofmaat.com) | download failed - live page: web server answered HTTP 404 | download failed - live page: web server answered HTTP 404
BI_Ch13_42,Note,13,Chapter 13: India: A Neo-Con Frontier,42,Unlinked note,"Such lobbying has potential to have actual consequences because of a US law known as International Religious Freedom Act, which will be discussed in detail in a later chapter.",,BI_Ch13_42,,,,,To do,,,,,,"No source matched: either a comment by the author, or a source to identify by hand"
BI_Ch13_43,Note,13,Chapter 13: India: A Neo-Con Frontier,43,URL,"(indianchristians.in, 2001)",BI_B383,BI_Ch13_43_Historical-Milestones_2001,— ‘Historical Milestones of the All India Christian Council’. 2001. http://indianchristians.in/news/content/view/1810/120/ (accessed 10 January 2009).,http://indianchristians.in/news/content/view/1810/120/,,,To do,,,,,,"download failed - live page: page is empty or is an error page, not a real copy | download failed - live page: page is empty or is an error page, not a real copy"
BI_Ch13_44,Note,13,Chapter 13: India: A Neo-Con Frontier,44,Book/Print,"(Edamaruku, 2001)",BI_B237,BI_Ch13_44_Edamaruku_God-I,"Edamaruku, Sanal. ‘God I.ongs for All Hindus! Covert Operations of the Evangelical Church in India’. Rationalist International Bulletin, 29 November 2001.",,,,To do,,,,,https://www.google.com/search?tbm=bks&q=God%20I%20ongs%20for%20All%20Hindus%20Covert%20Operations%20of%20Edamaruku,
BI_Ch13_45,Note,13,Chapter 13: India: A Neo-Con Frontier,45,Book/Print,"(Edamaruku, 2001)",BI_B237,BI_Ch13_45_Edamaruku_God-I,"Edamaruku, Sanal. ‘God I.ongs for All Hindus! Covert Operations of the Evangelical Church in India’. Rationalist International Bulletin, 29 November 2001.",,,,To do,,,,,https://www.google.com/search?tbm=bks&q=God%20I%20ongs%20for%20All%20Hindus%20Covert%20Operations%20of%20Edamaruku,
BI_Ch13_46,Note,13,Chapter 13: India: A Neo-Con Frontier,46,URL,http://indianchristians.in/news/content/view/937/48/,,BI_Ch13_46_indianchristians-in_937-48,,http://indianchristians.in/news/content/view/937/48/,,,To do,,,,,,"No source matched: either a comment by the author, or a source to identify by hand | download failed - live page: page is empty or is an error page, not a real copy | download failed - live page: page is empty or is an error page, not a real copy"
BI_Ch13_47,Note,13,Chapter 13: India: A Neo-Con Frontier,47,URL,"(Franks, 2007)",BI_B269,BI_Ch13_47_Franks_Dalit-Resolution,"Franks, Trent. Dalit Resolution. 2007. http://wwv/. house.gov/list/press/az02_ franks/dalit_resolution.html (accessed 10 January 2009).",http://www.house.gov/list/press/az02_franks/dalit_resolution.html,,,To do,,,,,,Web address corrected from the earlier audit (the book's text read: http://wwv/) | download failed - live page: web server answered HTTP 404 | download failed - live page: web server answered HTTP 404
BI_Ch13_48,Note,13,Chapter 13: India: A Neo-Con Frontier,48,URL,"(Dalit Solidarity, 2007) The confusion is perhaps understandable and perhaps intentional. ‘Joint resolutions’ include matters of great import. such as the authorization for the Iraq war. ‘Concurrent resolutions’ are of interest mainly as public relations.",BI_B156,BI_Ch13_48_Dalit-Solidarity_Untouchability-Resolution,Dalit Solidarity. Untouchability Resolution. 2007. http://www.dalitsolidarity.org/untouchability._legislation.php (accessed 10 January 2009).,http://www.dalitsolidarity.org/untouchability._legislation.php,,,To do,,,,,,download failed - live page: web server answered HTTP 404 | download failed - live page: web server answered HTTP 404
BI_Ch13_49,Note,13,Chapter 13: India: A Neo-Con Frontier,49,Book/Print,"{The Hindu, 2004)",BI_B810,BI_Ch13_49_The-Hindu_Fundamentalist-outfit-busted-at-Nellikuppam,"The Hindu. ‘Fundamentalist outfit busted at Nellikuppam’. News, 29 October 2004.",,,,To do,,,,,https://www.google.com/search?tbm=bks&q=Fundamentalist%20outfit%20busted%20at%20Nellikuppam%20News%2029%20October%202004%20The%20Hindu,Also cites: BI_B818
BI_Ch13_50,Note,13,Chapter 13: India: A Neo-Con Frontier,50,URL,"(Elst, 1999)",BI_B242,BI_Ch13_50_The-Official_1999,"— ‘The Official Pro-invasionist Argument at Last’, Bharatvani.org. 1999. http://koenraadelStbharatvani.org/reviews/hock,html (accessed September 2009).",http://koenraadelst.bharatvani.org/reviews/hock.html,,,To do,,,,,,"Web address corrected from the earlier audit (the book's text read: http://koenraadelStbharatvani.org/reviews/hock,html) | download failed - live page: Page.goto: net::ERR_CONNECTION_TIMED_OUT at http://koenraadelst.bharat | download failed - live page: Page.goto: net::ERR_CONNECTION_TIMED_OUT at http://koenraadelst.bharat"
BI_Ch13_51,Note,13,Chapter 13: India: A Neo-Con Frontier,51,Book/Print,"(The Indian Express, 2001)",BI_B823,BI_Ch13_51_The-Indian_Dalits-Want-to-Kill-Sanskrit-Kancha-Illaiah,The Indian Express. ‘Dalits Want to Kill Sanskrit: Kancha Illaiah’. 3 December 2001.,,,,To do,,,,,https://www.google.com/search?tbm=bks&q=Dalits%20Want%20to%20Kill%20Sanskrit%20Kancha%20Illaiah%203%20December%20The%20Indian%20Express,
BI_Ch13_52,Note,13,Chapter 13: India: A Neo-Con Frontier,52,Unlinked note,"(Ilaiah, 2006) IIT stands for Indian Institute of Technology and IIM stands for Indian Institute of Management. These are considered very prestigious institutions of higher education that produce many of India’s leaders in the new economy.",,BI_Ch13_52,,,,,To do,,,,,,"No source matched: either a comment by the author, or a source to identify by hand"
BI_Ch13_53,Note,13,Chapter 13: India: A Neo-Con Frontier,53,Unlinked note,"(Ilaiah, 2005)",,BI_Ch13_53,,,,,To do,,,,,,"No source matched: either a comment by the author, or a source to identify by hand"
BI_Ch13_54,Note,13,Chapter 13: India: A Neo-Con Frontier,54,Unlinked note,"(Ilaiah, 2005)",,BI_Ch13_54,,,,,To do,,,,,,"No source matched: either a comment by the author, or a source to identify by hand"
BI_Ch13_55,Note,13,Chapter 13: India: A Neo-Con Frontier,55,Book/Print,"(GFA, 1 October 2002)",BI_B287,BI_Ch13_55_Gfa_Indian-Social-Reformer-to-Visit-Dallas-Fort,"GFA. ‘Indian Social Reformer to Visit Dallas/Fort worth’. Press Release, 1 October 2002.",,,,To do,,,,,https://www.google.com/search?tbm=bks&q=Indian%20Social%20Reformer%20to%20Visit%20Dallas%20Fort%20worth%20Press%20GFA,
BI_Ch13_56,Note,13,Chapter 13: India: A Neo-Con Frontier,56,Unlinked note,"(Ilaiah, 2009)",,BI_Ch13_56,,,,,To do,,,,,,"No source matched: either a comment by the author, or a source to identify by hand"
BI_Ch13_57,Note,13,Chapter 13: India: A Neo-Con Frontier,57,Unlinked note,"(Ilaiah, 2009, 204-5)",,BI_Ch13_57,,,,,To do,,,,,,"No source matched: either a comment by the author, or a source to identify by hand"
BI_Ch13_58,Note,13,Chapter 13: India: A Neo-Con Frontier,58,Unlinked note,"(Ilaiah, 2009, 206)",,BI_Ch13_58,,,,,To do,,,,,,"No source matched: either a comment by the author, or a source to identify by hand"
BI_Ch13_59,Note,13,Chapter 13: India: A Neo-Con Frontier,59,Unlinked note,"(Ilaiah, 2009, 208)",,BI_Ch13_59,,,,,To do,,,,,,"No source matched: either a comment by the author, or a source to identify by hand"
BI_Ch13_60,Note,13,Chapter 13: India: A Neo-Con Frontier,60,Unlinked note,"(Ilaiah, 2009, 234)",,BI_Ch13_60,,,,,To do,,,,,,"No source matched: either a comment by the author, or a source to identify by hand"
BI_Ch13_61,Note,13,Chapter 13: India: A Neo-Con Frontier,61,Unlinked note,"(Ilaiah, 2009, 236)",,BI_Ch13_61,,,,,To do,,,,,,"No source matched: either a comment by the author, or a source to identify by hand"
BI_Ch13_62,Note,13,Chapter 13: India: A Neo-Con Frontier,62,Unlinked note,"(Ilaiah, 2009, 238)",,BI_Ch13_62,,,,,To do,,,,,,"No source matched: either a comment by the author, or a source to identify by hand"
BI_Ch13_63,Note,13,Chapter 13: India: A Neo-Con Frontier,63,Unlinked note,"(Ilaiah, 2009, xv)",,BI_Ch13_63,,,,,To do,,,,,,"No source matched: either a comment by the author, or a source to identify by hand"
BI_Ch13_64,Note,13,Chapter 13: India: A Neo-Con Frontier,64,URL,"(US Commission Global Human Rights, 2005)",BI_B896,BI_Ch13_64_Us-Commission_Equality-and-Justice-for-200-Million-Victims,US Commission Global Human Rights. ‘Equality and Justice for 200 Million Victims of Caste Syst em’. 2005. http://commdocs.house.gov/committees/intlrel/hfa23825.000/hfa23825_0f.htm (accessed 10 October 2009).,http://commdocs.house.gov/committees/intlrel/hfa23825.000/hfa23825_0f.htm,,,To do,,,,,,download failed - live page: Page.inner_text: Timeout 30000ms exceeded. | download failed - live page: Page.inner_text: Timeout 30000ms exceeded.
BI_Ch13_65,Note,13,Chapter 13: India: A Neo-Con Frontier,65,URL,"(asianews.it, 2006)",BI_B048,BI_Ch13_65_Asianews_US-Congress-set-to-Scrutinize-Anti-Dalit,Asianews.it. ‘US Congress set to Scrutinize Anti-Dalit Discrimination’. 2006. http://www.asianews.it/index.php?art=43478cl=en (accessed 10 October 2009).,http://www.asianews.it/index.php?art=4347&l=en,,,To do,,,,,,Web address corrected from the earlier audit (the book's text read: http://www.asianews.it/index.php?art=43478cl=en) | download failed - live page: web server answered HTTP 403 | download failed - live page: web server answered HTTP 403
BI_Ch13_66,Note,13,Chapter 13: India: A Neo-Con Frontier,66,Book/Print,"(The AICC Update, ll-Jul-2006)",BI_B791,BI_Ch13_66_The-Aicc_D-Souza-Speaks-at-Historic-Washington-D,"The AICC Update. D'Souza Speaks at Historic Washington D.C. Religious Freedom Event. News, AICC, 11 July 2006.",,,,To do,,,,,https://www.google.com/search?tbm=bks&q=D%20Souza%20Speaks%20at%20Historic%20Washington%20D%20C%20Religious%20The%20AICC%20Update,
BI_Ch13_67,Note,13,Chapter 13: India: A Neo-Con Frontier,67,Book/Print,"(Christianity Today, ll-Oct-2006)",BI_B130,BI_Ch13_67_Christianity-Today_100,"Christianity Today. ‘100,000 Dalit Christians to Attend “World Religious Freedom Day” Rally in India'. News, 11 October 2006.",,,,To do,,,,,https://www.google.com/search?tbm=bks&q=100%20000%20Dalit%20Christians%20to%20Attend%20World%20Religious%20Freedom%20Christianity%20Today,
BI_Ch13_68,Note,13,Chapter 13: India: A Neo-Con Frontier,68,Book/Print,"(Le Journal Chretin, 2-May-2007)",BI_B457,BI_Ch13_68_Le-Journal_Congressman-Trent-Franks-Introduces-Resolution-on-Untouchab,"Le Journal Chretin. ‘Congressman Trent Franks Introduces Resolution on Untouchability’. News, 2 May 2007.",,,,To do,,,,,https://www.google.com/search?tbm=bks&q=Congressman%20Trent%20Franks%20Introduces%20Resolution%20on%20Untouchability%20News%202%20Le%20Journal%20Chretin,
BI_Ch13_69,Note,13,Chapter 13: India: A Neo-Con Frontier,69,URL,"(www.omccindia.org, 2002:2009)",,BI_Ch13_69_omccindia-org,,http://www.omccindia.org,,,To do,,,,,,"No source matched: either a comment by the author, or a source to identify by hand | download failed - live page: Page.goto: net::ERR_NAME_NOT_RESOLVED at http://www.omccindia.org/ | download failed - live page: Page.goto: net::ERR_NAME_NOT_RESOLVED at http://www.omccindia.org/"
BI_Ch13_70,Note,13,Chapter 13: India: A Neo-Con Frontier,70,URL,"(www.omccindia.org, 2002:2009)",,BI_Ch13_70_omccindia-org,,http://www.omccindia.org,,,To do,,,,,,"No source matched: either a comment by the author, or a source to identify by hand | download failed - live page: Page.goto: net::ERR_NAME_NOT_RESOLVED at http://www.omccindia.org/ | download failed - live page: Page.goto: net::ERR_NAME_NOT_RESOLVED at http://www.omccindia.org/"
BI_Ch13_71,Note,13,Chapter 13: India: A Neo-Con Frontier,71,URL,"(D’souza, 2003:2010)",BI_B152,BI_Ch13_71_D-Souza_2003-2010,"D’souza, Joseph, who Told Us that Gandhi Ended the Caste System in India? (Product Description). 2003:2010. http://www.dalitnetwork.org/go?/dfn/resources (accessed 10 January 2009).",http://www.dalitnetwork.org/go?/dfn/resources,https://web.archive.org/web/20081219192155/http://www.dalitnetwork.org:80/go?/dfn/resources,Snapshot found,On OneDrive,,BI_B152_D-Souza_2003-2010_dalitnetwork-org.pdf,https://1drv.ms/b/c/ACD215A5F926CFCE/IQDTdUXqxCjOSZ72C9GkqpIHAfcA84RN9MZQKtKL-6gIqUE?download=1,2010,,Page saved as PDF (cover page + copy) from Wayback snapshot on 2026-10-08
BI_Ch13_72,Note,13,Chapter 13: India: A Neo-Con Frontier,72,URL,"(AICC, 1998:2010)",BI_B012,BI_Ch13_72_All-Indla_1998-2010,— All Indla Christian Council. 1998:2010. http://www.aiccindia.org/newsite/C804061910/aboutus.asp (accessed 10 January 2009).,http://www.aiccindia.org/newsite/C804061910/aboutus.asp,,,To do,,,,2010,,download failed - live page: Page.goto: net::ERR_NAME_NOT_RESOLVED at http://www.aiccindia.org/news | download failed - live page: Page.goto: net::ERR_NAME_NOT_RESOLVED at http://www.aiccindia.org/news
BI_Ch13_73,Note,13,Chapter 13: India: A Neo-Con Frontier,73,URL,"(indianchristians.in, 2001)",BI_B383,BI_Ch13_73_Historical-Milestones_2001,— ‘Historical Milestones of the All India Christian Council’. 2001. http://indianchristians.in/news/content/view/1810/120/ (accessed 10 January 2009).,http://indianchristians.in/news/content/view/1810/120/,,,To do,,,,,,"download failed - live page: page is empty or is an error page, not a real copy | download failed - live page: page is empty or is an error page, not a real copy"
BI_Ch13_74,Note,13,Chapter 13: India: A Neo-Con Frontier,74,Book/Print,"(CSW, 2001, 14)",BI_B148,BI_Ch13_74_Csw_India-Annual-Report-2001,"CSW. India Annual Report 2001. Activities Report, Christian Solidarity Worldwide, 2001.",,,,To do,,,,14,https://www.google.com/search?tbm=bks&q=India%20Annual%20Report%202001%20Activities%20Report%20Christian%20Solidarity%20Worldwide%20CSW,Also cites: BI_B149
BI_Ch13_75,Note,13,Chapter 13: India: A Neo-Con Frontier,75,Unlinked note,See the section on US Commission on International Religious Freedom for AICC/John Dayal testimonies against India.,,BI_Ch13_75,,,,,To do,,,,,,"No source matched: either a comment by the author, or a source to identify by hand"
BI_Ch13_76,Note,13,Chapter 13: India: A Neo-Con Frontier,76,Book/Print,"Asia Times, February 5 2000",BI_B045,BI_Ch13_76_Asia-Times_Nepal-Trying-to-March-in-Step,Asia Times. ‘Nepal Trying to March in Step’. 6 February 2010.,,,,To do,,,,,https://www.google.com/search?tbm=bks&q=Nepal%20Trying%20to%20March%20in%20Step%206%20February%202010%20Asia%20Times,[match: author only (unique)]
BI_Ch13_77,Note,13,Chapter 13: India: A Neo-Con Frontier,77,Book/Print,"(Towns, 2 August 2001, 18 March 2003)",BI_B880,BI_Ch13_77_Towns_Extensions-of-Remarks,"Towns, Edolphus. ‘Extensions of Remarks’ . Congressional Record. 2 August 2001, 18 March 2003.",,,,To do,,,,18,https://www.google.com/search?tbm=bks&q=Extensions%20of%20Remarks%20Congressional%20Record%202%20August%202001%2018%20Towns,
BI_Ch13_78,Note,13,Chapter 13: India: A Neo-Con Frontier,78,Book/Print,"(Assistnews, 11 May 2007)",BI_B049,BI_Ch13_78_Assistnews_British-House-of-Commons-Debates-Caste-Discriminatlon,"Assistnews. ‘British House of Commons Debates Caste Discriminatlon in India'. News, 11 May 2007.",,,,To do,,,,,https://www.google.com/search?tbm=bks&q=British%20House%20of%20Commons%20Debates%20Caste%20Discriminatlon%20in%20India%20Assistnews,
BI_Ch13_79,Note,13,Chapter 13: India: A Neo-Con Frontier,79,Book/Print,"(AICC, December 2007)",BI_B009,BI_Ch13_79_Aicc_A-Report-on-Activities-of-the-AICC,"AICC. ‘A Report on Activities of the AICC’. Month Report, All India Christian Council, October 2007.",,,,To do,,,,,https://www.google.com/search?tbm=bks&q=A%20Report%20on%20Activities%20of%20the%20AICC%20Month%20Report%20AICC,Also cites: BI_B011
BI_Ch13_80,Note,13,Chapter 13: India: A Neo-Con Frontier,80,Book/Print,"(AICC, October 2007)",BI_B009,BI_Ch13_80_Aicc_A-Report-on-Activities-of-the-AICC,"AICC. ‘A Report on Activities of the AICC’. Month Report, All India Christian Council, October 2007.",,,,To do,,,,,https://www.google.com/search?tbm=bks&q=A%20Report%20on%20Activities%20of%20the%20AICC%20Month%20Report%20AICC,[match: author+title]
BI_Ch13_81,Note,13,Chapter 13: India: A Neo-Con Frontier,81,Book/Print,"(AICC, December 2007) •",BI_B009,BI_Ch13_81_Aicc_A-Report-on-Activities-of-the-AICC,"AICC. ‘A Report on Activities of the AICC’. Month Report, All India Christian Council, October 2007.",,,,To do,,,,,https://www.google.com/search?tbm=bks&q=A%20Report%20on%20Activities%20of%20the%20AICC%20Month%20Report%20AICC,Also cites: BI_B011
BI_Ch13_82,Note,13,Chapter 13: India: A Neo-Con Frontier,82,Book/Print,"(100, Huntley Street, 2009) Such propaganda hides some of the really worrisome activities of missionary networks in India, For example in January 2010, Tamil Nadu police exposed a child trafficking network which brought girls from Manipur and Assam, who were bought by evangelists in Tamil Nadu and subjected to abuse. In Manipur, where educational infrastructure has been destroyed by secessionists, the parents are lured by middlemen of evangelists promising good education. Children are sold by middlemen at the rate of Rs 10,000 to 15,000. They in turn, are kept in confinement; abused; compulsorily made to participate in Christian prayers. (The Telegraph 10 February 2010); (Deccan Chronicle 23 January 2010); (The Sangai Express 11 February 2010). While there are good Christian missionaries as well as good Hindu service-organizations that are doing real service to the down­ trodden, lure of foreign money and demonization of India through her social problems often result in the emergence of such unchecked abusive networks. Though people like D’souza portray India in black and white, between good liberating Christian forces and savage oppressive native culture in powerful western media, the reality is quite different in the ground.",BI_B842,BI_Ch13_82_The-Sangai_74-Girls-Brought-to-TN-from-Manipur,"The Sangai Express. ‘74 Girls Brought to TN from Manipur, Assam Missing’. News, 11 February 2010.",,,,To do,,,,,https://www.google.com/search?tbm=bks&q=74%20Girls%20Brought%20to%20TN%20from%20Manipur%20Assam%20Missing%20The%20Sangai%20Express,[match: author+title]
BI_Ch13_83,Note,13,Chapter 13: India: A Neo-Con Frontier,83,URL,"The media group is listed as a resource in the fundamentalist Creationist website for its programs against evolution. (Creation Resource Library, 2005) A talk-show aired by 100, Huntley Street in 1984 accused a Pagan preacher of Satanic abuse. After it was proved to be a fabrication in the court, 100, Huntley Street settled out-of-court for an undisclosed sum. (Cuhulain, 2002)",BI_B151,BI_Ch13_83_Cuhulain_Raschke-Paints-Things-Black,"Cuhulain, Kerr. ‘Raschke Paints Things Black’. Pagan Protection Center. 25 November 2002. http://wwv7.witchv0x.com/va/du_va.h;ml?a=cabc&:c=whs&id=4805 (accessed 2010).",http://www.witchvox.com/va/dt_va.html?a=cabc&rc=whs&id=4805,,,To do,,,,,,[match: author+title] | Web address corrected from the earlier audit (the book's text read: http://wwv7.witchv0x.com/va/du_va.h;ml?a=cabc&:c=whs&id=4805) | download failed - live page: web server answered HTTP 404 | download failed - live page: web server answered HTTP 404
BI_Ch13_84,Note,13,Chapter 13: India: A Neo-Con Frontier,84,Book/Print,"(AICC March, 2008)",BI_B010,BI_Ch13_84_Aicc_A-Report-on-Activities-of-the-AICC,"AICC. ‘A Report on Activities of the AICC’. Month Report, All India Christian Council, March 2008.",,,,To do,,,,,https://www.google.com/search?tbm=bks&q=A%20Report%20on%20Activities%20of%20the%20AICC%20Month%20Report%20AICC,"Also cites: BI_B013, BI_B014"
BI_Ch13_85,Note,13,Chapter 13: India: A Neo-Con Frontier,85,Unlinked note,(AICC and CSW (UK) joint release welcoming UN report^),,BI_Ch13_85,,,,,To do,,,,,,"No source matched: either a comment by the author, or a source to identify by hand"
BI_Ch13_86,Note,13,Chapter 13: India: A Neo-Con Frontier,86,URL,"(www.indiancatholic.in, 2008)",BI_B978,BI_Ch13_86_Www_Christians-Want-to-Join-the-Congress-as,www.indiancatholic.in. ‘Christians Want to Join the Congress as Candidates for the Elections in Maharashtra’. 2008. http://www.indiancatholic.in/news/storydetails.php/13416-l-6-Christians-want-to-join-the-Congress-as-candidates-for-the-elections-in-Maharashtra (accessed 10 January 2009).,http://www.indiancatholic.in | http://www.indiancatholic.in/news/storydetails.php/13416-l-6-Christians-want-to-join-the-Congress-as-candidates-for-the-elections-in-Maharashtra,,,On OneDrive,,BI_B978_Www_Christians-Want-to-Join-the-Congress-as_indiancatholic-in.pdf,https://1drv.ms/b/c/ACD215A5F926CFCE/IQAxd-Rbn4roQb6fpip630dmAUH-WKqayh6Mwne_9d8QuhI?download=1,,,Page saved as PDF (cover page + copy) from live page on 2026-10-08
BI_Ch13_87,Note,13,Chapter 13: India: A Neo-Con Frontier,87,URL,"(The Earth Times, 2002)",BI_B793,BI_Ch13_87_The-Earth_Young-Girl-s-Longing-for-Equal-Rights,The Earth Times. ‘Young Girl’s Longing for Equal Rights’. Earth Times website. 16 May 2002. http://www.earthtimes.org/may/younggirlslongingmay3_02. htm (accessed 10 January 2009).,http://www.earthtimes.org/may/younggirlslongingmay3_02.htm,https://web.archive.org/web/20081012051536/http://www.earthtimes.org/may/younggirlslongingmay3_02.htm,Snapshot found,On OneDrive,,BI_B793_The-Earth_Young-Girl-s-Longing-for-Equal-Rights_earthtimes-org.pdf,https://1drv.ms/b/c/ACD215A5F926CFCE/IQAwTgff8wOCSI5d2jzp2a4JAYrDlFJXkpBj8qnZL10W4dY?download=1,,,Web address corrected from the earlier audit (the book's text read: http://www.earthtimes.org/may/younggirlslongingmay3_02) | Page saved as PDF (cover page + copy) from Wayback snapshot on 2026-10-08
BI_Ch13_88,Note,13,Chapter 13: India: A Neo-Con Frontier,88,URL,"(MNN, 2004)",BI_B537,BI_Ch13_88_Mnn_Open-Doors-Seminars-Helping-Persecuted-Pastors-in,MNN. Open Doors Seminars Helping Persecuted Pastors in India. 11 February 2004. http://mobile.nmnonline.org/article.php?id=5665 (accessed 10 January 2009).,http://mobile.mnnonline.org/article.php?id=5665,,,To do,,,,,,Web address corrected from the earlier audit (the book's text read: http://mobile.nmnonline.org/article.php?id=5665) | download failed - live page: Page.goto: net::ERR_NAME_NOT_RESOLVED at http://mobile.mnnonline.org/a | download failed - live page: Page.goto: net::ERR_NAME_NOT_RESOLVED at http://mobile.mnnonline.org/a
BI_Ch13_89,Note,13,Chapter 13: India: A Neo-Con Frontier,89,Unlinked note,"A right-wing think-tank, whose activities are detailed in subsequent pages.",,BI_Ch13_89,,,,,To do,,,,,,"No source matched: either a comment by the author, or a source to identify by hand"
BI_Ch13_90,Note,13,Chapter 13: India: A Neo-Con Frontier,90,URL,"(Pitts, 2002)",BI_B628,BI_Ch13_90_Pitts_Address-at-the-Seminar-on-India,"Pitts, Jospeh. ‘Address at the Seminar on India’. 31 March 2002. www.pifras.org/Programs/Past_Programs/March3104/Joseph_Pitts/joseph_pitts.html (accessed 10 January 2009).",http://www.pifras.org/Programs/Past_Programs/March3104/Joseph_Pitts/joseph_pitts.html,,,To do,,,,,,Also cites: BI_B629 | download failed - live page: Page.goto: net::ERR_NAME_NOT_RESOLVED at http://www.pifras.org/Program | download failed - live page: Page.goto: net::ERR_NAME_NOT_RESOLVED at http://www.pifras.org/Program
BI_Ch13_91,Note,13,Chapter 13: India: A Neo-Con Frontier,91,Book/Print,"(The Times of India, 4 September 2001)",BI_B858,BI_Ch13_91_The-Times_Cops-had-SIMI-Email-Intercepts-in-2001,"The Times of India. ‘Cops had SIMI Email Intercepts in 2001’. News, 23 August 2008.",,,,To do,,,,,https://www.google.com/search?tbm=bks&q=Cops%20had%20SIMI%20Email%20Intercepts%20in%202001%20News%2023%20The%20Times%20of%20India,Also cites: BI_B873
BI_Ch13_92,Note,13,Chapter 13: India: A Neo-Con Frontier,92,Book/Print,"(Haniffa, 22 July 2003)",BI_B316,BI_Ch13_92_Haniffa_Indian-officials-to-boycott-Kashmir-Conference-in,"Haniffa, Aziz. ‘Indian officials to boycott “Kashmir Conference” in US, 22 July 2003’. News, 22 July 2003.",,,,To do,,,,,https://www.google.com/search?tbm=bks&q=Indian%20officials%20to%20boycott%20Kashmir%20Conference%20in%20US%2022%20Haniffa,
BI_Ch13_93,Note,13,Chapter 13: India: A Neo-Con Frontier,93,URL,(www.votesmart.org),BI_B1030,BI_Ch13_93_Www_Page-on-Jospeh-Pitts,www.votesmart.org. Page on Jospeh Pitts. htrp://www.votesmart.org rating_category.'Ohp.^can_id=BC031572&type=category&category=Conse rvative (accessed 10 January 2009).,http://www.votesmart.org | http://www.votesmart.org,,,On OneDrive,,BI_B1030_Www_Page-on-Jospeh-Pitts_votesmart-org.pdf,https://1drv.ms/b/c/ACD215A5F926CFCE/IQBrgo7vKQ7lRLkjmcBcLtq7AWYAv_Mhq6YsZC6R-5DtuGQ?download=1,,,[match: author only (unique)] | Page saved as PDF (cover page + copy) from live page on 2026-10-08
BI_Ch13_94,Note,13,Chapter 13: India: A Neo-Con Frontier,94,URL,"(DFN, 2003:2010)",BI_B194,BI_Ch13_94_Dfn_Dalit-Freedom-Network,DFN. Dalit Freedom Network. 2003:2010. http://www.dalitnetwork.org/go ?/ dfn/about/C141/ (accessed 2009).,http://www.dalitnetwork.org/go,,,To do,,,,2010,,"Also cites: BI_B195, BI_B196, BI_B197, BI_B198 | download failed - live page: page is empty or is an error page, not a real copy | download failed - live page: page is empty or is an error page, not a real copy"
BI_Ch13_95,Note,13,Chapter 13: India: A Neo-Con Frontier,95,URL,"(Washington Post, 2005)",BI_B914,BI_Ch13_95_Washington-Post_Battle-on-Teaching-Evolution-Sharpens,Washington Post. ‘Battle on Teaching Evolution Sharpens’. 13 March 2005. http://www.washingtonpost.com/wp-dyn/articles/A32444-2005Marl3. html (accessed 10 Janaury 2009).,http://www.washingtonpost.com/wp-dyn/articles/A32444-2005Mar13.html,https://web.archive.org/web/20230307165352/https://www.washingtonpost.com/wp-dyn/articles/A32444-2005Mar13.html,Snapshot found,On OneDrive,,BI_B914_Washington-Post_Battle-on-Teaching-Evolution-Sharpens_washingtonpost-com.pdf,https://1drv.ms/b/c/ACD215A5F926CFCE/IQC2dSOfy4xaSJxLZeIG_iigATQGsGH3zK5d09ASrKs5NfI?download=1,,,Web address corrected from the earlier audit (the book's text read: http://www.washingtonpost.com/wp-dyn/articles/A32444-2005Marl3) | Page saved as PDF (cover page + copy) from Wayback snapshot on 2026-10-08
BI_Ch13_96,Note,13,Chapter 13: India: A Neo-Con Frontier,96,URL,"(EPPC, 2007)",BI_B248,BI_Ch13_96_Rick-Santorum_Ethics-and-Public-Policy-Center,"— ‘ Rick Santorum Joins Ethics and Public Policy Center, establishes program on America’s enemies’. Ethics and Public Policy Center. 9 January 2007. http://www.eppc.org/news/newsid.2818/news_detail.asp (accessed 30 January 2009).",http://www.eppc.org/news/newsid.2818/news_detail.asp,,,To do,,,,,,download failed - live page: web server answered HTTP 404 | download failed - live page: web server answered HTTP 404
BI_Ch13_97,Note,13,Chapter 13: India: A Neo-Con Frontier,97,URL,"(PIFRAS, 2004)",BI_B622,BI_Ch13_97_Trent-Franks_2004,"— ‘Trent Franks: Remarks at the Seminar on India’, www.pifras.org. 2004. http://www.pifras.org/Programs/Past_Programs/March3104/Trent_Franks/trent_franks.html (accessed 30 March 2009).",http://www.pifras.org/Programs/Past_Programs/March3104/Trent_Franks/trent_franks.html | http://www.pifras.org/Programs/Past_Programs/March3104/Trent_Franks/trent_franks.html,https://web.archive.org/web/20081006084018/http://www.pifras.org/Programs/Past_Programs/March3104/Trent_Franks/trent_franks.html,Snapshot found,On OneDrive,,BI_B622_Trent-Franks_2004_pifras-org.pdf,https://1drv.ms/b/c/ACD215A5F926CFCE/IQB1eERu3qgCTKcR8EmU2JdIAeZTrgCgV0uOjvBKF2JIl3c?download=1,,,Web address corrected from the earlier audit (the book's text read: http://www.pifras.org) | Page saved as PDF (cover page + copy) from Wayback snapshot on 2026-10-08
BI_Ch13_98,Note,13,Chapter 13: India: A Neo-Con Frontier,98,URL,"(www.ontheissues.org, 2008)",BI_B996,BI_Ch13_98_Www_On-the-Issues-Trent-Franks,www.ontheissues.org. “On the Issues: Trent Franks*. 2008. http://www.ontheiss u es. org/House/Trent_Fra hks. htrn.,http://www.ontheissues.org | http://www.ontheiss,,,To do,,,,,,download failed - live page: web server answered HTTP 403 | download failed - live page: web server answered HTTP 403
BI_Ch13_99,Note,13,Chapter 13: India: A Neo-Con Frontier,99,URL,"(www.rightwingwatch.org, 2008)",BI_B999,BI_Ch13_99_Www_Right-wing-Watch-on-Trent-Franks,www.rightwingwatch.org. ‘Right-wing Watch on Trent Franks’. 2008. http;// www.right-wingwatch.org/category/individu.als/trent-lranks (accessed 10 January 2009).,http://www.rightwingwatch.org | http://www.right-wingwatch.org/category/individu.als/trent-lranks,,,On OneDrive,,BI_B999_Www_Right-wing-Watch-on-Trent-Franks_rightwingwatch-org.pdf,https://1drv.ms/b/c/ACD215A5F926CFCE/IQCOSrcjy1e6Qq2EedI0JUuJAY6sEEJsHSzGfRq_bkeMs5I?download=1,,,Page saved as PDF (cover page + copy) from live page on 2026-10-08
BI_Ch13_100,Note,13,Chapter 13: India: A Neo-Con Frontier,100,URL,"(DFN, 2003:2010)",BI_B194,BI_Ch13_100_Dfn_Dalit-Freedom-Network,DFN. Dalit Freedom Network. 2003:2010. http://www.dalitnetwork.org/go ?/ dfn/about/C141/ (accessed 2009).,http://www.dalitnetwork.org/go,,,To do,,,,2010,,"Also cites: BI_B195, BI_B196, BI_B197, BI_B198 | download failed - live page: page is empty or is an error page, not a real copy | download failed - live page: page is empty or is an error page, not a real copy"
BI_Ch13_101,Note,13,Chapter 13: India: A Neo-Con Frontier,101,URL,"(www.ccu.edu, 1999:2010)",BI_B001,BI_Ch13_101_Www_Colorado-Christian-University-welcome,www.ccu.edu. Colorado Christian University: welcome. 1999:2010. http://www.ccu.edu/welcome/ (accessed 2010).,http://www.ccu.edu/welcome/ | http://www.ccu.edu/welcome/,https://web.archive.org/web/20121002122805/http://www.ccu.edu/welcome/,Snapshot found,On OneDrive,,BI_B001_Www_Colorado-Christian-University-welcome_ccu-edu.pdf,https://1drv.ms/b/c/ACD215A5F926CFCE/IQDNtTIl5WqURY8Q2TqoWAstAYjQCXyM98-aQtjmG9st_6M?download=1,2010,,Also cites: BI_B955 | Web address corrected from the earlier audit (the book's text read: http://www.ccu.edu) | Page saved as PDF (cover page + copy) from Wayback snapshot on 2026-10-08
BI_Ch13_102,Note,13,Chapter 13: India: A Neo-Con Frontier,102,URL,"(www.ccu.edu, 1999:2010)",BI_B001,BI_Ch13_102_Www_Colorado-Christian-University-welcome,www.ccu.edu. Colorado Christian University: welcome. 1999:2010. http://www.ccu.edu/welcome/ (accessed 2010).,http://www.ccu.edu/welcome/ | http://www.ccu.edu/welcome/,https://web.archive.org/web/20121002122805/http://www.ccu.edu/welcome/,Snapshot found,On OneDrive,,BI_B001_Www_Colorado-Christian-University-welcome_ccu-edu.pdf,https://1drv.ms/b/c/ACD215A5F926CFCE/IQDNtTIl5WqURY8Q2TqoWAstAYjQCXyM98-aQtjmG9st_6M?download=1,2010,,Also cites: BI_B955 | Web address corrected from the earlier audit (the book's text read: http://www.ccu.edu) | Page saved as PDF (cover page + copy) from Wayback snapshot on 2026-10-08
BI_Ch13_103,Note,13,Chapter 13: India: A Neo-Con Frontier,103,Book/Print,"(United Methodist News Service, 23 July 2002)",BI_B892,BI_Ch13_103_United-Methodist_Extremism-Threatens-Peace-in-South-Asia,"United Methodist News Service. ‘Extremism Threatens Peace in South Asia, world. Speakers Say: Reporting on a South Asia Conference on July 18, 2002’. News, 23 July 2002.",,,,To do,,,,,https://www.google.com/search?tbm=bks&q=Extremism%20Threatens%20Peace%20in%20South%20Asia%20world%20Speakers%20Say%20United%20Methodist%20News%20Service,
BI_Ch13_104,Note,13,Chapter 13: India: A Neo-Con Frontier,104,Book/Print,"(Sharlett, 2008, 260-72). These pages offer a revealing portrait of Senator Brownback.",BI_B734,BI_Ch13_104_Sharlett_The-Family-The-Secret-Fundamentalism-at-the,"Sharlett, Jeff. The Family: The Secret Fundamentalism at the Heart of American Potver. New York: Harper Perennial, 2008.",,,,To do,,,,260,https://www.google.com/search?tbm=bks&q=The%20Family%20The%20Secret%20Fundamentalism%20at%20the%20Heart%20of%20Sharlett,
BI_Ch13_105,Note,13,Chapter 13: India: A Neo-Con Frontier,105,Book/Print,"(Towns, 2 Augyst 2001, 18 March 2003)",BI_B880,BI_Ch13_105_Towns_Extensions-of-Remarks,"Towns, Edolphus. ‘Extensions of Remarks’ . Congressional Record. 2 August 2001, 18 March 2003.",,,,To do,,,,18,https://www.google.com/search?tbm=bks&q=Extensions%20of%20Remarks%20Congressional%20Record%202%20August%202001%2018%20Towns,
BI_Ch13_106,Note,13,Chapter 13: India: A Neo-Con Frontier,106,Book/Print,"(Towns, Extensions of Remarks 15 February 2005)",BI_B881,BI_Ch13_106_Extensions-Of_Congressional-Record,— ‘Extensions of Remarks’. Congressional Record. 15 February 2005.,,,,To do,,,,,https://www.google.com/search?tbm=bks&q=Congressional%20Record%2015%20February%202005%20%E2%80%94%20%E2%80%98Extensions%20of%20Remarks%E2%80%99,
BI_Ch13_107,Note,13,Chapter 13: India: A Neo-Con Frontier,107,URL,"(Anthony, 2001)",BI_B031,BI_Ch13_107_Anthony_Heinous-Acts-of-Hindu-Nationalists,"Anthony, Susai. ‘Heinous Acts of Hindu Nationalists’. 2001. http://www.fiacona.org/Susai_report.htm (accessed 10 January 2009).",http://www.fiacona.org/Susai_report.htm,https://web.archive.org/web/20060622011803/http://fiacona.org:80/Susai_report.htm,Snapshot found,On OneDrive,,BI_B031_Anthony_Heinous-Acts-of-Hindu-Nationalists_fiacona-org.pdf,https://1drv.ms/b/c/ACD215A5F926CFCE/IQAdqyhAgZiiTpFItoUmO33zAQVdRlSQ_VIkirCvXWJtj9I?download=1,,,Page saved as PDF (cover page + copy) from Wayback snapshot on 2026-10-08
BI_Ch13_108,Note,13,Chapter 13: India: A Neo-Con Frontier,108,URL,(PIFRAS website. 2003 (updated)),BI_B623,BI_Ch13_108_Pifras-Website_Policy-Institute-for-Religion-and-State,"PIFRAS website. Policy Institute for Religion and State. 2003 (updated), http://www.pifras.org/.",http://www.pifras.org/,,,To do,,,,,,download failed - live page: Page.goto: net::ERR_NAME_NOT_RESOLVED at http://www.pifras.org/ | download failed - live page: Page.goto: net::ERR_NAME_NOT_RESOLVED at http://www.pifras.org/
BI_Ch13_109,Note,13,Chapter 13: India: A Neo-Con Frontier,109,Book/Print,"(Raman.B., 2005)",BI_B673,BI_Ch13_109_I-Stand_Outlook,"— ‘I Stand by My Assessment’. Outlook, 11 April 2005.",,,,To do,,,,,https://www.google.com/search?tbm=bks&q=Outlook%2011%20April%202005%20%E2%80%94%20%E2%80%98I%20Stand%20by%20My%20Assessment%E2%80%99,
BI_Ch13_110,Note,13,Chapter 13: India: A Neo-Con Frontier,110,Book/Print,"(Raman.B., 2005)",BI_B673,BI_Ch13_110_I-Stand_Outlook,"— ‘I Stand by My Assessment’. Outlook, 11 April 2005.",,,,To do,,,,,https://www.google.com/search?tbm=bks&q=Outlook%2011%20April%202005%20%E2%80%94%20%E2%80%98I%20Stand%20by%20My%20Assessment%E2%80%99,
BI_Ch13_111,Note,13,Chapter 13: India: A Neo-Con Frontier,111,URL,"(PIFRAS, 2002)",BI_B621,BI_Ch13_111_Pifras_Symposium-on-South-Asia,PIFRAS. ‘Symposium on South Asia’. 2002. http://www.pifras.org/Programs/Past_Programs/Sumposium_report/Symposium_speecbes/Bruce_Robertson/bruce_robertson.html (accessed 12 February 2009).,http://www.pifras.org/Programs/Past_Programs/Sumposium_report/Symposium_speeches/Bruce_Robertson/bruce_robertson.html,,,To do,,,,,,Web address corrected from the earlier audit (the book's text read: http://www.pifras.org/Programs/Past_Programs/Sumposium_report/Symposium_speecbes/Bruce_Robertson/bruce_robertson.html) | download failed - live page: Page.goto: net::ERR_NAME_NOT_RESOLVED at http://www.pifras.org/Program | download failed - live page: Page.goto: net::ERR_NAME_NOT_RESOLVED at http://www.pifras.org/Program
BI_Ch13_112,Note,13,Chapter 13: India: A Neo-Con Frontier,112,URL,"This generated complaints from the Indian diaspora in the USA. This happened at the time when Dick Cheney’s wife, Lynn Cheney, was the head of the US National Endowment of Humanities, with a strategic committment to spread Judeo-Christian values. For further details, see: http://www.infinityfoundation.com/ECITnehletterframeset.htm",,BI_Ch13_112_infinityfoundation-com_ECITnehletterframeset,,http://www.infinityfoundation.com/ECITnehletterframeset.htm,,,To do,,,,,,"No source matched: either a comment by the author, or a source to identify by hand | download failed - live page: web server answered HTTP 404 | download failed - live page: web server answered HTTP 404"
BI_Ch13_113,Note,13,Chapter 13: India: A Neo-Con Frontier,113,Book/Print,"(News Media, 23 July 2002)",BI_B577,BI_Ch13_113_News-Media_Extremism-Threatens-Peace-in-South-Asia,"News Media. ‘Extremism Threatens Peace in South Asia,world. Speakers Say’. News, News Media, 23 July 2002.",,,,To do,,,,,https://www.google.com/search?tbm=bks&q=Extremism%20Threatens%20Peace%20in%20South%20Asia%20world%20Speakers%20Say%20News%20Media,
BI_Ch13_114,Note,13,Chapter 13: India: A Neo-Con Frontier,114,Book/Print,"(Shashikumar. VK, 2004)",BI_B736,BI_Ch13_114_Shashikumar_Bush-s-ConA-ersion-Agenda-for-India,"Shashikumar, VK. ‘Bush’s ConA'ersion Agenda for India; Preparing for the Harvest’. Tehelka, February 2004.",,,,To do,,,,,https://www.google.com/search?tbm=bks&q=Bush%20s%20ConA%20ersion%20Agenda%20for%20India%20Preparing%20for%20Shashikumar,
BI_Ch13_115,Note,13,Chapter 13: India: A Neo-Con Frontier,115,URL,"(John. PD, 2002)",BI_B408,BI_Ch13_115_John_Press-Release-Human-Trafficking-and-the-Spread,"John, PD. ‘Press Release: Human Trafficking and the Spread of HIV in South Asia’. Policy Institute for Religion and State. 18 July 2002. littp:// www.pifras.org/Press_Releases/PR_Human__Trafic/pr_human_trafic.html (accessed 17 September 2008).",http://www.pifras.org/Press_Releases/PR_Human_Trafic/pr_human_trafic.html,,,To do,,,,,,Web address corrected from the earlier audit (the book's text read: http://www.pifras.org/Press_Releases/PR_Human__Trafic/pr_human_trafic.html) | download failed - live page: Page.goto: net::ERR_NAME_NOT_RESOLVED at http://www.pifras.org/Press_R | download failed - live page: Page.goto: net::ERR_NAME_NOT_RESOLVED at http://www.pifras.org/Press_R
BI_Ch13_116,Note,13,Chapter 13: India: A Neo-Con Frontier,116,Book/Print,"(Marshall, 2003)",BI_B515,BI_Ch13_116_Marshall_The-Rise-of-Hindu-Extremism,"Marshall, Paul. ‘The Rise of Hindu Extremism’. Summary Report, Center for Religious Freedom, Freedomhouse, 2003.",,,,To do,,,,,https://www.google.com/search?tbm=bks&q=The%20Rise%20of%20Hindu%20Extremism%20Summary%20Report%20Center%20for%20Marshall,
BI_Ch13_117,Note,13,Chapter 13: India: A Neo-Con Frontier,117,Book/Print,"(Marshall, First Freedom 2007)",BI_B514,BI_Ch13_117_Marshall_First-Freedom,"Marshall, Paul. ‘First Freedom’. National Review Online, 9 July 2007.",,,,To do,,,,,https://www.google.com/search?tbm=bks&q=First%20Freedom%20National%20Review%20Online%209%20July%202007%20Marshall,
BI_Ch13_118,Note,13,Chapter 13: India: A Neo-Con Frontier,118,Book/Print,(The Times of India 5 March 2002),BI_B872,BI_Ch13_118_The-Times_US-Human-Rights-Report-Invites-Scorn,"The Times of India. US Human Rights Report Invites Scorn. News, The Times of India, 5 March 2002.",,,,To do,,,,,https://www.google.com/search?tbm=bks&q=US%20Human%20Rights%20Report%20Invites%20Scorn%20News%20The%20Times%20The%20Times%20of%20India,
BI_Ch13_119,Note,13,Chapter 13: India: A Neo-Con Frontier,119,Book/Print,"(Yajee, 1988, 122)",BI_B1031,BI_Ch13_119_Yajee_CM,"Yajee, Sheel Bhadra. CM, Manipulating Arm of the US Foreign Policy: 40 Years of CIA. Criterion Publications, 1988.",,,,To do,,,,122,https://www.google.com/search?tbm=bks&q=CM%20Manipulating%20Arm%20of%20the%20US%20Foreign%20Policy%2040%20Yajee,
BI_Ch13_120,Note,13,Chapter 13: India: A Neo-Con Frontier,120,Book/Print,"However, Ashutosh Varshney, a professor critical of the Indian government’s handling of the Gujarat violence, and author of an important study Ethnic Conflict and Civic Life: Hindus and Muslims in India, and Zeyba Rahman, a Muslim woman from Lucknow, disagreed with Dugger and said that the Gujarat riots were an anomaly and India is not on its way to becoming a fascist State. Rahman, chairperson of the World Music Institute, said the Gujarat violence was an ‘artificial situation, a blip created by the government to galvanize votes and will ultimately run out of steam.’ Indian democracy was alive, she maintained. But Dugger said, ‘. . . I saw a truck loaded with charred bodies of Muslim children. The Hindus said it compensated for lives of only half the Hindus killed in the train incident.’ (India Abroad, 4 April 2003)",BI_B377,BI_Ch13_120_India-Abroad_Asia-Society-Holds-Debate-on-India-s,"India Abroad. ‘Asia Society Holds Debate on India’s Pluralist Future’. News, India Abroad, 4 April 2003.",,,,To do,,,,,https://www.google.com/search?tbm=bks&q=Asia%20Society%20Holds%20Debate%20on%20India%20s%20Pluralist%20Future%20India%20Abroad,
BI_Ch13_121,Note,13,Chapter 13: India: A Neo-Con Frontier,121,Book/Print,"(PTI, 10 August 2005)",BI_B651,BI_Ch13_121_Pti_US-Group-Says-RSS-is-Like-al,"PTI. ‘US Group Says RSS is Like al-Qaeda’. News, Press Trust of India, 10 August 2005.",,,,To do,,,,,https://www.google.com/search?tbm=bks&q=US%20Group%20Says%20RSS%20is%20Like%20al%20Qaeda%20News%20PTI,[match: author+title]
BI_Ch13_122,Note,13,Chapter 13: India: A Neo-Con Frontier,122,Book/Print,"The conference was held during 7-9 Feb 2002. Later, the proceedings were published by John McGuire (affiliated to Curtin University of Technology). McGuire acknowledged in the journal that the ‘Funding support for the conference was generous. Curtin University of Technology, through the vehicle of the Vice-Chancellory and the Division of Humanities, along with the South Asian Studies Association of Australia, ensured that South Asianists throughout Australia and Singapore could attend. The Ford Foundation, New Delhi, enabled us to bring five distinguished Indian scholars to the conference.’ (McGuire, 2002)",BI_B521,BI_Ch13_122_Mcguire_The-BJP-and-Governance-in-India-An,"McGuire, John. ‘The BJP and Governance in India: An Overview’. South Asia: Journal of South Asian Studies (Routledge) 25, no. 3 (December 2002): 1-15.",,,,To do,,,,,https://www.google.com/search?tbm=bks&q=The%20BJP%20and%20Governance%20in%20India%20An%20Overview%20South%20McGuire,
BI_Ch13_123,Note,13,Chapter 13: India: A Neo-Con Frontier,123,URL,"For example, Teesta Setalvad, an activist who popularized the account of Hindu rioters ripping open a pregnant Muslim woman and throwing the fetus into fire, had visited the United States for lecture tours (MeriNews, 2008) and also has given testimony before US commissions. However, a Special Investigative Team appointed by the Supreme Court of India to investigate the riots in its report has cast doubt on the occurrence of such a nightmarish incident. (Mehta, 2009)",BI_B529,BI_Ch13_123_Merinews_Setalvad-and-R,MeriNews. Setalvad and R.B. Sreekumar on Lecture Tour to US. 7 July 2008. http://www.merinews.com/catFull.jsp?articleID=l37155 (accessed 5 January 2009).,http://www.merinews.com/catFull.jsp?articleID=137155,,,To do,,,,,,"[match: author+title] | Web address corrected from the earlier audit (the book's text read: http://www.merinews.com/catFull.jsp?articleID=l37155) | download failed - live page: page is empty or is an error page, not a real copy | download failed - live page: page is empty or is an error page, not a real copy"
BI_Ch13_124,Note,13,Chapter 13: India: A Neo-Con Frontier,124,URL,"(Pitts, 2002)",BI_B628,BI_Ch13_124_Pitts_Address-at-the-Seminar-on-India,"Pitts, Jospeh. ‘Address at the Seminar on India’. 31 March 2002. www.pifras.org/Programs/Past_Programs/March3104/Joseph_Pitts/joseph_pitts.html (accessed 10 January 2009).",http://www.pifras.org/Programs/Past_Programs/March3104/Joseph_Pitts/joseph_pitts.html,,,To do,,,,,,Also cites: BI_B629 | download failed - live page: Page.goto: net::ERR_NAME_NOT_RESOLVED at http://www.pifras.org/Program | download failed - live page: Page.goto: net::ERR_NAME_NOT_RESOLVED at http://www.pifras.org/Program
BI_Ch13_125,Note,13,Chapter 13: India: A Neo-Con Frontier,125,URL,"(EPPC, 2003)",BI_B246,BI_Ch13_125_Eppc_Evangelicals-in-Civic-Life,EPPC. ‘Evangelicals in Civic Life’. 12 August 2003. http://www.eppc.org/programs/ecl/programID.31/default.asp (accessed 10 February 2009).,http://www.eppc.org/programs/ecl/programID.31/default.asp,,,To do,,,,,,download failed - live page: web server answered HTTP 404 | download failed - live page: web server answered HTTP 404
BI_Ch13_126,Note,13,Chapter 13: India: A Neo-Con Frontier,126,Unlinked note,(Mangalore an Star 2004),,BI_Ch13_126,,,,,To do,,,,,,"No source matched: either a comment by the author, or a source to identify by hand"
BI_Ch13_127,Note,13,Chapter 13: India: A Neo-Con Frontier,127,URL,"(Prakash, 2002)",BI_B638,BI_Ch13_127_Prakash_A-written-Testimony-to-the-US-Commission,"Prakash, Cedric(SJ). ‘A written Testimony to the US Commission on International Religious Freedom: USCIRF Hearing on Communal Violence in Gujarat and the US Response’. US Commission on International Religious Freedom. 10 June 2002. http://usclrf.gov/hearings/10jun02/prakash.php3?mode=print (accessed 21 December 2006).",http://uscirf.gov/hearings/10jun02/prakash.php3?mode=print,,,To do,,,,,,Web address corrected from the earlier audit (the book's text read: http://usclrf.gov/hearings/10jun02/prakash.php3?mode=print) | download failed - live page: web server answered HTTP 404 | download failed - live page: web server answered HTTP 404
BI_Ch13_128,Note,13,Chapter 13: India: A Neo-Con Frontier,128,URL,"(Shah, 2003)",BI_B729,BI_Ch13_128_Shah_Hindu-Nationalism-vs,"Shah, Timothy Samuel. ‘Hindu Nationalism vs. Islamic Jihad: Religious Militancy in South Asia A Conversation with Cedric Prakash, Teesta Setalvad, Kamal Chenoy, Sumit Ganguly, Sunil Khilnani, and Jonah Blank’. Ethics and Public Policy Center. 3 February 2003. http://www.eppc.org/programs/southasian/publications/pubID. 1533,programlD.3 8/ pub_detail.asp (accessed 12 February 2009).","http://www.eppc.org/programs/southasian/publications/pubID.1533,programID.38/pub_detail.asp",,,To do,,,,,,Web address corrected from the earlier audit (the book's text read: http://www.eppc.org/programs/southasian/publications/pubID) | download failed - live page: web server answered HTTP 404 | download failed - live page: web server answered HTTP 404
BI_Ch13_129,Note,13,Chapter 13: India: A Neo-Con Frontier,129,URL,"(www.bu.edu, 2009)",BI_B951,BI_Ch13_129_Www_Timothy-Shah-at-Boston-University-CURA-Institute,"www.bu.edu. ‘Timothy Shah at Boston University CURA Institute of Culture, Religion a nd world Affairs’. 30 October 2009. www.bu.edu/cura/faculty-staff/research-associates/shah/shahcv/ (accessed 16 February 2010).",http://www.bu.edu | http://www.bu.edu/cura/faculty-staff/research-associates/shah/shahcv/,,,On OneDrive,,BI_B951_Www_Timothy-Shah-at-Boston-University-CURA-Institute_bu-edu.pdf,https://1drv.ms/b/c/ACD215A5F926CFCE/IQCirn3YuMDFT7h4z83raDymAZgy6HzLW2uUoZ9030Klex0?download=1,,,Page saved as PDF (cover page + copy) from live page on 2026-10-08
BI_Ch13_130,Note,13,Chapter 13: India: A Neo-Con Frontier,130,URL,"(www.cfr.org, 2008)",BI_B957,BI_Ch13_130_Www_May-2008,"www.cfr.org g, ‘Timothy Shah’. May 2008. www.cfr.org/content/bios/Shah_CV_May08.pdf (accessed 10 February 2009).",http://www.cfr.org | http://www.cfr.org/content/bios/Shah_CV_May08.pdf,,,On OneDrive,,BI_B957_Www_May-2008_cfr-org.pdf,https://1drv.ms/b/c/ACD215A5F926CFCE/IQDyZafo__rGRL-azwdpCSvXAQWWiqEJWscrNWQfctwkUpM?download=1,,,Page saved as PDF (cover page + copy) from live page on 2026-10-08
BI_Ch13_131,Note,13,Chapter 13: India: A Neo-Con Frontier,131,Book/Print,"(Shah, 2004)",BI_B730,BI_Ch13_131_Shah_The-Bible-and-the-Ballot-Box-Evangelicals,"Shah, Timothy Samuel. ‘The Bible and the Ballot Box: Evangelicals and Democracy in the “Global South”’. SAIS Revietv 24, no. 2 (2004): 117-132.",,,,To do,,,,,https://www.google.com/search?tbm=bks&q=The%20Bible%20and%20the%20Ballot%20Box%20Evangelicals%20and%20Democracy%20Shah,
BI_Ch13_132,Note,13,Chapter 13: India: A Neo-Con Frontier,132,URL,"(Kurtz, 2003)",BI_B448,BI_Ch13_132_Kurtz_The-Job-Ahead,"Kurtz, Stanley. ‘The Job Ahead, Bringing Democracy to Iraq will Take More than Election’. Wall Street Journal. 21 April 2003. http://www.opinionjournal.com/extra/?id=l 10003378 (accessed 21 December 2006).",http://www.opinionjournal.com/extra/?id=110003378,,,To do,,,,,,Web address corrected from the earlier audit (the book's text read: http://www.opinionjournal.com/extra/?id=l) | download failed - live page: web server answered HTTP 401 | download failed - live page: web server answered HTTP 401
BI_Ch14_01,Note,14,Chapter 14: India: A Left-wing Frontier,1,URL,"(Marsh, 2008)",BI_B511,BI_Ch14_01_Free-The_10-November-2008,— ‘Free the Dalit: Benjamin Mash Blog’. 10 November 2008. http://freethedalit.blogspot.com/2008/ll/more-on-obama-advisor-sonal-sbah.html (accessed 1 December 2008).,http://freethedalit.blogspot.com/2008/11/more-on-obama-advisor-sonal-shah.html,,,To do,,,,,,Also cites: BI_B512 | Web address corrected from the earlier audit (the book's text read: http://freethedalit.blogspot.com/2008/ll/more-on-obama-advisor-sonal-sbah.html) | download failed - live page: web server answered HTTP 404 | download failed - live page: web server answered HTTP 404
BI_Ch14_02,Note,14,Chapter 14: India: A Left-wing Frontier,2,URL,"(Marsh, 2008)",BI_B511,BI_Ch14_02_Free-The_10-November-2008,— ‘Free the Dalit: Benjamin Mash Blog’. 10 November 2008. http://freethedalit.blogspot.com/2008/ll/more-on-obama-advisor-sonal-sbah.html (accessed 1 December 2008).,http://freethedalit.blogspot.com/2008/11/more-on-obama-advisor-sonal-shah.html,,,To do,,,,,,Also cites: BI_B512 | Web address corrected from the earlier audit (the book's text read: http://freethedalit.blogspot.com/2008/ll/more-on-obama-advisor-sonal-sbah.html) | download failed - live page: web server answered HTTP 404 | download failed - live page: web server answered HTTP 404
BI_Ch14_03,Note,14,Chapter 14: India: A Left-wing Frontier,3,URL,"(Marsh, 2008)",BI_B511,BI_Ch14_03_Free-The_10-November-2008,— ‘Free the Dalit: Benjamin Mash Blog’. 10 November 2008. http://freethedalit.blogspot.com/2008/ll/more-on-obama-advisor-sonal-sbah.html (accessed 1 December 2008).,http://freethedalit.blogspot.com/2008/11/more-on-obama-advisor-sonal-shah.html,,,To do,,,,,,Also cites: BI_B512 | Web address corrected from the earlier audit (the book's text read: http://freethedalit.blogspot.com/2008/ll/more-on-obama-advisor-sonal-sbah.html) | download failed - live page: web server answered HTTP 404 | download failed - live page: web server answered HTTP 404
BI_Ch14_04,Note,14,Chapter 14: India: A Left-wing Frontier,4,URL,"(www.borenawards.org, 2007)",BI_B950,BI_Ch14_04_Www_Boren-Fellowships-for-International-Study,www.borenawards.org. ‘Boren Fellowships for International Study’. 5 November 2007. http://www.borenawards.org/boren_fellowship (accessed 10 January 2009).,http://www.borenawards.org | http://www.borenawards.org/boren_fellowship,,,On OneDrive,,BI_B950_Www_Boren-Fellowships-for-International-Study_borenawards-org.pdf,https://1drv.ms/b/c/ACD215A5F926CFCE/IQBh7DWiswTwSpaaI5wIrMihAVyfJH3yzXJ_62jge3WUQ4I?download=1,,,Page saved as PDF (cover page + copy) from live page on 2026-10-08
BI_Ch14_05,Note,14,Chapter 14: India: A Left-wing Frontier,5,Book/Print,"For example see: (Blank, 2000, 213)",BI_B082,BI_Ch14_05_Blank_Arrota-of-the-Blue-skinned-God,"Blank, Jonab. Arrota of the Blue-skinned God. Grove Press, 2000.",,,,To do,,,,213,https://www.google.com/search?tbm=bks&q=Arrota%20of%20the%20Blue%20skinned%20God%20Grove%20Press%202000%20Blank,
BI_Ch14_06,Note,14,Chapter 14: India: A Left-wing Frontier,6,URL,"(Belief Net, 2000)",BI_B067,BI_Ch14_06_Belief-Net_Your-Questions-to-Jonah-Blank,Belief Net. ‘Your Questions to Jonah Blank’. July 2 000. http://www.beliefnet.com/Faiths/2000/07/Your-Questions-To-Jonah-Blank.aspx (accessed 10 January 2009).,http://www.beliefnet.com/Faiths/2000/07/Your-Questions-To-Jonah-Blank.aspx,,,On OneDrive,,BI_B067_Belief-Net_Your-Questions-to-Jonah-Blank_beliefnet-com.pdf,https://1drv.ms/b/c/ACD215A5F926CFCE/IQDAprMucJQKSrenWDzrJsZAAZ8MOgx7EGtNyicsOqKF17Q?download=1,,,Page saved as PDF (cover page + copy) from live page on 2026-10-08
BI_Ch14_07,Note,14,Chapter 14: India: A Left-wing Frontier,7,URL,"(Shah, 2003)",BI_B729,BI_Ch14_07_Shah_Hindu-Nationalism-vs,"Shah, Timothy Samuel. ‘Hindu Nationalism vs. Islamic Jihad: Religious Militancy in South Asia A Conversation with Cedric Prakash, Teesta Setalvad, Kamal Chenoy, Sumit Ganguly, Sunil Khilnani, and Jonah Blank’. Ethics and Public Policy Center. 3 February 2003. http://www.eppc.org/programs/southasian/publications/pubID. 1533,programlD.3 8/ pub_detail.asp (accessed 12 February 2009).","http://www.eppc.org/programs/southasian/publications/pubID.1533,programID.38/pub_detail.asp",,,To do,,,,,,Web address corrected from the earlier audit (the book's text read: http://www.eppc.org/programs/southasian/publications/pubID) | download failed - live page: web server answered HTTP 404 | download failed - live page: web server answered HTTP 404
BI_Ch14_08,Note,14,Chapter 14: India: A Left-wing Frontier,8,Unlinked note,"(Cromwell Trust, 2007)",,BI_Ch14_08,,,,,To do,,,,,,"No source matched: either a comment by the author, or a source to identify by hand"
BI_Ch14_09,Note,14,Chapter 14: India: A Left-wing Frontier,9,URL,"Jonah Blank in (Shah, 2003, 8)",BI_B729,BI_Ch14_09_Shah_Hindu-Nationalism-vs,"Shah, Timothy Samuel. ‘Hindu Nationalism vs. Islamic Jihad: Religious Militancy in South Asia A Conversation with Cedric Prakash, Teesta Setalvad, Kamal Chenoy, Sumit Ganguly, Sunil Khilnani, and Jonah Blank’. Ethics and Public Policy Center. 3 February 2003. http://www.eppc.org/programs/southasian/publications/pubID. 1533,programlD.3 8/ pub_detail.asp (accessed 12 February 2009).","http://www.eppc.org/programs/southasian/publications/pubID.1533,programID.38/pub_detail.asp",,,To do,,,,8,,Web address corrected from the earlier audit (the book's text read: http://www.eppc.org/programs/southasian/publications/pubID) | download failed - live page: web server answered HTTP 404 | download failed - live page: web server answered HTTP 404
BI_Ch14_10,Note,14,Chapter 14: India: A Left-wing Frontier,10,URL,(www.sais-jhu.edu),BI_B1001,BI_Ch14_10_Www_John-Hcpkins-University-South-A,www.sais-jhu.edu. John Hcpkins University South A.sian Studies Faculty. http://www.sais-jhu.edu/academics/regional-studies/southasia/faculty/jonah-blank.htm (accessed 10 January 2009).,http://www.sais-jhu.edu | http://www.sais-jhu.edu/academics/regional-studies/southasia/faculty/jonah-blank.htm,,,On OneDrive,,BI_B1001_Www_John-Hcpkins-University-South-A_sais-jhu-edu.pdf,https://1drv.ms/b/c/ACD215A5F926CFCE/IQArv9UXwkMUR5zuzBXbGi_-AXP8DH4VjkntkPPP4uGD6Gc?download=1,,,[match: author only (unique)] | Page saved as PDF (cover page + copy) from live page on 2026-10-08
BI_Ch14_11,Note,14,Chapter 14: India: A Left-wing Frontier,11,Book/Print,"(Nanda, 2000)",BI_B557,BI_Ch14_11_Nanda_Prophets-Facing-Backward-Postmodern-Critiques-of-Science,"Nanda, Meera. Prophets Facing Backward: Postmodern Critiques of Science and New Social Movements in India, PhD Thesis, New York: Science and Technology Studies: Rensselaer Polytechnic Institute, 2000.",,,,To do,,,,,https://www.google.com/search?tbm=bks&q=Prophets%20Facing%20Backward%20Postmodern%20Critiques%20of%20Science%20and%20New%20Nanda,
BI_Ch14_12,Note,14,Chapter 14: India: A Left-wing Frontier,12,URL,"(Nussbaum, 2001) Regarding the issue of whether the Lutheran Churches of Europe are ‘benign’. Chapter Seventeen and Appendix H discuss their belligerence towards Indian culture.",BI_B588,BI_Ch14_12_Transcript-Of_The-Chronicle-of-Higher-Education,— ‘Transcript of Online Discussion with Martha Nussbaum’. The Chronicle of Higher Education. October 2001. http://chronicle.com/colloquylive/2001/10/nussbaum/ (accessed August 2008).,http://chronicle.com/colloquylive/2001/10/nussbaum/,,,To do,,,,,,download failed - live page: web server answered HTTP 404 | download failed - live page: web server answered HTTP 404
BI_Ch14_13,Note,14,Chapter 14: India: A Left-wing Frontier,13,Book/Print,"She worked for Sen at the World Institute for Development Economics Research of the UN, Helsinki.",BI_B725,BI_Ch14_13_Sen_Ancient-Indian-History-and-Civilization,"Sen, Sailendra Nath. Ancient Indian History and Civilization. New Age International, 1999.",,,,To do,,,,,https://www.google.com/search?tbm=bks&q=Ancient%20Indian%20History%20and%20Civilization%20New%20Age%20International%201999%20Sen,[match: author only (unique)]
BI_Ch14_14,Note,14,Chapter 14: India: A Left-wing Frontier,14,URL,"(Nussbaum, 2001)",BI_B588,BI_Ch14_14_Transcript-Of_The-Chronicle-of-Higher-Education,— ‘Transcript of Online Discussion with Martha Nussbaum’. The Chronicle of Higher Education. October 2001. http://chronicle.com/colloquylive/2001/10/nussbaum/ (accessed August 2008).,http://chronicle.com/colloquylive/2001/10/nussbaum/,,,To do,,,,,,download failed - live page: web server answered HTTP 404 | download failed - live page: web server answered HTTP 404
BI_Ch14_15,Note,14,Chapter 14: India: A Left-wing Frontier,15,URL,"(Nussbaum, 2005-2006)",BI_B587,BI_Ch14_15_To-The_Yale-university,— To the participants in the Yale Seminar on Antisemitism. Yale university. 2005-2006. http://www.yale.edu/isps/seminars/antisemitism/2005-06/nussbaum.pdf (accessed 10 January 2009).,http://www.yale.edu/isps/seminars/antisemitism/2005-06/nussbaum.pdf,,,On OneDrive,,BI_B587_To-The_Yale-university_yale-edu.pdf,https://1drv.ms/b/c/ACD215A5F926CFCE/IQCf4VH5GNrPQpFrQjjSQJzAATr9ZA82kQdao0JmeqClWuM?download=1,,,Page saved as PDF (cover page + copy) from live page on 2026-10-08
BI_Ch14_16,Note,14,Chapter 14: India: A Left-wing Frontier,16,Book/Print,"(Nussbaum, 2007)",BI_B583,BI_Ch14_16_Nussbaum_Fears-for-Democracy-in-India,"Nussbaum, Martha. ‘Fears for Democracy in India’. Chronicle Review, 18 May 2007.",,,,To do,,,,,https://www.google.com/search?tbm=bks&q=Fears%20for%20Democracy%20in%20India%20Chronicle%20Review%2018%20May%20Nussbaum,"Also cites: BI_B584, BI_B586, BI_B589"
BI_Ch14_17,Note,14,Chapter 14: India: A Left-wing Frontier,17,Book/Print,"(Nussbaum, 2007, 217)",BI_B583,BI_Ch14_17_Nussbaum_Fears-for-Democracy-in-India,"Nussbaum, Martha. ‘Fears for Democracy in India’. Chronicle Review, 18 May 2007.",,,,To do,,,,217,https://www.google.com/search?tbm=bks&q=Fears%20for%20Democracy%20in%20India%20Chronicle%20Review%2018%20May%20Nussbaum,"Also cites: BI_B584, BI_B586, BI_B589"
BI_Ch14_18,Note,14,Chapter 14: India: A Left-wing Frontier,18,Book/Print,"(Nussbaum, 2007, 220)",BI_B583,BI_Ch14_18_Nussbaum_Fears-for-Democracy-in-India,"Nussbaum, Martha. ‘Fears for Democracy in India’. Chronicle Review, 18 May 2007.",,,,To do,,,,220,https://www.google.com/search?tbm=bks&q=Fears%20for%20Democracy%20in%20India%20Chronicle%20Review%2018%20May%20Nussbaum,"Also cites: BI_B584, BI_B586, BI_B589"
BI_Ch14_19,Note,14,Chapter 14: India: A Left-wing Frontier,19,Book/Print,"(Leach, 1990, 236-7)",BI_B458,BI_Ch14_19_Leach_Aryan-Invasions-over-F-our-Millennia,"Leach, Edmund. ‘Aryan Invasions over F our Millennia’. In Culture Through Time: Anthropological Approaches, by Emiko Ohnuki-Tierney. Stanford University Press, 1990.",,,,To do,,,,236,https://www.google.com/search?tbm=bks&q=Aryan%20Invasions%20over%20F%20our%20Millennia%20In%20Culture%20Through%20Leach,
BI_Ch14_20,Note,14,Chapter 14: India: A Left-wing Frontier,20,Book/Print,"(Shaffer and Lichtenstein, 1995, 126)",BI_B728,BI_Ch14_20_Shaffer_The-Concepts-of-Cultural-Tradition-and-Palaeoethnicity,"Shaffer, Jim G, and Diane A Lichtenstein. The Concepts of 'Cultural Tradition"" and 'Palaeoethnicity"" in South Asian Archaeology. Vols. Indian Philology and South Asian Studies Vol-1, in The Indo-Aryans of Ancient South Asia: Language, Material Culture and Ethnicity, by George Erdosy. waiter de Gruyter, 1995.",,,,To do,,,,126,https://www.google.com/search?tbm=bks&q=The%20Concepts%20of%20Cultural%20Tradition%20and%20Palaeoethnicity%20in%20South%20Shaffer,
BI_Ch14_21,Note,14,Chapter 14: India: A Left-wing Frontier,21,Book/Print,"(Nussbaum, 2007, 30)",BI_B583,BI_Ch14_21_Nussbaum_Fears-for-Democracy-in-India,"Nussbaum, Martha. ‘Fears for Democracy in India’. Chronicle Review, 18 May 2007.",,,,To do,,,,30,https://www.google.com/search?tbm=bks&q=Fears%20for%20Democracy%20in%20India%20Chronicle%20Review%2018%20May%20Nussbaum,"Also cites: BI_B584, BI_B586, BI_B589"
BI_Ch14_22,Note,14,Chapter 14: India: A Left-wing Frontier,22,Book/Print,"(Nussbaum, 2007, 46)",BI_B583,BI_Ch14_22_Nussbaum_Fears-for-Democracy-in-India,"Nussbaum, Martha. ‘Fears for Democracy in India’. Chronicle Review, 18 May 2007.",,,,To do,,,,46,https://www.google.com/search?tbm=bks&q=Fears%20for%20Democracy%20in%20India%20Chronicle%20Review%2018%20May%20Nussbaum,"Also cites: BI_B584, BI_B586, BI_B589"
BI_Ch14_23,Note,14,Chapter 14: India: A Left-wing Frontier,23,Book/Print,"(Nussbaum, 2007, 66) This is a thoroughly exposed falsehood as, as early as 1980s Pakistan’s ISI had started working on training Muslim youths to ‘liberate’ Kashmir as well as create insurgency in other parts of India. (Raman. B., 2002)",BI_B583,BI_Ch14_23_Nussbaum_Fears-for-Democracy-in-India,"Nussbaum, Martha. ‘Fears for Democracy in India’. Chronicle Review, 18 May 2007.",,,,To do,,,,66,https://www.google.com/search?tbm=bks&q=Fears%20for%20Democracy%20in%20India%20Chronicle%20Review%2018%20May%20Nussbaum,"Also cites: BI_B584, BI_B586, BI_B589, BI_B670, BI_B672"
BI_Ch14_24,Note,14,Chapter 14: India: A Left-wing Frontier,24,URL,"(Nussbaum and Myers, 2007)",BI_B589,BI_Ch14_24_Nussbaum_Jonanne-Myers,"Nussbaum, Martha, and J. Jonanne Myers. ‘The Clash within: Democarcy, Religious Violence and India’s Failure’. Carnegie Council. 3 May 2007.' http://www.cceia.org/resources/transcripts/5433.html (accessed 2009).",http://www.cceia.org/resources/transcripts/5433.html,https://web.archive.org/web/20100707225519/http://www.cceia.org/resources/transcripts/5433.html,Snapshot found,On OneDrive,,BI_B589_Nussbaum_Jonanne-Myers_cceia-org.pdf,https://1drv.ms/b/c/ACD215A5F926CFCE/IQCKSBNAF6cgSYCi7znxJT-GAagKO5MX9DDTsnJ05qkb7r8?download=1,,,[match: author+title] | Page saved as PDF (cover page + copy) from Wayback snapshot on 2026-10-08
BI_Ch14_25,Note,14,Chapter 14: India: A Left-wing Frontier,25,Book/Print,"(Nussbaum, 2007)",BI_B583,BI_Ch14_25_Nussbaum_Fears-for-Democracy-in-India,"Nussbaum, Martha. ‘Fears for Democracy in India’. Chronicle Review, 18 May 2007.",,,,To do,,,,,https://www.google.com/search?tbm=bks&q=Fears%20for%20Democracy%20in%20India%20Chronicle%20Review%2018%20May%20Nussbaum,"Also cites: BI_B584, BI_B586, BI_B589"
BI_Ch14_26,Note,14,Chapter 14: India: A Left-wing Frontier,26,Book/Print,"(Nussbaum, 2008)",BI_B585,BI_Ch14_26_Terrorism-In_Los-Angels-Times,"— ‘Terrorism in India has Many Faces: A Cloud Over India’s Muslims’. Los Angels Times, 30 November 2008.",,,,To do,,,,,https://www.google.com/search?tbm=bks&q=Los%20Angels%20Times%2030%20November%202008%20%E2%80%94%20%E2%80%98Terrorism%20in%20India%20has%20Many%20Faces%3A%20A%20Cloud%20Over%20India%E2%80%99s%20Muslims%E2%80%99,Also cites: BI_B588
BI_Ch14_27,Note,14,Chapter 14: India: A Left-wing Frontier,27,Book/Print,"(Nussbaum, 2008)",BI_B585,BI_Ch14_27_Terrorism-In_Los-Angels-Times,"— ‘Terrorism in India has Many Faces: A Cloud Over India’s Muslims’. Los Angels Times, 30 November 2008.",,,,To do,,,,,https://www.google.com/search?tbm=bks&q=Los%20Angels%20Times%2030%20November%202008%20%E2%80%94%20%E2%80%98Terrorism%20in%20India%20has%20Many%20Faces%3A%20A%20Cloud%20Over%20India%E2%80%99s%20Muslims%E2%80%99,Also cites: BI_B588
BI_Ch14_28,Note,14,Chapter 14: India: A Left-wing Frontier,28,Unlinked note,"Pearson supported apartheid, the manifest destiny of White people over others, racial segregation, and eugenics as a way to ‘purify’ humanity by making it more white. He became close to Wickliffe Draper (1891-1972), a wealthy American who sponsored the Ku Klux Kian’s terroristic activities in Mississippi in the 196O’s and a Kian book, White America, He founded the Northern League ‘to foster the interests, friendship and solidarity of all Teutonic [Germanic] nations.’ He recruited Hans F. K. Gunther, who received awards under the Nazi regime for his work on race, Ernest Sevier Cox of the Ku Klux Kian who wrote White America,, and Dr Wilhelm Kesserow, a former SS officer of the Nazis. Pearson joined the Eugenics Society in 1963 and became its fellow in 1977. He was the founding editor of The Journal of Indo-European Studies whose benign sounding aim is to serve ‘as a medium for the exchange and synthesis of information relating to the anthropology, archaeology, mythology, philology, and general cultural history of the Indo-European-speaking peoples.’ He is also the founding editor of Mankind Quarterly,, a peer-reviewed academic journal dedicated to physical and cultural anthropology, and is currently published by the Council for Social and Economic Studies (CSES) in Washington, DC. This journal became a voice against the US Supreme Court’s decision to bring school integration. Yet another neutral-sounding academic journal of which Pearson is general editor is The Journal for Social, Political, and Economic Studies, also published by CSES. Much of the funding for these ‘research’ programs has come from Draper’s Pioneer Fund that has been listed as a fascist hate-group by many. Pearson operates through multiple identities in order to work with a variety of third parties. On one side, he promotes the worst kind of racism, and simultaneously on the other side, he infiltrates mainstream institutions to spread influence. Some of these more mainstream scholars then go on to write what might appear ‘liberal’.",,BI_Ch14_28,,,,,To do,,,,,,"No source matched: either a comment by the author, or a source to identify by hand"
BI_Ch14_29,Note,14,Chapter 14: India: A Left-wing Frontier,29,Book/Print,"(McKean, 1996, 308)",BI_B523,BI_Ch14_29_Mckean_Bharat-Mata-Mother-India-and-Her-Militant,"McKean, Lise. ‘Bharat Mata Mother India and Her Militant Matriots’. In Dev: Goddesses of India, by John Stratton Hawley and Donna Marie wulff. University of California Press, 1996.",,,,To do,,,,308,https://www.google.com/search?tbm=bks&q=Bharat%20Mata%20Mother%20India%20and%20Her%20Militant%20Matriots%20In%20McKean,Also cites: BI_B524
BI_Ch14_30,Note,14,Chapter 14: India: A Left-wing Frontier,30,Book/Print,"(McKean, 1996, 313)",BI_B523,BI_Ch14_30_Mckean_Bharat-Mata-Mother-India-and-Her-Militant,"McKean, Lise. ‘Bharat Mata Mother India and Her Militant Matriots’. In Dev: Goddesses of India, by John Stratton Hawley and Donna Marie wulff. University of California Press, 1996.",,,,To do,,,,313,https://www.google.com/search?tbm=bks&q=Bharat%20Mata%20Mother%20India%20and%20Her%20Militant%20Matriots%20In%20McKean,Also cites: BI_B524
BI_Ch14_31,Note,14,Chapter 14: India: A Left-wing Frontier,31,Book/Print,"(McKean, 1996, 272)",BI_B523,BI_Ch14_31_Mckean_Bharat-Mata-Mother-India-and-Her-Militant,"McKean, Lise. ‘Bharat Mata Mother India and Her Militant Matriots’. In Dev: Goddesses of India, by John Stratton Hawley and Donna Marie wulff. University of California Press, 1996.",,,,To do,,,,272,https://www.google.com/search?tbm=bks&q=Bharat%20Mata%20Mother%20India%20and%20Her%20Militant%20Matriots%20In%20McKean,Also cites: BI_B524
BI_Ch14_32,Note,14,Chapter 14: India: A Left-wing Frontier,32,Book/Print,"(McKean, 1996, 287) She suggests that though Nehru meant well, ‘Hindu gurus and proponents of Hindu nationalism’ appropriated Nehruviah concept of social service, thus implying that any usage of Hindu terms itself is loaded with danger.",BI_B524,BI_Ch14_32_Divine-Enterprise_University-of-Chicago-Press,"— Divine Enterprise: Gurus and the Hindu Nationalist Movement. University of Chicago Press, 1996.",,,,To do,,,,287,https://www.google.com/search?tbm=bks&q=University%20of%20Chicago%20Press%201996%20%E2%80%94%20Divine%20Enterprise%3A%20Gurus%20and%20the%20Hindu%20Nationalist%20Movement,[match: author+title]
BI_Ch14_33,Note,14,Chapter 14: India: A Left-wing Frontier,33,URL,"(PIFRAS, 2002)",BI_B621,BI_Ch14_33_Pifras_Symposium-on-South-Asia,PIFRAS. ‘Symposium on South Asia’. 2002. http://www.pifras.org/Programs/Past_Programs/Sumposium_report/Symposium_speecbes/Bruce_Robertson/bruce_robertson.html (accessed 12 February 2009).,http://www.pifras.org/Programs/Past_Programs/Sumposium_report/Symposium_speeches/Bruce_Robertson/bruce_robertson.html,,,To do,,,,,,Web address corrected from the earlier audit (the book's text read: http://www.pifras.org/Programs/Past_Programs/Sumposium_report/Symposium_speecbes/Bruce_Robertson/bruce_robertson.html) | download failed - live page: Page.goto: net::ERR_NAME_NOT_RESOLVED at http://www.pifras.org/Program | download failed - live page: Page.goto: net::ERR_NAME_NOT_RESOLVED at http://www.pifras.org/Program
BI_Ch14_34,Note,14,Chapter 14: India: A Left-wing Frontier,34,URL,"(McKean, 2002)",BI_B522,BI_Ch14_34_Mckean_The-Militant-Hindu-Movement,"McKean, Lisa. ‘The Militant Hindu Movement’. PIFRAS. 2002. http://www.pifras.org/Programs/Past_Programs/Sumposium_report/Symposium_speeches/Lise_Mckeon/lise_mckeon.htm (accessed 30 March 2009).",http://www.pifras.org/Programs/Past_Programs/Sumposium_report/Symposium_speeches/Lise_Mckeon/lise_mckeon.htm,,,To do,,,,,,download failed - live page: Page.goto: net::ERR_NAME_NOT_RESOLVED at http://www.pifras.org/Program | download failed - live page: Page.goto: net::ERR_NAME_NOT_RESOLVED at http://www.pifras.org/Program
BI_Ch14_35,Note,14,Chapter 14: India: A Left-wing Frontier,35,URL,"(History Coalition, 2008)",BI_B338,BI_Ch14_35_History-Coalition_Historians-Peter-Brown-and-Romila-Thapar-Named,History Coalition. Historians Peter Brown and Romila Thapar Named 2008 Kluge Prize Recipients. 2008. http://historycoalition.org/2008/12/03/historians-peter-browri-and-romila-thapar-named-2008-kluge-prize-recipients/ (accessed 27 March 2009).,http://historycoalition.org/2008/12/03/historians-peter-brown-and-romila-thapar-named-2008-kluge-prize-recipients/,,,To do,,,,,,Web address corrected from the earlier audit (the book's text read: http://historycoalition.org/2008/12/03/historians-peter-browri-and-romila-thapar-named-2008-kluge-prize-recipients/) | download failed - live page: web server answered HTTP 404 | download failed - live page: web server answered HTTP 404
BI_Ch14_36,Note,14,Chapter 14: India: A Left-wing Frontier,36,Book/Print,"Romila Thapar, in her lecture titled The Aryan Question Revisited, delivered at JNU, stated: ‘On the Indian nationalist side it could be argued that the upper caste Indian who has always been regarded as “the” Indian, that was the creator of the Indian civilization is Aryan and is related in fact to the coloniser, to the British. And there is one statement which I am very fond of quoting. I quote it in everything that I write, which is Keshab Chandra Sen talking about the coming of the British to India being the coming together of “parted cousins” which, in a sense, gives you an idea of part of the reason why there is the interest in this theory.’ This is an academic sleight-of-hand that associates an off-hand remark of a nineteenth-century social reformer with the pioneering stages of Indian nationalism, making it look as if Sen had both racist as well as casteist ideological roots. In spite of this comment, Keshab Chandra Sen was neither a nationalist nor a casteist. A social reformer, he was against caste. Other pioneers of Indian nationalism, including both Sri Aurobindo and Swami Vivekananda, were critical of Aryan race theory. Vivekananda condemned applying the race theory to current Indian society (Vivekananda 1970, 479) while Sri Aurobindo the condemned anti-democratic nature of caste system without compromise. (Ghosh 1907)",BI_B295,BI_Ch14_36_Ghosh_The-Unhindu-Spirit-of-Caste-P,"Ghosh, Aurobindo. ‘The Unhindu Spirit of Caste P.igidity’. Bande Mataram, 20 September 1907.",,,,To do,,,,479,https://www.google.com/search?tbm=bks&q=The%20Unhindu%20Spirit%20of%20Caste%20P%20igidity%20Bande%20Mataram%20Ghosh,Also cites: BI_B912
BI_Ch14_37,Note,14,Chapter 14: India: A Left-wing Frontier,37,Book/Print,"(Thapar, 2004, 486) Far from being developed as research tools to understand Indian history in a holistic manner, they are seized upon and elaborated by ideologues working for transnational evangelical organizations like Kancha Ilaiah. Under the title ‘Subalterns and Christian theology in India’ famous Christian theologian Sathianathan Clarke explains how Ilaiah ‘polarizes Indian society along the lines of Hindu caste community versus dalit-bahujan’. While acknowledging that such ‘an easy binary notions of Indian society’ has ‘many problems’, Clarke finds that such polarization ‘for our purposes’ provides ‘contextual offering’. (Clarke, 2008, 282)",BI_B134,BI_Ch14_37_Clarke_Subalterns-and-Christian-Theology-in-India,"Clarke, Sathianathan. ‘Subalterns and Christian Theology in India’. In Christian Theology in Asia, by Sebastian Kim, C.H. Cambridge University Press, 2008.",,,,To do,,,,486,https://www.google.com/search?tbm=bks&q=Subalterns%20and%20Christian%20Theology%20in%20India%20In%20Christian%20Theology%20Clarke,[match: author+title]
BI_Ch14_38,Note,14,Chapter 14: India: A Left-wing Frontier,38,Unlinked note,"(Barnes(SJ), 2002, 163) In all the references, further he gives Romila Thapar as the reference.",,BI_Ch14_38,,,,,To do,,,,,,"No source matched: either a comment by the author, or a source to identify by hand"
BI_Ch14_39,Note,14,Chapter 14: India: A Left-wing Frontier,39,Unlinked note,"(Barnes(SJ), 2002, 163)",,BI_Ch14_39,,,,,To do,,,,,,"No source matched: either a comment by the author, or a source to identify by hand"
BI_Ch14_40,Note,14,Chapter 14: India: A Left-wing Frontier,40,Unlinked note,"(Barnes(SJ), 2002, 163)",,BI_Ch14_40,,,,,To do,,,,,,"No source matched: either a comment by the author, or a source to identify by hand"
BI_Ch14_41,Note,14,Chapter 14: India: A Left-wing Frontier,41,Book/Print,"(Frykenberg, 1991, 237)",BI_B278,BI_Ch14_41_Frykenberg_Hindu-Fundamentalism-and-the-Structural-Stability-of,"Frykenberg, Robert Eric. ‘Hindu Fundamentalism and the Structural Stability of India’. In Fundamentalisms and the State: Remaking Polities, Economies, and Militance, by Martin E Marty, Scott. F Appleby and Scott. R Appleby. University of Chicago Press, 1991.",,,,To do,,,,237,https://www.google.com/search?tbm=bks&q=Hindu%20Fundamentalism%20and%20the%20Structural%20Stability%20of%20India%20In%20Frykenberg,
BI_Ch14_42,Note,14,Chapter 14: India: A Left-wing Frontier,42,Book/Print,"(Thapar, 1989, 229)",BI_B786,BI_Ch14_42_Thapar_Imagined-Religious-Communities,"Thapar, Romila. ‘Imagined Religious Communities? Ancient History and Modern Search for Hindu identity’. Modern Asian Studies 23, no. 2 (1989).",,,,To do,,,,229,https://www.google.com/search?tbm=bks&q=Imagined%20Religious%20Communities%20Ancient%20History%20and%20Modern%20Search%20for%20Thapar,
BI_Ch14_43,Note,14,Chapter 14: India: A Left-wing Frontier,43,Book/Print,"For example: (Thapar, 1990, 305): She terms Chaitanya’s religious experience as ‘a strange hysterical trance’.",BI_B782,BI_Ch14_43_Thapar_A-History-of-India-Vol-I,"Thapar, Romila. A History of India Vol-I. Penguin, 1990.",,,,To do,,,,305,https://www.google.com/search?tbm=bks&q=A%20History%20of%20India%20Vol%20I%20Penguin%201990%20Thapar,
BI_Ch14_44,Note,14,Chapter 14: India: A Left-wing Frontier,44,Book/Print,"(Thapar, 2004). Here it should be noted that Indian literature, throughout history right from Rig Vedic times (e.g. Rig Veda book 10-hymn CXLVI) describes Aranyani, the forest dwelling Goddess, as benign and not demonic. It has regarded spirits of the forest as benign and people of the forest have been held in high esteems as fiercely independent people of nature, sometimes romanticized as more civilized and innocent than country dwelling populations of India (as in twelfth-century Vaishanava literature Thiruvaranga Kalambagam, which eulogizes and does not demonize the valour of a tribal chieftain rejecting a marriage proposal from a king). Thapar’s speculation thus, stands falsified empirically yet can serve as a powerful propaganda tool by those who want to depict India as historically oppressive of tribal people and culture.",BI_B784,BI_Ch14_44_Early-India_University-of-California-Press,"— Early India: From the Origins to AD 1300. University of California Press, 2004.",,,,To do,,,,,https://www.google.com/search?tbm=bks&q=University%20of%20California%20Press%202004%20%E2%80%94%20Early%20India%3A%20From%20the%20Origins%20to%20AD%201300,Also cites: BI_B785
BI_Ch14_45,Note,14,Chapter 14: India: A Left-wing Frontier,45,Book/Print,"(Thapar, 1990, 134-5)",BI_B782,BI_Ch14_45_Thapar_A-History-of-India-Vol-I,"Thapar, Romila. A History of India Vol-I. Penguin, 1990.",,,,To do,,,,134,https://www.google.com/search?tbm=bks&q=A%20History%20of%20India%20Vol%20I%20Penguin%201990%20Thapar,
BI_Ch14_46,Note,14,Chapter 14: India: A Left-wing Frontier,46,Book/Print,"(Thapar, 2007). Also, she ignores the archeological finds hinting at a historical core of Ramayana events. For example see: (Lal, B.B., 1981, 1990)",BI_B451,BI_Ch14_46_Lal_Archaeology-of-the-Ramayana-Sites-Project-Its,"Lal, B.B. ‘Archaeology of the Ramayana Sites Project: Its Genesis and a Summary of the Results’. Manthan: Journal of Deendayal Research Institute, October 1990.",,,,To do,,,,1990,https://www.google.com/search?tbm=bks&q=Archaeology%20of%20the%20Ramayana%20Sites%20Project%20Its%20Genesis%20and%20Lal,"Also cites: BI_B452, BI_B782, BI_B787"
BI_Ch14_47,Note,14,Chapter 14: India: A Left-wing Frontier,47,Book/Print,"(Thapar and Witzel, 2006)",BI_B788,BI_Ch14_47_Thapar_Creationism-by-Any-Other-Name,"Thapar, Romila, and Michael witzel. ‘Creationism by Any Other Name ...’. Outlook^ 28 February 2006.",,,,To do,,,,,https://www.google.com/search?tbm=bks&q=Creationism%20by%20Any%20Other%20Name%20Outlook%2028%20February%202006%20Thapar,[match: author+title]
BI_Ch14_48,Note,14,Chapter 14: India: A Left-wing Frontier,48,URL,"(Library of Congress, 2003)",BI_B465,BI_Ch14_48_Romila-Thapar_2003,— 'Romila ThaPar Named as First Holder of the Kluge Chair in Countries and Cultures of the South at Library of Congress'. 2003. http://www.loc.gov/today/pr/2003/03-068.htn'll (accessed 30 March 2009).,http://www.loc.gov/today/pr/2003/03-068.html,https://web.archive.org/web/20160817065616/http://www.loc.gov/today/pr/2003/03-068.html,Snapshot found,On OneDrive,,BI_B465_Romila-Thapar_2003_loc-gov.pdf,https://1drv.ms/b/c/ACD215A5F926CFCE/IQCKzwfEnK6aR6hEzwXQEqs4ATj5WhWVPqXDa1I9eKLQE_0?download=1,,,Web address corrected from the earlier audit (the book's text read: http://www.loc.gov/today/pr/2003/03-068.htn) | Page saved as PDF (cover page + copy) from Wayback snapshot on 2026-10-08
BI_Ch14_49,Note,14,Chapter 14: India: A Left-wing Frontier,49,URL,"(Library of Congress, 2008)",BI_B463,BI_Ch14_49_Library-Of_Historians-Peter-Brown,"Library of Congress. 'Historians Peter Brown, Romila Thapar Named Recipients of $1 Million 2008 Kluge Prize for Study of Humanity'. 2008. http://www.loc.gov/today/pr/2008/08-225.html (accessed 30 March 2009).",http://www.loc.gov/today/pr/2008/08-225.html,https://web.archive.org/web/20160610072132/http://www.loc.gov:80/today/pr/2008/08-225.html,Snapshot found,On OneDrive,,BI_B463_Library-Of_Historians-Peter-Brown_loc-gov.pdf,https://1drv.ms/b/c/ACD215A5F926CFCE/IQDmcQgXzQJtSogGQzx1iYaIAUq5au3A1rRk5t9xm65BLxM?download=1,,,Page saved as PDF (cover page + copy) from Wayback snapshot on 2026-10-08
BI_Ch14_50,Note,14,Chapter 14: India: A Left-wing Frontier,50,Book/Print,{The Times of India T7 January 2005),BI_B868,BI_Ch14_50_The-Times_Romila-Rejects-Padma-Award,"The Times of India. ‘Romila Rejects Padma Award’. News, 27 January 2005.",,,,To do,,,,,https://www.google.com/search?tbm=bks&q=Romila%20Rejects%20Padma%20Award%20News%2027%20January%202005%20The%20Times%20of%20India,
BI_Ch14_51,Note,14,Chapter 14: India: A Left-wing Frontier,51,URL,"Jaroslav Pelikan, as quoted in (Noll, 2004). The Kluge endowment shows a preference for scholars with pro-Christian mindset. For example Mark A. Noll, who TIME magazine has called ‘one of the twenty-five most distinguished evangelicals in the United States,’ was also honored by the John W. Kluge Center at the Library of Congress in 2004. {TIME, 2005). Sharing the award was Jaroslav Pelikan, whose accomplishment was that he wrote ‘a history of the Christian tradition on a scale no one else has attempted in the twentieth century.’ (Noll, 2004) Noll also holds the McManis Chair of Christian Thought at Wheaton College, an evangelical institution. In 2005 the Kluge Center organized a lecture by Mark Noll on ‘The Bible in American Public Life, 1860-2005,’ (Library of Congress 2005) His importance at Kluge is further highlighted by the fact that he is the holder of the prestigious chair in American History and Ethics at the Library of Congress’s John W. Kluge Center.",BI_B464,BI_Ch14_51_Mark-Noh,"— Mark NoH to Discuss 'The Bible in American Public Life, 1860-2005': News from Lib^'ary of Congress, May 2005. http://www.loc.gov/today/pr/2005/05-055.htlnl (accessed 10 February 2009).",http://www.loc.gov/today/pr/2005/05-055.htlnl,,,To do,,,,,,[match: author+title] | download failed - live page: web server answered HTTP 404 | download failed - live page: web server answered HTTP 404
BI_Ch14_52,Note,14,Chapter 14: India: A Left-wing Frontier,52,Book/Print,"Thapar is presented in the authoritative A Dictionary of the Marxist Thought as a Marxist historian in the dictionary entry for Hinduism. (Bottomore. T.B., 1991, 232)",BI_B089,BI_Ch14_52_Bottomore_A-Dictionary-of-The-Marxist-Thought,"Bottomore, T.B. A Dictionary of The Marxist Thought. Wiley-Blackv/el, 1991.",,,,To do,,,,232,https://www.google.com/search?tbm=bks&q=A%20Dictionary%20of%20The%20Marxist%20Thought%20Wiley%20Blackv%20el%20Bottomore,
BI_Ch14_53,Note,14,Chapter 14: India: A Left-wing Frontier,53,Book/Print,"According to Romila Thapar, Indian asceticism ‘was motivated ... by a desire to escape from the insecurity of a changing society . . . admitting the ineffectiveness of a community attempt to reach moments of magic and power.’ (Thapar, 2006, 44)",BI_B783,BI_Ch14_53_Ancient-Indian_Orient-Blackswan,"— Ancient Indian Social History: Some Interpretations. Orient Blackswan, 2006.",,,,To do,,,,44,https://www.google.com/search?tbm=bks&q=Orient%20Blackswan%202006%20%E2%80%94%20Ancient%20Indian%20Social%20History%3A%20Some%20Interpretations,Also cites: BI_B788
BI_Ch14_54,Note,14,Chapter 14: India: A Left-wing Frontier,54,Book/Print,"(Nanda, 2000)",BI_B557,BI_Ch14_54_Nanda_Prophets-Facing-Backward-Postmodern-Critiques-of-Science,"Nanda, Meera. Prophets Facing Backward: Postmodern Critiques of Science and New Social Movements in India, PhD Thesis, New York: Science and Technology Studies: Rensselaer Polytechnic Institute, 2000.",,,,To do,,,,,https://www.google.com/search?tbm=bks&q=Prophets%20Facing%20Backward%20Postmodern%20Critiques%20of%20Science%20and%20New%20Nanda,
BI_Ch14_55,Note,14,Chapter 14: India: A Left-wing Frontier,55,Book/Print,"(Nanda, 2004)",BI_B555,BI_Ch14_55_Nanda_Postmodernism,"Nanda, Meera. ‘Postmodernism, Hindu Nationalism and “Vedic science” ’. Erontline, 03-16 January 2004.",,,,To do,,,,,https://www.google.com/search?tbm=bks&q=Postmodernism%20Hindu%20Nationalism%20and%20Vedic%20science%20Erontline%2003%2016%20Nanda,Also cites: BI_B558
BI_Ch14_56,Note,14,Chapter 14: India: A Left-wing Frontier,56,Book/Print,"(Nanda, 2004)",BI_B555,BI_Ch14_56_Nanda_Postmodernism,"Nanda, Meera. ‘Postmodernism, Hindu Nationalism and “Vedic science” ’. Erontline, 03-16 January 2004.",,,,To do,,,,,https://www.google.com/search?tbm=bks&q=Postmodernism%20Hindu%20Nationalism%20and%20Vedic%20science%20Erontline%2003%2016%20Nanda,Also cites: BI_B558
BI_Ch14_57,Note,14,Chapter 14: India: A Left-wing Frontier,57,Book/Print,"In an interview published in the website of Templeton, Jack Templeton declared that as an evangelical Christian, he finds no conflict of interest with the objectives of the Foundation. (Templeton Foundation, 2006) Underscoring the selective silence of Meera Nanda, there is the assertion of another science journalist who found the Templeton Foundation supporting perspectives ‘clearly skewed in favor of religion and Christianity.’ (Horgan, 2006)",BI_B341,BI_Ch14_57_Horgan_The-Templeton-Foundation-A-Skeptic-s-Take,"Horgan, John. ‘The Templeton Foundation : A Skeptic’s Take’. The Chronicle of Higher Education, 7 April 2006.",,,,To do,,,,,https://www.google.com/search?tbm=bks&q=The%20Templeton%20Foundation%20A%20Skeptic%20s%20Take%20The%20Chronicle%20Horgan,Also cites: BI_B778
BI_Ch14_58,Note,14,Chapter 14: India: A Left-wing Frontier,58,URL,"(Sheldrake, 1997)",BI_B737,BI_Ch14_58_Sheldrake_Biography-of-Rupert-Sheldrake-PhD-Part-II,"Sheldrake, Rupert. Biography of Rupert Sheldrake PhD - Part II, 1997. http://www.sheldrake.org/About/biograph)7biography2.htrnl (accessed 30 March 2009).",http://www.sheldrake.org/About/biography/biography2.html,https://web.archive.org/web/20131206021449/http://www.sheldrake.org:80/About/biography/biography2.html,Snapshot found,On OneDrive,,BI_B737_Sheldrake_Biography-of-Rupert-Sheldrake-PhD-Part-II_sheldrake-org.pdf,https://1drv.ms/b/c/ACD215A5F926CFCE/IQAUT5WcRzWAQKhFf1LPxE9pAeYx7WoULfI7unVTcgSo3bg?download=1,,,Web address corrected from the earlier audit (the book's text read: http://www.sheldrake.org/About/biograph) | Page saved as PDF (cover page + copy) from live page on 2026-10-08
BI_Ch14_59,Note,14,Chapter 14: India: A Left-wing Frontier,59,URL,"(Nanda, 2005)",BI_B556,BI_Ch14_59_Making-Science_Seminar-web-Edition,— ‘Making Science Sacred’. Seminar web Edition. 2005. http://www.india-seminar.com/2005/545/545%20meera%20nandal.htm (accessed 30 March 2009).,http://www.india-seminar.com/2005/545/545%20meera%20nanda1.htm,https://web.archive.org/web/20260607110059/https://www.india-seminar.com/2005/545/545%20meera%20nanda1.htm,Snapshot found,On OneDrive,,BI_B556_Making-Science_Seminar-web-Edition_india-seminar-com.pdf,https://1drv.ms/b/c/ACD215A5F926CFCE/IQAWrmL7t3WgQoYUqXBGVThJAXCmNKyyJu3DTvAGTCufWdM?download=1,,,Web address corrected from the earlier audit (the book's text read: http://www.india-seminar.com/2005/545/545%20meera%20nandal.htm) | Page saved as PDF (cover page + copy) from live page on 2026-10-08
BI_Ch14_60,Note,14,Chapter 14: India: A Left-wing Frontier,60,Book/Print,"(Mitra, 2009)",BI_B536,BI_Ch14_60_Mitra_Divine-Comedy-Review-of-Meera-Nanda-s,"Mitra, Chandan. ‘Divine Comedy: Review of Meera Nanda’s book Divine Market’. India Today, 15 October 2009.",,,,To do,,,,,https://www.google.com/search?tbm=bks&q=Divine%20Comedy%20Review%20of%20Meera%20Nanda%20s%20book%20Divine%20Mitra,
BI_Ch14_61,Note,14,Chapter 14: India: A Left-wing Frontier,61,Unlinked note,Prashad occupies the George and Martha Kellner Chair that was funded from Wall Street derivatives trading profits.,,BI_Ch14_61,,,,,To do,,,,,,"No source matched: either a comment by the author, or a source to identify by hand"
BI_Ch14_62,Note,14,Chapter 14: India: A Left-wing Frontier,62,Unlinked note,"(Prashad, 2000) Though Prashad critiques what he described as the ‘epidermic determinism’ of V.T. Rajshekar, Prashad makes a convoluted argument defending it as a tool for social justice.",,BI_Ch14_62,,,,,To do,,,,,,"No source matched: either a comment by the author, or a source to identify by hand"
BI_Ch14_63,Note,14,Chapter 14: India: A Left-wing Frontier,63,Unlinked note,"(Prashad, 2000, 97-8)",,BI_Ch14_63,,,,,To do,,,,,,"No source matched: either a comment by the author, or a source to identify by hand"
BI_Ch14_64,Note,14,Chapter 14: India: A Left-wing Frontier,64,URL,"(‘Plawiuk’, 2006)",BI_B002,BI_Ch14_64_Plawiuk,‘Plawiuk’. ‘Hinduism is Fascism’. 2006. http://plawiuk.blogspot.com/2006/10/hiriduism-is-fascism.html (accessed 10 December 2008).,http://plawiuk.blogspot.com/2006/10/hinduism-is-fascism.html,https://web.archive.org/web/20231121145455/https://plawiuk.blogspot.com/2006/10/hinduism-is-fascism.html,Snapshot found,On OneDrive,,BI_B002_Plawiuk_plawiuk-blogspot-com.pdf,https://1drv.ms/b/c/ACD215A5F926CFCE/IQC465tlEVFPS4e5o8Lsc8KmAU-0EryK7Rl2fjnHx9E0dgU?download=1,,,Web address corrected from the earlier audit (the book's text read: http://plawiuk.blogspot.com/2006/10/hiriduism-is-fascism.html) | Page saved as PDF (cover page + copy) from live page on 2026-10-08
BI_Ch14_65,Note,14,Chapter 14: India: A Left-wing Frontier,65,URL,"(George, 2002)",BI_B286,BI_Ch14_65_George_Indian-Caste-System-Discriminates,"George, Nirmala. ‘Indian Caste System Discriminates’. University of California, Santa Barbara. 2002. http://aad.english.ucsb.edu/docs/georgesept62001. html (accessed 10 October 2009).",http://aad.english.ucsb.edu/docs/georgesept62001.html,,,To do,,,,,,Web address corrected from the earlier audit (the book's text read: http://aad.english.ucsb.edu/docs/georgesept62001) | download failed - live page: Page.goto: net::ERR_NAME_NOT_RESOLVED at http://aad.english.ucsb.edu/d | download failed - live page: Page.goto: net::ERR_NAME_NOT_RESOLVED at http://aad.english.ucsb.edu/d
BI_Ch14_66,Note,14,Chapter 14: India: A Left-wing Frontier,66,URL,"(www.ciis.edu, 1999:2009)",BI_B960,BI_Ch14_66_Www_Angana-Chatterji,www.ciis.edu. ‘Angana Chatterji’. ‘California Institute of Integral Studies’. 1999:2009. http://www.ciis.edu/faculty/chatterji.html (accessed 10 January 2010) .,http://www.ciis.edu | http://www.ciis.edu/faculty/chatterji.html,,,On OneDrive,,BI_B960_Www_Angana-Chatterji_ciis-edu.pdf,https://1drv.ms/b/c/ACD215A5F926CFCE/IQDCaxQoNs0IQYiP1BoT_yzqASLIn3Sps3Y2hWDJe3Bdkzw?download=1,2009,,Page saved as PDF (cover page + copy) from live page on 2026-10-08
BI_Ch14_67,Note,14,Chapter 14: India: A Left-wing Frontier,67,URL,"(www.fides.org, 2004)",BI_B965,BI_Ch14_67_Www_Indian-Social-Institute-Now-NGO-accredited-to,www.fides.org. ‘Indian Social Institute: Now NGO accredited to United. Nations’. Agenzia Fides. 2004. http://www.fides.org/eng/news/2004/0405/25_2441. html (accessed 5 October 2009).,http://www.fides.org | http://www.fides.org/eng/news/2004/0405/25_2441,,,On OneDrive,,BI_B965_Www_Indian-Social-Institute-Now-NGO-accredited-to_fides-org.pdf,https://1drv.ms/b/c/ACD215A5F926CFCE/IQDLBzy6EeL8SanWq8KDWS1wAduJGqT1yblqP5dBpRcIccs?download=1,,,Page saved as PDF (cover page + copy) from live page on 2026-10-08
BI_Ch14_68,Note,14,Chapter 14: India: A Left-wing Frontier,68,URL,"(www.proxsa.org, 2002)",BI_B998,BI_Ch14_68_Www_Foreign-Exchange-of-Hate,www.proxsa.org. ‘Foreign Exchange of Hate. 2002’. http://www.proxsa.org/newsflaGli/index.html (accessed 2010).,http://www.proxsa.org | http://www.proxsa.org/newsflaGli/index.html,,,On OneDrive,,BI_B998_Www_Foreign-Exchange-of-Hate_proxsa-org.pdf,https://1drv.ms/b/c/ACD215A5F926CFCE/IQC8YFbI_EUaS4PFKd0TXjuAAV0FEMshWIzW-NCScrh0Tu0?download=1,,,Page saved as PDF (cover page + copy) from live page on 2026-10-08
BI_Ch14_69,Note,14,Chapter 14: India: A Left-wing Frontier,69,Book/Print,"(Frontline, IS March 2005)",BI_B275,BI_Ch14_69_Frontline_No-Entry-for-Modi,"Frontline. ‘No Entry for Modi’. News, 25 March 2005.",,,,To do,,,,,https://www.google.com/search?tbm=bks&q=No%20Entry%20for%20Modi%20News%2025%20March%202005%20Frontline,
BI_Ch14_70,Note,14,Chapter 14: India: A Left-wing Frontier,70,Book/Print,"(AICC, 19 December 2008)",BI_B010,BI_Ch14_70_Aicc_A-Report-on-Activities-of-the-AICC,"AICC. ‘A Report on Activities of the AICC’. Month Report, All India Christian Council, March 2008.",,,,To do,,,,,https://www.google.com/search?tbm=bks&q=A%20Report%20on%20Activities%20of%20the%20AICC%20Month%20Report%20AICC,"Also cites: BI_B013, BI_B014"
BI_Ch14_71,Note,14,Chapter 14: India: A Left-wing Frontier,71,URL,"(Franks, Cleaver and Pitts, 2008)",BI_B270,BI_Ch14_71_Franks_Threat-Religious-Extremism-Poses-to-Democracy-and,"Franks, Trent, Emmanuel Cleaver, and Joseph R Pitts. ‘Threat Religious Extremism Poses to Democracy and Security in India: Focus on Orissa’. Federation of Indian American Christian Organizafions of North America. 2008. http://www.fiacona.org/newsdetaiLphp?catid=100&newsid=755 (accessed 31 January 2009).",http://www.fiacona.org/newsdetail.php?catid=1008&newsid=755,,,To do,,,,,,Web address corrected from the earlier audit (the book's text read: http://www.fiacona.org/newsdetaiLphp?catid=100&newsid=755) | download failed - live page: web server answered HTTP 500 | download failed - live page: web server answered HTTP 500
BI_Ch14_72,Note,14,Chapter 14: India: A Left-wing Frontier,72,Book/Print,"See, for example, the report (India Today, 30 March 1998). According to this report, several Christian provocations such as row over the desecration of a village temple, Christians spreading rumors that Hindus were ‘poisoning the village wells’ - incidentally a rumor used in medieval Christendom against Jews, changing the names of villages like referring Krishnapur as Krishtopur and ‘the missionaries on an overdrive’.",BI_B380,BI_Ch14_72_India-Today_Desparate-Acts-of-Faith,"India Today. ‘Desparate Acts of Faith’. News, 30-Mar-1998.",,,,To do,,,,,https://www.google.com/search?tbm=bks&q=Desparate%20Acts%20of%20Faith%20News%2030%20Mar%201998%20India%20Today,
BI_Ch14_73,Note,14,Chapter 14: India: A Left-wing Frontier,73,Unlinked note,Press Trust of India reported on 5 October 2008 that Maoist leader admitted that they derived support from Christians and that there was pressure from Christians to eliminate the Hindu sage.,,BI_Ch14_73,,,,,To do,,,,,,"No source matched: either a comment by the author, or a source to identify by hand"
BI_Ch14_74,Note,14,Chapter 14: India: A Left-wing Frontier,74,URL,"(indianchristians.in, 2008)",BI_B382,BI_Ch14_74_Indianchristians_Angana-Chatterji-Memo-to-Orissa-Judicial-Commission,indianchristians.in. ‘Angana Chatterji Memo to Orissa Judicial Commission of Inquiry’. Indian Christians. 2008. http://indianchristians.in/news/content/view/2133/45/ (accessed 10 February 2009).,http://indianchristians.in/news/content/view/2133/45/,,,To do,,,,,,"download failed - live page: page is empty or is an error page, not a real copy | download failed - live page: page is empty or is an error page, not a real copy"
BI_Ch14_75,Note,14,Chapter 14: India: A Left-wing Frontier,75,URL,"(www.ciis.edu, 1999:2009)",BI_B960,BI_Ch14_75_Www_Angana-Chatterji,www.ciis.edu. ‘Angana Chatterji’. ‘California Institute of Integral Studies’. 1999:2009. http://www.ciis.edu/faculty/chatterji.html (accessed 10 January 2010) .,http://www.ciis.edu | http://www.ciis.edu/faculty/chatterji.html,,,On OneDrive,,BI_B960_Www_Angana-Chatterji_ciis-edu.pdf,https://1drv.ms/b/c/ACD215A5F926CFCE/IQDCaxQoNs0IQYiP1BoT_yzqASLIn3Sps3Y2hWDJe3Bdkzw?download=1,2009,,Page saved as PDF (cover page + copy) from live page on 2026-10-08
BI_Ch14_76,Note,14,Chapter 14: India: A Left-wing Frontier,76,Book/Print,"(Al-Jazeerah, 30 October 2006)",BI_B017,BI_Ch14_76_Al-Jazeerah_Kashmir-Event-at-George-Washington-University,"Al-Jazeerah. ‘Kashmir Event at George Washington University’. TV News, 30 October 2006.",,,,To do,,,,,https://www.google.com/search?tbm=bks&q=Kashmir%20Event%20at%20George%20Washington%20University%20TV%20News%2030%20Al-Jazeerah,
BI_Ch14_77,Note,14,Chapter 14: India: A Left-wing Frontier,77,URL,"(Sadiq, 2008)",BI_B704,BI_Ch14_77_Sadiq_The-Indian-Establishment-Responds-to-Human-Rights,"Sadiq, Muhammed. ‘The Indian Establishment Responds to Human Rights Issues in Kashmir’. www.JammuKashmir.com. 28 May 2008. http://j ammukashmir.com/insights/insight20080428.html.",http://www.JammuKashmir.com | http://j,,,On OneDrive,,BI_B704_Sadiq_The-Indian-Establishment-Responds-to-Human-Rights_jammukashmir-com.pdf,https://1drv.ms/b/c/ACD215A5F926CFCE/IQBtMNmXqKJST5a-HiHsF8UtAc4pBgYWLiTa-WnXws0LZuk?download=1,,,Earlier audit used a different address: http://jammukashmir.com/insights/insight20080428.html | Page saved as PDF (cover page + copy) from live page on 2026-10-08
BI_Ch14_78,Note,14,Chapter 14: India: A Left-wing Frontier,78,URL,"(Duin, 2008)",BI_B232,BI_Ch14_78_Duin_Year-s-Best-Religion-Stories,"Duin, Julian. ‘Year’s Best Religion Stories’. Washington Times. December 2008. http://insider.washingtontimes.com/weblogs/belief-blog/2008/Dec/22/years-best-religion-stories/ (accessed 10 February 2009).",http://insider.washingtontimes.com/weblogs/belief-blog/2008/Dec/22/years-best-religion-stories/,,,To do,,,,,,download failed - live page: Page.goto: net::ERR_NAME_NOT_RESOLVED at http://insider.washingtontime | download failed - live page: Page.goto: net::ERR_NAME_NOT_RESOLVED at http://insider.washingtontime
BI_Ch14_79,Note,14,Chapter 14: India: A Left-wing Frontier,79,Unlinked note,"Infinity Foundation has done an analysis of the biases present in the past thirty-five years of South Asian Studies conferences held annually at University of Wisconsin, Madison. The asymmetries of the treatment of Hindu and Muslim problem areas, is explicit and dramatic. This analysis will be presented in a future volume.",,BI_Ch14_79,,,,,To do,,,,,,"No source matched: either a comment by the author, or a source to identify by hand"
BI_Ch14_80,Note,14,Chapter 14: India: A Left-wing Frontier,80,Book/Print,"(Kawaja, 2002)",BI_B428,BI_Ch14_80_Kawaja_Brother,"Kawaja, Kaleen. ‘Brother, Can You Spare a Tear for Taliban’. Milli Gazette, 1 March 2002.",,,,To do,,,,,https://www.google.com/search?tbm=bks&q=Brother%20Can%20You%20Spare%20a%20Tear%20for%20Taliban%20Milli%20Kawaja,
BI_Ch14_81,Note,14,Chapter 14: India: A Left-wing Frontier,81,Book/Print,"For example, IMC, as a founding member of the Coalition against Genocide, was successful in its campaign to deny a US visa to Narendra Modi. {The Milli Gazette, 2005) It should be noted here that the denial of visa by the United States was seen by Indian Prime Minister Manmohan Singh with ‘anguish, concern and regret’ even though Singh was stringently opposed to Modi’s politics. (PTI, 19 March 2005)",BI_B648,BI_Ch14_81_Pti_Manmohai-Concerned-Over-Visa-Denial-to-Modi,"PTI. ‘Manmohai Concerned Over Visa Denial to Modi’. News, Press Trust of India, 19 March 2005.",,,,To do,,,,,https://www.google.com/search?tbm=bks&q=Manmohai%20Concerned%20Over%20Visa%20Denial%20to%20Modi%20News%20Press%20PTI,[match: author+title]
BI_Ch14_82,Note,14,Chapter 14: India: A Left-wing Frontier,82,Book/Print,"(K. Kawaja, 1999)",BI_B427,BI_Ch14_82_Kawaja_Kashmir,"Kawaja, Kaleem. ‘Kashmir, Kosovo, and East Timur’. Pakistan Link, 1 October 1999.",,,,To do,,,,,https://www.google.com/search?tbm=bks&q=Kashmir%20Kosovo%20and%20East%20Timur%20Pakistan%20Link%201%20October%20Kawaja,
BI_Ch14_83,Note,14,Chapter 14: India: A Left-wing Frontier,83,Book/Print,"(IMC-USA, 7 October 2005)",BI_B373,BI_Ch14_83_Imc-Usa_IMC-USA-Convention-A-Huge-Success,"IMC-USA. ‘IMC-USA Convention A Huge Success’. Press Release, 7 Ocu^ber 2005.",,,,To do,,,,,https://www.google.com/search?tbm=bks&q=IMC%20USA%20Convention%20A%20Huge%20Success%20Press%20Release%207%20IMC-USA,
BI_Ch14_84,Note,14,Chapter 14: India: A Left-wing Frontier,84,URL,"House Resolution 160, introduced by Representative Joseph Pitts (R-PA) and Representative John Conyers (D-MI) on 16 March 2005",BI_B628,BI_Ch14_84_Pitts_Address-at-the-Seminar-on-India,"Pitts, Jospeh. ‘Address at the Seminar on India’. 31 March 2002. www.pifras.org/Programs/Past_Programs/March3104/Joseph_Pitts/joseph_pitts.html (accessed 10 January 2009).",http://www.pifras.org/Programs/Past_Programs/March3104/Joseph_Pitts/joseph_pitts.html,,,To do,,,,,,[match: author+title] | download failed - live page: Page.goto: net::ERR_NAME_NOT_RESOLVED at http://www.pifras.org/Program | download failed - live page: Page.goto: net::ERR_NAME_NOT_RESOLVED at http://www.pifras.org/Program
BI_Ch14_85,Note,14,Chapter 14: India: A Left-wing Frontier,85,Book/Print,"After Tarun Tejpal attended this conference, his magazine Tehelka ran a series of articles def ending Students Islamic Movement of India (SIMI) - a dreaded organization implicated in many deadly bomb attacks in India. In 2001, Indian intelligence officers unearthed links between SIMI and Chicago-based Consultative Committee of Indian Muslims {The Times of India, 23 August 2008). In 2002, IMC-USA was formed in Chicago.",BI_B858,BI_Ch14_85_The-Times_Cops-had-SIMI-Email-Intercepts-in-2001,"The Times of India. ‘Cops had SIMI Email Intercepts in 2001’. News, 23 August 2008.",,,,To do,,,,,https://www.google.com/search?tbm=bks&q=Cops%20had%20SIMI%20Email%20Intercepts%20in%202001%20News%2023%20The%20Times%20of%20India,[match: author+title]
BI_Ch14_86,Note,14,Chapter 14: India: A Left-wing Frontier,86,URL,"(NRIInternet.com, 2008)",BI_B582,BI_Ch14_86_Nriinternet_IMC-USA-2008-Convention,NRIInternet.com. ‘IMC-USA 2008 Convention’. NRI Internet. 2008. http://www.nriinternet.com/Associations/USA/A_Z/I/IMC-USA/2008_May31/index.htm (accessed 10 October 2009).,http://www.nriinternet.com/Associations/USA/A_Z/I/IMC-USA/2008_May31/index.htm,,,On OneDrive,,BI_B582_Nriinternet_IMC-USA-2008-Convention_nriinternet-com.pdf,https://1drv.ms/b/c/ACD215A5F926CFCE/IQCorB8b1F9ET40rses_bIJfAbzW57pMfGSmZc876vgPNAo?download=1,,,Page saved as PDF (cover page + copy) from live page on 2026-10-08
BI_Ch14_87,Note,14,Chapter 14: India: A Left-wing Frontier,87,Book/Print,"{The Times of India, 14 April 2009) and also {The Times of India, 16 April 2009)",BI_B859,BI_Ch14_87_The-Times_Caste-Bias-Can-t-be-Equated-with,"The Times of India. ‘Caste Bias Can’t be Equated with Racism: India’. News, 18 April 2009.",,,,To do,,,,,https://www.google.com/search?tbm=bks&q=Caste%20Bias%20Can%20t%20be%20Equated%20with%20Racism%20India%20The%20Times%20of%20India,"Also cites: BI_B860, BI_B862, BI_B863, BI_B865, BI_B866, BI_B867, BI_B869, BI_B874"
BI_Ch14_88,Note,14,Chapter 14: India: A Left-wing Frontier,88,Book/Print,"(IMC-USA, 27 November 2008)",BI_B374,BI_Ch14_88_Imc-Usa_US-based-Indian-American-group-denounces-terrorist,"IMC-USA. ‘US based Indian American group denounces terrorist attacks in Mumbai’. Press Release, 27 November 2008.",,,,To do,,,,,https://www.google.com/search?tbm=bks&q=US%20based%20Indian%20American%20group%20denounces%20terrorist%20attacks%20in%20IMC-USA,
BI_Ch15_01,Note,15,Chapter 15: The US Government’s Direct Involvement,1,Unlinked note,"Besides political opportunism, there are other reasons for liberals to go along with the positions associated with the Christian Right. For instance, Jimmy Carter, one of the most liberal presidents, was a devout Christian evangelist. He wrote after he left the presidency that his Christian faith had been the guiding principle in his policymaking even when it was politically incorrect for him to admit publicly. The same may also be said of Hilary Clinton’s deep faith in Christianity. Secondly, even those who are not privately Christian have a sense of Western civilizational superiority embedded in them. So the spread of Christianity abroad is seen as a wa y to spread their civilization values to help others. Yet, others may be the Good Cops behaving to be on the non-Western, non-Christian side, but eventually this posture becomes unsustainable in the face of the Bad Cop who is overtly chauvinist and who ends up prevailing.",,BI_Ch15_01,,,,,To do,,,,,,"No source matched: either a comment by the author, or a source to identify by hand"
BI_Ch15_02,Note,15,Chapter 15: The US Government’s Direct Involvement,2,Book/Print,"(Hertzke, 2006)",BI_B327,BI_Ch15_02_Hertzke_Legislating-International-Religic-us-Freedom,"Hertzke, Allen D. ‘Legislating International Religic>us Freedom’. Pew Forum on Religion Sc Public Life, 20 November 2006.",,,,To do,,,,,https://www.google.com/search?tbm=bks&q=Legislating%20International%20Religic%20us%20Freedom%20Pew%20Forum%20on%20Religion%20Hertzke,
BI_Ch15_03,Note,15,Chapter 15: The US Government’s Direct Involvement,3,Book/Print,"(Fore, 2002)",BI_B265,BI_Ch15_03_Fore_Shall-Weigh-Your-God-and-You-Assessing,"Fore, Matthew L. ‘Shall Weigh Your God and You: Assessing the Imperialistic Implications of the International Religious Freedom Act in Muslim Countries’. Duke Laiu Journal^ November 2002.",,,,To do,,,,,https://www.google.com/search?tbm=bks&q=Shall%20Weigh%20Your%20God%20and%20You%20Assessing%20the%20Imperialistic%20Fore,
BI_Ch15_04,Note,15,Chapter 15: The US Government’s Direct Involvement,4,URL,"(www.unhchr.ch, 1998)",BI_B1017,BI_Ch15_04_Www_Report-submitted-by-Mr,"www.unhchr.ch. ‘Report submitted by Mr. Abdelfattah Amor, Special Rapporteur’. UN High Commission on Human Rights. 1998. http://www.unhchr.ch/Huridocda/Huridoca.nsf/0811fcbd0b9f6bd58025667300306dea (accessed 2010).",http://www.unhchr.ch | http://www.unhchr.ch/Huridocda/Huridoca.nsf/0811fcbd0b9f6bd58025667300306dea,,,On OneDrive,,BI_B1017_Www_Report-submitted-by-Mr_unhchr-ch.pdf,https://1drv.ms/b/c/ACD215A5F926CFCE/IQAmisbsGHBWRJn0Mv4FfScTAW1cuQod5zOhrPfy04AKokQ?download=1,,,"download failed - live page: page is empty or is an error page, not a real copy | Page saved as PDF (cover page + copy) from live page on 2026-10-09"
BI_Ch15_05,Note,15,Chapter 15: The US Government’s Direct Involvement,5,Book/Print,"Intervarsity Press, Robert A. Seiple, https://www.ivpress.com/title/ata/seiple.pdf, 10 November 2008",BI_B698,BI_Ch15_05_Robert_Converting-Colonialism-Vision-and-Realities-in-Mission,"Robert, Dana L. Converting Colonialism: Vision and Realities in Mission History, 1706-1914. Wm. B. Eerdmans Publishing, 2007.",,,,To do,,,,,https://www.google.com/search?tbm=bks&q=Converting%20Colonialism%20Vision%20and%20Realities%20in%20Mission%20History%201706%20Robert,[match: author only (unique)]
BI_Ch15_06,Note,15,Chapter 15: The US Government’s Direct Involvement,6,Book/Print,"(Foucherau, 2001)",BI_B266,BI_Ch15_06_Foucherau_Secular-Society-at-Stake,"Foucherau, Bruno. ‘Secular Society at Stake’. Le Monde Diplomatique., June 2001.",,,,To do,,,,,https://www.google.com/search?tbm=bks&q=Secular%20Society%20at%20Stake%20Le%20Monde%20Diplomatique%20June%202001%20Foucherau,
BI_Ch15_07,Note,15,Chapter 15: The US Government’s Direct Involvement,7,URL,http://www.uscirf.gov/index.php?option=com_content&task=view&id=2 27&Itemid=l,,BI_Ch15_07_uscirf-gov_index,,http://www.uscirf.gov/index.php?option=com_content&task=view&id=2,,,On OneDrive,,BI_Ch15_07_uscirf-gov_index.pdf,https://1drv.ms/b/c/ACD215A5F926CFCE/IQCG99r-9DQwSpIagtKc2uozAd0Zu3FtuH2O_A3qMnMfW8A?download=1,,,"No source matched: either a comment by the author, or a source to identify by hand | Page saved as PDF (cover page + copy) from live page on 2026-10-08"
BI_Ch15_08,Note,15,Chapter 15: The US Government’s Direct Involvement,8,URL,"(www.gordonconwell.edu, 2001:2009)",BI_B972,BI_Ch15_08_Www_Gordon-Conwell-Theological-Seminary-About,www.gordonconwell.edu. ‘Gordon-Conwell Theological Seminary: About’. 2001:2009. http://www.gordonconwell.edu/about/index.html (accessed 3 April 2009).,http://www.gordonconwell.edu | http://www.gordonconwell.edu/about/index.html,,,On OneDrive,,BI_B972_Www_Gordon-Conwell-Theological-Seminary-About_gordonconwell-edu.pdf,https://1drv.ms/b/c/ACD215A5F926CFCE/IQBn6xfAyEYjQpnZFdAuzncnAepCIqSm2MDu9k3LRslIz9s?download=1,2009,,"Also cites: BI_B973, BI_B974 | Page saved as PDF (cover page + copy) from live page on 2026-10-08"
BI_Ch15_09,Note,15,Chapter 15: The US Government’s Direct Involvement,9,URL,"(www.gordonconwell.edu, 2001:2009)",BI_B972,BI_Ch15_09_Www_Gordon-Conwell-Theological-Seminary-About,www.gordonconwell.edu. ‘Gordon-Conwell Theological Seminary: About’. 2001:2009. http://www.gordonconwell.edu/about/index.html (accessed 3 April 2009).,http://www.gordonconwell.edu | http://www.gordonconwell.edu/about/index.html,,,On OneDrive,,BI_B972_Www_Gordon-Conwell-Theological-Seminary-About_gordonconwell-edu.pdf,https://1drv.ms/b/c/ACD215A5F926CFCE/IQBn6xfAyEYjQpnZFdAuzncnAepCIqSm2MDu9k3LRslIz9s?download=1,2009,,"Also cites: BI_B973, BI_B974 | Page saved as PDF (cover page + copy) from live page on 2026-10-08"
BI_Ch15_10,Note,15,Chapter 15: The US Government’s Direct Involvement,10,URL,"(www.gordonconwell.edu, 2001:2009)",BI_B972,BI_Ch15_10_Www_Gordon-Conwell-Theological-Seminary-About,www.gordonconwell.edu. ‘Gordon-Conwell Theological Seminary: About’. 2001:2009. http://www.gordonconwell.edu/about/index.html (accessed 3 April 2009).,http://www.gordonconwell.edu | http://www.gordonconwell.edu/about/index.html,,,On OneDrive,,BI_B972_Www_Gordon-Conwell-Theological-Seminary-About_gordonconwell-edu.pdf,https://1drv.ms/b/c/ACD215A5F926CFCE/IQBn6xfAyEYjQpnZFdAuzncnAepCIqSm2MDu9k3LRslIz9s?download=1,2009,,"Also cites: BI_B973, BI_B974 | Page saved as PDF (cover page + copy) from live page on 2026-10-08"
BI_Ch15_11,Note,15,Chapter 15: The US Government’s Direct Involvement,11,URL,"One example of Campus Crusade for Christ activities in India is that it employs American illusionists to dupe impoverished Indians into converting to Christianity. See: (www.ccci.org) See also: {Christianity Today, 1999)",BI_B132,BI_Ch15_11_John-Hanford_May-June-1999,"— ‘John [Hanford], a young minister, work? in the senate on issues of international religious liberty, and Jody [Hanfordl works for campus Ccrusade for Christ’ www.christianitytoday.com. May-June 1999. http://www.christianitytoday.com/tc/1999/mayjun/9r3020.html./start=4 (accessed 10 January 2009).",http://www.christianitytoday.com | http://www.christianitytoday.com/tc/1999/mayjun/9r3020.html./start=4,,,On OneDrive,,BI_B132_John-Hanford_May-June-1999_christianitytoday-com.pdf,https://1drv.ms/b/c/ACD215A5F926CFCE/IQBowomygQVOS7ePhxOgJ75nAfgpPUXkdRTKZ8iTRPHTGg8?download=1,,,Page saved as PDF (cover page + copy) from live page on 2026-10-08
BI_Ch15_12,Note,15,Chapter 15: The US Government’s Direct Involvement,12,Book/Print,"(Watson, 03 August 2008)",BI_B915,BI_Ch15_12_Watson_Bush-Deploys-Hawk-as-New-UN-Envoy,"Watson, Roland. Bush Deploys Hawk as New UN Envoy. News, The Times, 3 August 2008.",,,,To do,,,,,https://www.google.com/search?tbm=bks&q=Bush%20Deploys%20Hawk%20as%20New%20UN%20Envoy%20News%20The%20Watson,
BI_Ch15_13,Note,15,Chapter 15: The US Government’s Direct Involvement,13,URL,"(Walsh, 1998).",BI_B913,BI_Ch15_13_Walsh_Chapter-25-United-States,"Walsh, Lawrence E. ‘Chapter 25 United States, v. Elliott Abrams’. Final Report of the Independent Counsel For Iran/Contra Matters Volume I: Investigations and Prosecutions. United States Court of Appeal For the District of Columbia’, www.fas.org. 8 April 1998. http://www.fas.org/irp/offdocs/walsh/chap_25.htm (accessed 3 October 2007).",http://www.fas.org/irp/offdocs/walsh/chap_25.htm | http://www.fas.org/irp/offdocs/walsh/chap_25.htm,https://web.archive.org/web/20210717215756/https://fas.org/irp/offdocs/walsh/chap_25.htm,Snapshot found,On OneDrive,,BI_B913_Walsh_Chapter-25-United-States_fas-org.pdf,https://1drv.ms/b/c/ACD215A5F926CFCE/IQBZ0uTo76v6SYCXH8GMFNoEAXyePEHlCMQCVAfvGypqvN0?download=1,,,Web address corrected from the earlier audit (the book's text read: http://www.fas.org) | Page saved as PDF (cover page + copy) from live page on 2026-10-08
BI_Ch15_14,Note,15,Chapter 15: The US Government’s Direct Involvement,14,URL,(www.uscirf.gov),,BI_Ch15_14_uscirf-gov,,http://www.uscirf.gov,,,On OneDrive,,BI_Ch15_14_uscirf-gov.pdf,https://1drv.ms/b/c/ACD215A5F926CFCE/IQAFXfSSP5dTQ7k3RDqwKK8CAUCDMtkrMpwqMegED2hSOy0?download=1,,,"No source matched: either a comment by the author, or a source to identify by hand | Page saved as PDF (cover page + copy) from live page on 2026-10-08"
BI_Ch15_15,Note,15,Chapter 15: The US Government’s Direct Involvement,15,Book/Print,"(Gray, 2000)",BI_B309,BI_Ch15_15_Gray_Letter-to-the-The-US-Commission-on,"Gray, David. ‘Letter to the The US Commission on International Religious Freedom’. Infinity Foundation, 11 September 2000.",,,,To do,,,,,https://www.google.com/search?tbm=bks&q=Letter%20to%20the%20The%20US%20Commission%20on%20International%20Religious%20Gray,
BI_Ch15_16,Note,15,Chapter 15: The US Government’s Direct Involvement,16,Book/Print,"(Catholic World News Service, 14 September 2000)",BI_B114,BI_Ch15_16_Catholic-World_Indian-Church-Opposes-US-Congressional-Hearing-On,"Catholic World News Service. ‘Indian Church Opposes US Congressional Hearing On Religious Freedom’. News, 14 September 2000.",,,,To do,,,,,https://www.google.com/search?tbm=bks&q=Indian%20Church%20Opposes%20US%20Congressional%20Hearing%20On%20Religious%20Freedom%20Catholic%20World%20News%20Service,
BI_Ch15_17,Note,15,Chapter 15: The US Government’s Direct Involvement,17,Book/Print,"(Catholic World News Service, 14 September 2000)",BI_B114,BI_Ch15_17_Catholic-World_Indian-Church-Opposes-US-Congressional-Hearing-On,"Catholic World News Service. ‘Indian Church Opposes US Congressional Hearing On Religious Freedom’. News, 14 September 2000.",,,,To do,,,,,https://www.google.com/search?tbm=bks&q=Indian%20Church%20Opposes%20US%20Congressional%20Hearing%20On%20Religious%20Freedom%20Catholic%20World%20News%20Service,
BI_Ch15_18,Note,15,Chapter 15: The US Government’s Direct Involvement,18,Book/Print,"(Catholic World News Service, 14 September 2000)",BI_B114,BI_Ch15_18_Catholic-World_Indian-Church-Opposes-US-Congressional-Hearing-On,"Catholic World News Service. ‘Indian Church Opposes US Congressional Hearing On Religious Freedom’. News, 14 September 2000.",,,,To do,,,,,https://www.google.com/search?tbm=bks&q=Indian%20Church%20Opposes%20US%20Congressional%20Hearing%20On%20Religious%20Freedom%20Catholic%20World%20News%20Service,
BI_Ch15_19,Note,15,Chapter 15: The US Government’s Direct Involvement,19,Book/Print,"(USCIRF 2000, Section III)",BI_B897,BI_Ch15_19_Uscirf_India-Religious-Freedom-Report,"USCIRF. ‘India Religious Freedom Report ’. Annual Report, 2000.",,,,To do,,,,,https://www.google.com/search?tbm=bks&q=India%20Religious%20Freedom%20Report%20Annual%20Report%202000%20USCIRF,
BI_Ch15_20,Note,15,Chapter 15: The US Government’s Direct Involvement,20,Book/Print,"(USCIRF 2000, Section I)",BI_B897,BI_Ch15_20_Uscirf_India-Religious-Freedom-Report,"USCIRF. ‘India Religious Freedom Report ’. Annual Report, 2000.",,,,To do,,,,,https://www.google.com/search?tbm=bks&q=India%20Religious%20Freedom%20Report%20Annual%20Report%202000%20USCIRF,
BI_Ch15_21,Note,15,Chapter 15: The US Government’s Direct Involvement,21,URL,Incidents involving National Liberation Front of Tripura: (www.satp.org 2003),BI_B1002,BI_Ch15_21_Www_National-Liberation-Front-of-Tripura,www.satp.org. ‘National Liberation Front of Tripura’. South Asia Terrorism Portal. 2003. South Asian Terrorism Portal: http://www.satp.org/satporgtp/countries/india/states/tripura/terrorist_outfits/NLFT_tl.htm (accessed 10 January 2009).,http://www.satp.org | http://www.satp.org/satporgtp/countries/india/states/tripura/terrorist_outfits/NLFT_tl.htm,,,On OneDrive,,BI_B1002_Www_National-Liberation-Front-of-Tripura_satp-org.pdf,https://1drv.ms/b/c/ACD215A5F926CFCE/IQDpGsk2JABjQIdjfEEqJ27eATg_ZVcw9h53u_9cGCKVT1Y?download=1,,,Page saved as PDF (cover page + copy) from live page on 2026-10-08
BI_Ch15_22,Note,15,Chapter 15: The US Government’s Direct Involvement,22,Unlinked note,"(USCIRF, 2001, 70)",,BI_Ch15_22,,,,,To do,,,,,,"No source matched: either a comment by the author, or a source to identify by hand"
BI_Ch15_23,Note,15,Chapter 15: The US Government’s Direct Involvement,23,Unlinked note,"(USCIRF, 2001, 52-3)",,BI_Ch15_23,,,,,To do,,,,,,"No source matched: either a comment by the author, or a source to identify by hand"
BI_Ch15_24,Note,15,Chapter 15: The US Government’s Direct Involvement,24,URL,"Incidents involving National Liberation Front of Tripura: (www.satp.org, 2003)",BI_B1002,BI_Ch15_24_Www_National-Liberation-Front-of-Tripura,www.satp.org. ‘National Liberation Front of Tripura’. South Asia Terrorism Portal. 2003. South Asian Terrorism Portal: http://www.satp.org/satporgtp/countries/india/states/tripura/terrorist_outfits/NLFT_tl.htm (accessed 10 January 2009).,http://www.satp.org | http://www.satp.org/satporgtp/countries/india/states/tripura/terrorist_outfits/NLFT_tl.htm,,,On OneDrive,,BI_B1002_Www_National-Liberation-Front-of-Tripura_satp-org.pdf,https://1drv.ms/b/c/ACD215A5F926CFCE/IQDpGsk2JABjQIdjfEEqJ27eATg_ZVcw9h53u_9cGCKVT1Y?download=1,,,Page saved as PDF (cover page + copy) from live page on 2026-10-08
BI_Ch15_25,Note,15,Chapter 15: The US Government’s Direct Involvement,25,Book/Print,"(Dayal, 1999, 7)",BI_B168,BI_Ch15_25_Dayal_Religious-Freedom-in-India,"Dayal, John. ‘Religious Freedom in India’. Prepared Testimony, United States Commission on International Religious Freedom, 1999.",,,,To do,,,,7,https://www.google.com/search?tbm=bks&q=Religious%20Freedom%20in%20India%20Prepared%20Testimony%20United%20States%20Commission%20Dayal,
BI_Ch15_26,Note,15,Chapter 15: The US Government’s Direct Involvement,26,Book/Print,"(BBC, 17 May 2003)",BI_B064,BI_Ch15_26_Bbc_India-Blacklists-800-NGOs,"BBC. ‘India Blacklists 800 NGOs’. News, BBC, 18 June 2003.",,,,To do,,,,,https://www.google.com/search?tbm=bks&q=India%20Blacklists%20800%20NGOs%20News%20BBC%2018%20June%202003%20BBC,Also cites: BI_B066
BI_Ch15_27,Note,15,Chapter 15: The US Government’s Direct Involvement,27,Book/Print,(BBC 17 May 2003),BI_B064,BI_Ch15_27_Bbc_India-Blacklists-800-NGOs,"BBC. ‘India Blacklists 800 NGOs’. News, BBC, 18 June 2003.",,,,To do,,,,,https://www.google.com/search?tbm=bks&q=India%20Blacklists%20800%20NGOs%20News%20BBC%2018%20June%202003%20BBC,Also cites: BI_B066
BI_Ch15_28,Note,15,Chapter 15: The US Government’s Direct Involvement,28,Book/Print,"(FIACONA, 8 August 2003). Bishop Sargunam is former chairman of the Minorities Commission, of the State of Tamil Nadu and the presiding bishop of the Evangelical Church of India.",BI_B264,BI_Ch15_28_Fiacona_Bishop-Ezra-Satgunam-Briefs-US-Officials,"FIACONA. Bishop Ezra Satgunam Briefs US Officials. Press Release, Federation of Indian American Christian Organizations of North Arnerica, 8 August 2003.",,,,To do,,,,,https://www.google.com/search?tbm=bks&q=Bishop%20Ezra%20Satgunam%20Briefs%20US%20Officials%20Press%20Release%20Federation%20FIACONA,
BI_Ch15_29,Note,15,Chapter 15: The US Government’s Direct Involvement,29,Book/Print,"(The Times of India, 10 January 2004)",BI_B871,BI_Ch15_29_The-Times_US-Congress-wants-Justice-For-Riot-Victims,"The Times of India. ‘US Congress wants Justice For Riot Victims’. News, 10 January 2004.",,,,To do,,,,,https://www.google.com/search?tbm=bks&q=US%20Congress%20wants%20Justice%20For%20Riot%20Victims%20News%2010%20The%20Times%20of%20India,
BI_Ch15_30,Note,15,Chapter 15: The US Government’s Direct Involvement,30,Unlinked note,"(The Times of India, 10 Jannuary2004)",,BI_Ch15_30,,,,,To do,,,,,,"No source matched: either a comment by the author, or a source to identify by hand"
BI_Ch15_31,Note,15,Chapter 15: The US Government’s Direct Involvement,31,URL,"(www.ivarta.com, 2004)",BI_B982,BI_Ch15_31_Www_Plainspeaking-the-US-State-Department,"www.ivarta.com. ‘Plainspeaking the US State Department ’. http://www.ivarta.com/columns/OL_041114.htm, Chennai, 2004.",http://www.ivarta.com | http://www.ivarta.com/columns/OL_041114.htm,,,To do,,,,,,download failed - live page: web server answered HTTP 522 | download failed - live page: web server answered HTTP 522
BI_Ch15_32,Note,15,Chapter 15: The US Government’s Direct Involvement,32,Book/Print,"(The Assam Tribune, 23 August 2004)",BI_B792,BI_Ch15_32_The-Assam_Arunachal-Buddhists-Allege-Militants-Harassment,"The Assam Tribune. ‘Arunachal Buddhists Allege Militants Harassment’. News, 23 August 2004.",,,,To do,,,,,https://www.google.com/search?tbm=bks&q=Arunachal%20Buddhists%20Allege%20Militants%20Harassment%20News%2023%20August%202004%20The%20Assam%20Tribune,
BI_Ch15_33,Note,15,Chapter 15: The US Government’s Direct Involvement,33,Book/Print,"(USCIRF, 2005, 126-139)",BI_B898,BI_Ch15_33_Uscirf_Report-of-the-United-States-Commission-on,"USCIRF. ‘Report of the United States Commission on International P.eligious Freedom’. Annual Report, 2005.",,,,To do,,,,126,https://www.google.com/search?tbm=bks&q=Report%20of%20the%20United%20States%20Commission%20on%20International%20P%20USCIRF,
BI_Ch15_34,Note,15,Chapter 15: The US Government’s Direct Involvement,34,Book/Print,"(Kulkarni, 2005)",BI_B441,BI_Ch15_34_Kulkarni_Social-Justice-Through-US-Intervention,"Kulkarni, Sudheendra. ‘ “Social Justice” Through US Intervention’. The Indian Express, 30 October 2005.",,,,To do,,,,,https://www.google.com/search?tbm=bks&q=Social%20Justice%20Through%20US%20Intervention%20The%20Indian%20Express%2030%20Kulkarni,
BI_Ch15_35,Note,15,Chapter 15: The US Government’s Direct Involvement,35,URL,"(UNHCR, 2005)",BI_B889,BI_Ch15_35_Unhcr_US-Committee-lor-Refugees-and-Immigrants-worl,UNHCR. ‘US Committee lor Refugees and Immigrants worl<l Refugee Survey 2005’. United States Committee for Refugees and Immigrants. 7.Q June 2005. http://www.unhcI.org/refworld/docid/42c928902.html (accessed 21 February 2008).,http://www.unhcI.org/refworld/docid/42c928902.html,,,To do,,,,,,download failed - live page: Page.goto: net::ERR_NAME_NOT_RESOLVED at http://www.unhci.org/refworld | download failed - live page: Page.goto: net::ERR_NAME_NOT_RESOLVED at http://www.unhci.org/refworld
BI_Ch15_36,Note,15,Chapter 15: The US Government’s Direct Involvement,36,URL,"(Raman, 2004)",BI_B670,BI_Ch15_36_Raman_The-Dimasa-Hmar-Conflict-Another-Ember-in,"Raman, Anil (Major). ‘The Dimasa-Hmar Conflict: Another Ember in the Fire’, www.usiofindia.org. 8 September 2004. http://www.usiofirdia.org/article_Jul_SepO4_8.htm (accessed 10 June 2007).",http://www.usiofindia.org | http://www.usiofirdia.org/article_Jul_SepO4_8.htm,,,On OneDrive,,BI_B670_Raman_The-Dimasa-Hmar-Conflict-Another-Ember-in_usiofindia-org.pdf,https://1drv.ms/b/c/ACD215A5F926CFCE/IQBk5PP3Q6RRQqEeusZY5TfwAaxBO7_d0QpnKtEdpV9nlHU?download=1,,,Page saved as PDF (cover page + copy) from live page on 2026-10-08
BI_Ch15_37,Note,15,Chapter 15: The US Government’s Direct Involvement,37,Book/Print,"(USCIRF, 2006, 1)",BI_B899,BI_Ch15_37_Uscirf_Report-of-the-United-States-Commission-on,"USCIRF. ‘Report of the United States Commission on International Religious Freedom (India)’. Annual Report, 2006.",,,,To do,,,,1,https://www.google.com/search?tbm=bks&q=Report%20of%20the%20United%20States%20Commission%20on%20International%20Religious%20USCIRF,
BI_Ch15_38,Note,15,Chapter 15: The US Government’s Direct Involvement,38,URL,"(in.crossmap.com, 2006)",BI_B375,BI_Ch15_38_In_Christians-disappointed-with-USCIRF-s-failure-to,"in.crossmap.com. ‘Christians disappointed with USCIRF’s failure to recommend India as CPC’, in.crossmap.com. 2006 . http://in.crossmap.com/cmboard/view.php./&:bbs_id=news&page=8cdoc_.num=204 (accessed 10 January 2010) .",http://in.crossmap.com/cmboard/view.php./&:bbs_id=news&page=8cdoc_.num=204,,,To do,,,,,,download failed - live page: Page.goto: net::ERR_NAME_NOT_RESOLVED at http://in.crossmap.com/cmboar | download failed - live page: Page.goto: net::ERR_NAME_NOT_RESOLVED at http://in.crossmap.com/cmboar
BI_Ch15_39,Note,15,Chapter 15: The US Government’s Direct Involvement,39,Book/Print,"(USCIRF, 2006, 3)",BI_B899,BI_Ch15_39_Uscirf_Report-of-the-United-States-Commission-on,"USCIRF. ‘Report of the United States Commission on International Religious Freedom (India)’. Annual Report, 2006.",,,,To do,,,,3,https://www.google.com/search?tbm=bks&q=Report%20of%20the%20United%20States%20Commission%20on%20International%20Religious%20USCIRF,
BI_Ch15_40,Note,15,Chapter 15: The US Government’s Direct Involvement,40,Book/Print,"(The Indian Express, 25 March 2006)",BI_B833,BI_Ch15_40_The-Indian_Rajasthan-Cops-Launch-Hunt-for-Emmanuel-Foundation,"The Indian Express. ‘Rajasthan Cops Launch Hunt for Emmanuel Foundation Chief’. News, 25 March 2006.",,,,To do,,,,,https://www.google.com/search?tbm=bks&q=Rajasthan%20Cops%20Launch%20Hunt%20for%20Emmanuel%20Foundation%20Chief%20News%20The%20Indian%20Express,[match: author+title]
BI_Ch15_41,Note,15,Chapter 15: The US Government’s Direct Involvement,41,Book/Print,"(Muthuswamy, 2006)",BI_B552,BI_Ch15_41_Muthuswamy_USCIRF-s-Disregard-for-Truth,"Muthuswamy, Moorthy. ‘USCIRF’s Disregard for Truth’. Letter written to Speaker Dennis Hastert. 8 May 2006.",,,,To do,,,,,https://www.google.com/search?tbm=bks&q=USCIRF%20s%20Disregard%20for%20Truth%20Letter%20written%20to%20Speaker%20Muthuswamy,
BI_Ch15_42,Note,15,Chapter 15: The US Government’s Direct Involvement,42,Book/Print,"(Muthuswamy, 2006)",BI_B552,BI_Ch15_42_Muthuswamy_USCIRF-s-Disregard-for-Truth,"Muthuswamy, Moorthy. ‘USCIRF’s Disregard for Truth’. Letter written to Speaker Dennis Hastert. 8 May 2006.",,,,To do,,,,,https://www.google.com/search?tbm=bks&q=USCIRF%20s%20Disregard%20for%20Truth%20Letter%20written%20to%20Speaker%20Muthuswamy,
BI_Ch15_43,Note,15,Chapter 15: The US Government’s Direct Involvement,43,Book/Print,"(USCIRF, 2007, 253)",BI_B900,BI_Ch15_43_Uscirf_Report-of-the-United-States-Commission-on,"USCIRF. ‘Report of the United States Commission on International R eligious Freedom’. Annual Report, 2007.",,,,To do,,,,253,https://www.google.com/search?tbm=bks&q=Report%20of%20the%20United%20States%20Commission%20on%20International%20R%20USCIRF,
BI_Ch15_44,Note,15,Chapter 15: The US Government’s Direct Involvement,44,Book/Print,"As this may make a digression from what is discussed here, how the Gujarat textbooks were misinterpreted to suggest Nazi glorification and how actually they were critical of Nazis, the reader can find a detailed study in (Elst, 2007, 9-17)",BI_B240,BI_Ch15_44_Elst_Decolonizing-the-Hindu-Mind,"Elst, Koenraad. Decolonizing the Hindu Mind. Pvupa, 2007.",,,,To do,,,,9,https://www.google.com/search?tbm=bks&q=Decolonizing%20the%20Hindu%20Mind%20Pvupa%202007%20Elst,Also cites: BI_B241
BI_Ch15_45,Note,15,Chapter 15: The US Government’s Direct Involvement,45,Book/Print,(Chatterji 10 December 2008),BI_B121,BI_Ch15_45_Chatterji_The-Threat-Religious-Extremism-Poses-to-Democracy,"Chatterji, A.ngana. ‘The Threat Religious Extremism Poses to Democracy and Security in India: Focus on Orissa’. Recommendations for action, 2168 Rayburn in washington D.C, 10 December 2008.",,,,To do,,,,,https://www.google.com/search?tbm=bks&q=The%20Threat%20Religious%20Extremism%20Poses%20to%20Democracy%20and%20Security%20Chatterji,
BI_Ch15_46,Note,15,Chapter 15: The US Government’s Direct Involvement,46,URL,"(www.uscirf.gov, 2009)",,BI_Ch15_46_uscirf-gov,,http://www.uscirf.gov,,,On OneDrive,,BI_Ch15_14_uscirf-gov.pdf,https://1drv.ms/b/c/ACD215A5F926CFCE/IQAFXfSSP5dTQ7k3RDqwKK8CAUCDMtkrMpwqMegED2hSOy0?download=1,,,"No source matched: either a comment by the author, or a source to identify by hand | Page saved as PDF (cover page + copy) from live page on 2026-10-08"
BI_Ch15_47,Note,15,Chapter 15: The US Government’s Direct Involvement,47,Book/Print,"(CSF, 2009)",BI_B143,BI_Ch15_47_Csf_Communication-through-personal-email-trinityworld-mtnl,CSF. ‘Communication through personal email <trinityworld@mtnl.net.in>’. 21 June 2009.,,,,To do,,,,,https://www.google.com/search?tbm=bks&q=Communication%20through%20personal%20email%20trinityworld%20mtnl%20net%20in%2021%20CSF,
BI_Ch15_48,Note,15,Chapter 15: The US Government’s Direct Involvement,48,URL,"(Rediff News, 2009)",BI_B682,BI_Ch15_48_Rediff-News_For-US-Body,"Rediff News. For US Body, India is Same as Somalia and Afghanistan, . 13 August 2009. http://news.rediff.com/repOlt/2009/aug/13/us-body-places-india-on-watch-liSthtm (accessed 20 August 2009).",http://news.rediff.com/report/2009/aug/13/us-body-places-india-on-watch-list.htm,,,On OneDrive,,BI_B682_Rediff-News_For-US-Body_news-rediff-com.pdf,https://1drv.ms/b/c/ACD215A5F926CFCE/IQA32oENr6bUSrOOCty_k9bLAa24kl36xcR8BDNDcmQXnNk?download=1,,,Web address corrected from the earlier audit (the book's text read: http://news.rediff.com/repOlt/2009/aug/13/us-body-places-india-on-watch-liSthtm) | Page saved as PDF (cover page + copy) from live page on 2026-10-08
BI_Ch15_49,Note,15,Chapter 15: The US Government’s Direct Involvement,49,URL,"(www.uscirf.gov, 2009)",,BI_Ch15_49_uscirf-gov,,http://www.uscirf.gov,,,On OneDrive,,BI_Ch15_14_uscirf-gov.pdf,https://1drv.ms/b/c/ACD215A5F926CFCE/IQAFXfSSP5dTQ7k3RDqwKK8CAUCDMtkrMpwqMegED2hSOy0?download=1,,,"No source matched: either a comment by the author, or a source to identify by hand | Page saved as PDF (cover page + copy) from live page on 2026-10-08"
BI_Ch15_50,Note,15,Chapter 15: The US Government’s Direct Involvement,50,URL,"(Pew Research Center, 2009)",BI_B613,BI_Ch15_50_Pew-Research_International-Report-on-Social-Hostility-and-Religious,Pew Research Center. ‘International Report on Social Hostility and Religious Discrimination’. Pew Forum. 2009. http://pewforum.org/docs/?DocID=491 (accessed 6 January 2010).,http://pewforum.org/docs/?DocID=491,,,To do,,,,,,Also cites: BI_B614 | download failed - live page: web server answered HTTP 404 | download failed - live page: web server answered HTTP 404
BI_Ch15_51,Note,15,Chapter 15: The US Government’s Direct Involvement,51,URL,"(Pew Research Center, 2009). The only source of information from the countries being reported is taken from their constitutions.",BI_B613,BI_Ch15_51_Pew-Research_International-Report-on-Social-Hostility-and-Religious,Pew Research Center. ‘International Report on Social Hostility and Religious Discrimination’. Pew Forum. 2009. http://pewforum.org/docs/?DocID=491 (accessed 6 January 2010).,http://pewforum.org/docs/?DocID=491,,,To do,,,,,,Also cites: BI_B614 | download failed - live page: web server answered HTTP 404 | download failed - live page: web server answered HTTP 404
BI_Ch15_52,Note,15,Chapter 15: The US Government’s Direct Involvement,52,Book/Print,"(AICC, March 2008, 2-3)",BI_B010,BI_Ch15_52_Aicc_A-Report-on-Activities-of-the-AICC,"AICC. ‘A Report on Activities of the AICC’. Month Report, All India Christian Council, March 2008.",,,,To do,,,,2,https://www.google.com/search?tbm=bks&q=A%20Report%20on%20Activities%20of%20the%20AICC%20Month%20Report%20AICC,"Also cites: BI_B013, BI_B014"
BI_Ch15_53,Note,15,Chapter 15: The US Government’s Direct Involvement,53,URL,"(Pew Research Center, 2009)",BI_B613,BI_Ch15_53_Pew-Research_International-Report-on-Social-Hostility-and-Religious,Pew Research Center. ‘International Report on Social Hostility and Religious Discrimination’. Pew Forum. 2009. http://pewforum.org/docs/?DocID=491 (accessed 6 January 2010).,http://pewforum.org/docs/?DocID=491,,,To do,,,,,,Also cites: BI_B614 | download failed - live page: web server answered HTTP 404 | download failed - live page: web server answered HTTP 404
BI_Ch15_54,Note,15,Chapter 15: The US Government’s Direct Involvement,54,URL,"(Marshal, 2004)",BI_B513,BI_Ch15_54_Marshal_First-Things-Hinduism-and-Terror,"Marshal, Paul. ‘First Things: Hinduism and Terror’. Hudson Institute. 1 June 2004. http://www.hudson.org/index.cfm?fuseaction=publication_details&id=4575 (accessed 10 January 2010).",http://www.hudson.org/index.cfm?fuseaction=publication_details&cid=4575,,,To do,,,,,,Web address corrected from the earlier audit (the book's text read: http://www.hudson.org/index.cfm?fuseaction=publication_details&id=4575) | download failed - live page: web server answered HTTP 404 | download failed - live page: web server answered HTTP 404
BI_Ch15_55,Note,15,Chapter 15: The US Government’s Direct Involvement,55,URL,"(pewforum.org, 2009) and (Shah, 2003)",BI_B729,BI_Ch15_55_Shah_Hindu-Nationalism-vs,"Shah, Timothy Samuel. ‘Hindu Nationalism vs. Islamic Jihad: Religious Militancy in South Asia A Conversation with Cedric Prakash, Teesta Setalvad, Kamal Chenoy, Sumit Ganguly, Sunil Khilnani, and Jonah Blank’. Ethics and Public Policy Center. 3 February 2003. http://www.eppc.org/programs/southasian/publications/pubID. 1533,programlD.3 8/ pub_detail.asp (accessed 12 February 2009).","http://www.eppc.org/programs/southasian/publications/pubID.1533,programID.38/pub_detail.asp",,,To do,,,,,,Web address corrected from the earlier audit (the book's text read: http://www.eppc.org/programs/southasian/publications/pubID) | download failed - live page: web server answered HTTP 404 | download failed - live page: web server answered HTTP 404
BI_Ch15_56,Note,15,Chapter 15: The US Government’s Direct Involvement,56,Book/Print,"(The Economic Times, 22 December 2009)",BI_B794,BI_Ch15_56_The-Economic_Arms-Found-from-Rehab-Centre-in-Kandhamal,"The Economic Times. ‘Arms Found from Rehab Centre in Kandhamal’. News, The Economic Times, 1 October 2009.",,,,To do,,,,,https://www.google.com/search?tbm=bks&q=Arms%20Found%20from%20Rehab%20Centre%20in%20Kandhamal%20News%20The%20The%20Economic%20Times,"Also cites: BI_B796, BI_B797"
BI_Ch15_57,Note,15,Chapter 15: The US Government’s Direct Involvement,57,Unlinked note,All instances of examples from the data-coding have been taken from this document.,,BI_Ch15_57,,,,,To do,,,,,,"No source matched: either a comment by the author, or a source to identify by hand"
BI_Ch15_58,Note,15,Chapter 15: The US Government’s Direct Involvement,58,URL,"A typical evangelical rant against Hindu idol-worship which evokes hatred against Hindus is given here: ‘It is a well known fact that my country India is full of idols and she promotes idol worship, blood sacrifice and all sorts of wicked activities. India is getting drowned in the ocean of wickedness, which sins against God like scripture tells us in Romans chapter 1; 21 to 32. But God wants to save her from destruction. In this fury God has taken decision to wipe out the land of idol worship.’ (http://education.vsnl.com/missionary/) Many Christian tracts distributed at ground zero are often provocative and offensive to Hindus - a factor that is never taken into account by the US-based study groups.",,BI_Ch15_58_education-vsnl-com_missionary,,http://education.vsnl.com/missionary/,,,To do,,,,,,"No source matched: either a comment by the author, or a source to identify by hand | download failed - live page: Page.goto: net::ERR_NAME_NOT_RESOLVED at http://education.vsnl.com/mis | download failed - live page: Page.goto: net::ERR_NAME_NOT_RESOLVED at http://education.vsnl.com/mis"
BI_Ch15_59,Note,15,Chapter 15: The US Government’s Direct Involvement,59,URL,(www.usaid.gov),BI_B1018,BI_Ch15_59_Www_Bio-of-Andrew-Natsios,www.usaid.gov. Bio of Andrew Natsios. 2001. http://www.usaid.gov/about_usaid/bios/bio_asn.html (accessed 30 January 2009).,http://www.usaid.gov | http://www.usaid.gov/about_usaid/bios/bio_asn.html,,,On OneDrive,,BI_B1018_Www_Bio-of-Andrew-Natsios_usaid-gov.pdf,https://1drv.ms/b/c/ACD215A5F926CFCE/IQDs4HY7u0ySSYWX1QfTF30vAXFOMHP5iTGKazDTu1EE6Tg?download=1,,,[match: same web address] | Page saved as PDF (cover page + copy) from live page on 2026-10-08
BI_Ch15_60,Note,15,Chapter 15: The US Government’s Direct Involvement,60,Book/Print,"(Shashikumar. VK., 2004)",BI_B736,BI_Ch15_60_Shashikumar_Bush-s-ConA-ersion-Agenda-for-India,"Shashikumar, VK. ‘Bush’s ConA'ersion Agenda for India; Preparing for the Harvest’. Tehelka, February 2004.",,,,To do,,,,,https://www.google.com/search?tbm=bks&q=Bush%20s%20ConA%20ersion%20Agenda%20for%20India%20Preparing%20for%20Shashikumar,
BI_Ch15_61,Note,15,Chapter 15: The US Government’s Direct Involvement,61,Book/Print,"(Lindsay, 2007, 44)",BI_B466,BI_Ch15_61_Lindsay_Faith-in-the-Flails-of-Power-Flow,"Lindsay, Michael D. Faith in the Flails of Power: Flow Evangelicals Joined the American Elite. Oxford University Press US, 2007.",,,,To do,,,,44,https://www.google.com/search?tbm=bks&q=Faith%20in%20the%20Flails%20of%20Power%20Flow%20Evangelicals%20Joined%20Lindsay,
BI_Ch15_62,Note,15,Chapter 15: The US Government’s Direct Involvement,62,Book/Print,"(Monsma, 2001, 203-4)",BI_B540,BI_Ch15_62_Monsma_Faith-Based-NGOs-and-the-Government-Embrace,"Monsma, Stephen V. ‘Faith-Based NGOs and the Government Embrace’. In The Influence of Faith: Religious Groups and US Foreign Policy, by Elliott Abrams. Rowman Littlefield, 2001.",,,,To do,,,,203,https://www.google.com/search?tbm=bks&q=Faith%20Based%20NGOs%20and%20the%20Government%20Embrace%20In%20The%20Monsma,
BI_Ch15_63,Note,15,Chapter 15: The US Government’s Direct Involvement,63,URL,"(www.usaid.gov, 2001)",BI_B1018,BI_Ch15_63_Www_Bio-of-Andrew-Natsios,www.usaid.gov. Bio of Andrew Natsios. 2001. http://www.usaid.gov/about_usaid/bios/bio_asn.html (accessed 30 January 2009).,http://www.usaid.gov | http://www.usaid.gov/about_usaid/bios/bio_asn.html,,,On OneDrive,,BI_B1018_Www_Bio-of-Andrew-Natsios_usaid-gov.pdf,https://1drv.ms/b/c/ACD215A5F926CFCE/IQDs4HY7u0ySSYWX1QfTF30vAXFOMHP5iTGKazDTu1EE6Tg?download=1,,,Also cites: BI_B1019 | Page saved as PDF (cover page + copy) from live page on 2026-10-08
BI_Ch15_64,Note,15,Chapter 15: The US Government’s Direct Involvement,64,URL,"(www.usaid.gov, 2002)",BI_B1019,BI_Ch15_64_Faith-Based_2002,— ‘Faith Based and Community Initiative 2001-2002’. 2002. http://www.usaid.gov/our_work/cross-cutting_programs/private_voluntary_cooperation/pvoconf03_faithbasedslidcs.pd (accessed 30 January 2009).,http://www.usaid.gov/our_work/cross-cutting_programs/private_voluntary_cooperation/pvoconf03_faithbasedslides.pdf,,,On OneDrive,,BI_B1019_Faith-Based_2002_usaid-gov.pdf,https://1drv.ms/b/c/ACD215A5F926CFCE/IQD7Qy0N_8t9TI6Zlm0j2jlOAceIwCqIavYgRPLGOjTMzs0?download=1,,,Web address corrected from the earlier audit (the book's text read: http://www.usaid.gov/our_work/cross-cutting_programs/private_voluntary_cooperation/pvoconf03_faithbasedslidcs.pd) | download failed - live page: web server answered HTTP 403 | Page saved as PDF (cover page + copy) from live page on 2026-10-09
BI_Ch15_65,Note,15,Chapter 15: The US Government’s Direct Involvement,65,URL,"(www.usaid.gov, 2002, slide 9/15)",BI_B1019,BI_Ch15_65_Faith-Based_2002,— ‘Faith Based and Community Initiative 2001-2002’. 2002. http://www.usaid.gov/our_work/cross-cutting_programs/private_voluntary_cooperation/pvoconf03_faithbasedslidcs.pd (accessed 30 January 2009).,http://www.usaid.gov/our_work/cross-cutting_programs/private_voluntary_cooperation/pvoconf03_faithbasedslides.pdf,,,On OneDrive,,BI_B1019_Faith-Based_2002_usaid-gov.pdf,https://1drv.ms/b/c/ACD215A5F926CFCE/IQD7Qy0N_8t9TI6Zlm0j2jlOAceIwCqIavYgRPLGOjTMzs0?download=1,,,Web address corrected from the earlier audit (the book's text read: http://www.usaid.gov/our_work/cross-cutting_programs/private_voluntary_cooperation/pvoconf03_faithbasedslidcs.pd) | download failed - live page: web server answered HTTP 403 | Page saved as PDF (cover page + copy) from live page on 2026-10-09
BI_Ch15_66,Note,15,Chapter 15: The US Government’s Direct Involvement,66,Book/Print,"(Lindsay, 2007, 214)",BI_B466,BI_Ch15_66_Lindsay_Faith-in-the-Flails-of-Power-Flow,"Lindsay, Michael D. Faith in the Flails of Power: Flow Evangelicals Joined the American Elite. Oxford University Press US, 2007.",,,,To do,,,,214,https://www.google.com/search?tbm=bks&q=Faith%20in%20the%20Flails%20of%20Power%20Flow%20Evangelicals%20Joined%20Lindsay,
BI_Ch15_67,Note,15,Chapter 15: The US Government’s Direct Involvement,67,URL,"(Deikun, 2005)",BI_B173,BI_Ch15_67_Deikun_Remarks-at-Launch-of-the-Health-and,"Deikun, George. Remarks at Launch of the Health and HIV/AIDS Policies of the Catholic Bishop’s Conference of India, New Delhi, www.usaid.gov. 31 August 2005. http://www.usaid.gov/in/newsroom/speeches/augS31_5. htm (accessed 1 October 2009).",http://www.usaid.gov/in/newsroom/speeches/aug31_5.htm | http://www.usaid.gov/in/newsroom/speeches/augS31_5,,,To do,,,,,,Web address corrected from the earlier audit (the book's text read: http://www.usaid.gov) | download failed - live page: web server answered HTTP 403 | download failed - live page: web server answered HTTP 403
BI_Ch15_68,Note,15,Chapter 15: The US Government’s Direct Involvement,68,URL,"(www.usaid.gov, 2005)",BI_B1021,BI_Ch15_68_Us-Aid_January-April-2005,"— US AID, India, Activities. January-April 2005. http://www.usaid.gov/in/ • our_work/activities/DM/tsunami_wv.htrn (accessed 30 January 2009).",http://www.usaid.gov/in/our_work/activities/DM/tsunami_wv.htm,,,To do,,,,,,Web address corrected from the earlier audit (the book's text read: http://www.usaid.gov/in/) | download failed - live page: web server answered HTTP 403 | download failed - live page: web server answered HTTP 403
BI_Ch15_69,Note,15,Chapter 15: The US Government’s Direct Involvement,69,URL,"(Deikun, 2006)",BI_B174,BI_Ch15_69_Spee-Ch_2-April-2006,— Spee ch at the sixtieth anniversary of CRS’. www.usaid.gov. 2 April 2006. http://www.usaid.gov/in/newsroom/speeches/apr02_6.htm.,http://www.usaid.gov/in/newsroom/speeches/apr02_6.htm | http://www.usaid.gov/in/newsroom/speeches/apr02_6.htm,https://web.archive.org/web/20090913032310/http://www.usaid.gov/in/newsroom/speeches/apr02_6.htm,Snapshot found,On OneDrive,,BI_B174_Spee-Ch_2-April-2006_usaid-gov.pdf,https://1drv.ms/b/c/ACD215A5F926CFCE/IQDhI8Dp_CHCR4nNHUpybdVgAc0s2tj3M2VjkHlvXCtynyo?download=1,,,Web address corrected from the earlier audit (the book's text read: http://www.usaid.gov) | Page saved as PDF (cover page + copy) from Wayback snapshot on 2026-10-08
BI_Ch15_70,Note,15,Chapter 15: The US Government’s Direct Involvement,70,URL,"(www.usaid.gov, 2008)",BI_B1020,BI_Ch15_70_Us-Aid_23-April-2008,"— ‘US AID, India: Child Survival Health Grants Project’. 23 April 2008. http://www. usaid.gov/in/our_work/activities/Health/hea lth_child.htm (accessed 30 January 2009).",http://www.usaid.gov/in/our_work/activities/Health/health_child.htm,,,To do,,,,,,Web address corrected from the earlier audit (the book's text read: http://www) | download failed - live page: web server answered HTTP 403 | download failed - live page: web server answered HTTP 403
BI_Ch15_71,Note,15,Chapter 15: The US Government’s Direct Involvement,71,Social post,"(facebook.com, 2010)",BI_B252,BI_Ch15_71_Facebook_Christian-Reformed-world-Relief-Committee,facebook.com. ‘Christian Reformed world Relief Committee’. 2010. http://apps.facebook.com/causes/beneficiaries/12828 ?m=370a5b0b (accessed 2010).,http://apps.facebook.com/causes/beneficiaries/12828,,,On OneDrive,,BI_B252_Facebook_Christian-Reformed-world-Relief-Committee_apps-facebook-com.pdf,https://1drv.ms/b/c/ACD215A5F926CFCE/IQAGEQjWqdUWSLw46qLFQb_5AbJ7h8PxeiiCEGWRHtIcQc8?download=1,,,Also cites: BI_B253 | Page saved as PDF (cover page + copy) from live page on 2026-10-08
BI_Ch15_72,Note,15,Chapter 15: The US Government’s Direct Involvement,72,URL,"(www.eficor.org, 2000:2009)",BI_B962,BI_Ch15_72_Www_Evangelical-Fellowship-of-India-Commission-on-Relief,www.eficor.org. ‘Evangelical Fellowship of India Commission on Relief: About’. 2000:2009. http://www.eficor.org/abour_eficor.hLm (accessed 30 January 2009).,http://www.eficor.org | http://www.eficor.org/abour_eficor.hLm,,,On OneDrive,,BI_B962_Www_Evangelical-Fellowship-of-India-Commission-on-Relief_eficor-org.pdf,https://1drv.ms/b/c/ACD215A5F926CFCE/IQCURok52QJrQYyZMob5vo28AQCGcmuVDeKHCt5VMLMWTFM?download=1,2009,,Page saved as PDF (cover page + copy) from live page on 2026-10-08
BI_Ch15_73,Note,15,Chapter 15: The US Government’s Direct Involvement,73,URL,"(www.eficor.org, 2000:2009)",BI_B962,BI_Ch15_73_Www_Evangelical-Fellowship-of-India-Commission-on-Relief,www.eficor.org. ‘Evangelical Fellowship of India Commission on Relief: About’. 2000:2009. http://www.eficor.org/abour_eficor.hLm (accessed 30 January 2009).,http://www.eficor.org | http://www.eficor.org/abour_eficor.hLm,,,On OneDrive,,BI_B962_Www_Evangelical-Fellowship-of-India-Commission-on-Relief_eficor-org.pdf,https://1drv.ms/b/c/ACD215A5F926CFCE/IQCURok52QJrQYyZMob5vo28AQCGcmuVDeKHCt5VMLMWTFM?download=1,2009,,Page saved as PDF (cover page + copy) from live page on 2026-10-08
BI_Ch15_74,Note,15,Chapter 15: The US Government’s Direct Involvement,74,Book/Print,"(PTI, 25 July 2007)",BI_B652,BI_Ch15_74_Pti_US-Slashes-Aid-to-India-by-35,"PTI. ‘US Slashes Aid to India by 35%’. News, Press Trust of India, 25 July 2007.",,,,To do,,,,,https://www.google.com/search?tbm=bks&q=US%20Slashes%20Aid%20to%20India%20by%2035%20News%20Press%20PTI,
BI_Ch15_75,Note,15,Chapter 15: The US Government’s Direct Involvement,75,URL,"The members of this council described are those who served the first one-year term beginning in March, 2009. A full copy of its first-year report may be downloaded at: http://www.whitehouse.gov/sites/default/files/microsites/ofbnp-council-final-report.pdf (valid as of April 2010). All quotes in this section are from the government website on faith-based initiatives.",,BI_Ch15_75_whitehouse-gov_ofbnp-council-final-report,,http://www.whitehouse.gov/sites/default/files/microsites/ofbnp-council-final-report.pdf,,,To do,,,,,,"No source matched: either a comment by the author, or a source to identify by hand | download failed - live page: web server answered HTTP 404 | download failed - live page: web server answered HTTP 404"
BI_Ch16_01,Note,16,Chapter 16: British Intervention in Present-day India,1,Unlinked note,"Winston Churchill, speech at Harvard University, 6 September 1943",,BI_Ch16_01,,,,,To do,,,,,,"No source matched: either a comment by the author, or a source to identify by hand"
BI_Ch16_02,Note,16,Chapter 16: British Intervention in Present-day India,2,Book/Print,"(Times of London, 26 May 1991)",BI_B875,BI_Ch16_02_Times-Of_Home-Truths,"Times of London. ‘Home Truths’. News, 26 May 1991.",,,,To do,,,,,https://www.google.com/search?tbm=bks&q=Home%20Truths%20News%2026%20May%201991%20Times%20of%20London,
BI_Ch16_03,Note,16,Chapter 16: British Intervention in Present-day India,3,Unlinked note,"(Hoyos, 1995)",,BI_Ch16_03,,,,,To do,,,,,,"No source matched: either a comment by the author, or a source to identify by hand"
BI_Ch16_04,Note,16,Chapter 16: British Intervention in Present-day India,4,URL,"(www.countercurrents.org, 2009)",BI_B961,BI_Ch16_04_Www_25-March-2009,"www.countercurrents.org. 25 March 2009. htq):/AAww,countercurrents.org/ maitra250309.htm (accessed 5 January 2010).",http://www.countercurrents.org,,,On OneDrive,,BI_B961_Www_25-March-2009_countercurrents-org.pdf,https://1drv.ms/b/c/ACD215A5F926CFCE/IQD2g-MKcuZoSbhsKfsDU-RkAWYuzAQc7_zLjP0deLgv8Ks?download=1,,,Page saved as PDF (cover page + copy) from live page on 2026-10-08
BI_Ch16_05,Note,16,Chapter 16: British Intervention in Present-day India,5,Unlinked note,(Wikipedia),,BI_Ch16_05,,,,,To do,,,,,,"No source matched: either a comment by the author, or a source to identify by hand"
BI_Ch16_06,Note,16,Chapter 16: British Intervention in Present-day India,6,Book/Print,"(Pallister, 2007)",BI_B606,BI_Ch16_06_Pallister_The-Numbers-Game,"Pallister, David. ‘The Numbers Game’. The Guardian, 21 March 2007.",,,,To do,,,,,https://www.google.com/search?tbm=bks&q=The%20Numbers%20Game%20The%20Guardian%2021%20March%202007%20Pallister,
BI_Ch16_07,Note,16,Chapter 16: British Intervention in Present-day India,7,Book/Print,"(CSW, 2001, 16)",BI_B148,BI_Ch16_07_Csw_India-Annual-Report-2001,"CSW. India Annual Report 2001. Activities Report, Christian Solidarity Worldwide, 2001.",,,,To do,,,,16,https://www.google.com/search?tbm=bks&q=India%20Annual%20Report%202001%20Activities%20Report%20Christian%20Solidarity%20Worldwide%20CSW,Also cites: BI_B149
BI_Ch16_08,Note,16,Chapter 16: British Intervention in Present-day India,8,URL,"(www.andyreedmp.org.uk, 2006)",BI_B948,BI_Ch16_08_Www_A-Brief-History,www.andyreedmp.org.uk. ‘A Brief History’. 2006. http://www.andyreedmp.org.uk/personalbiography-abriefhistory.html (accessed 5 January 2009).,http://www.andyreedmp.org.uk | http://www.andyreedmp.org.uk/personalbiography-abriefhistory.html,,,On OneDrive,,BI_B948_Www_A-Brief-History_andyreedmp-org-uk.pdf,https://1drv.ms/b/c/ACD215A5F926CFCE/IQBf6wUpoHUiT4RGXCnb0bPoATJdDa83TsIWc3s8qLcCIXQ?download=1,,,Page saved as PDF (cover page + copy) from live page on 2026-10-08
BI_Ch16_09,Note,16,Chapter 16: British Intervention in Present-day India,9,Book/Print,"(Hindu Forum of Britain, 2007, 29)",BI_B328,BI_Ch16_09_Hindu-Forum_Caste-in-the-tJK,"Hindu Forum of Britain. Caste in the tJK, ‘A Summary of the Consultation with the Hindu Community in Britain’. Survey, 2007.",,,,To do,,,,29,https://www.google.com/search?tbm=bks&q=Caste%20in%20the%20tJK%20A%20Summary%20of%20the%20Consultation%20Hindu%20Forum%20of%20Britain,
BI_Ch16_10,Note,16,Chapter 16: British Intervention in Present-day India,10,Book/Print,"(CSW, 2006)",BI_B146,BI_Ch16_10_Csw_Annual-Report-2006-07,"CSW. ‘Annual Report 2006/07’. Activities, 2006/07.",,,,To do,,,,,https://www.google.com/search?tbm=bks&q=Annual%20Report%202006%2007%20Activities%202006%2007%20CSW,Also cites: BI_B147
BI_Ch16_11,Note,16,Chapter 16: British Intervention in Present-day India,11,Book/Print,"(CSW, 2007)",BI_B144,BI_Ch16_11_Csw_A-Submission-to-the-United-Nations-Human,"CSW. A Submission to the United Nations Human Rights Council Universal Periodic Revietv. Christian Solidarity Worldwide, Nov-2007.",,,,To do,,,,,https://www.google.com/search?tbm=bks&q=A%20Submission%20to%20the%20United%20Nations%20Human%20Rights%20Council%20CSW,Also cites: BI_B145
BI_Ch16_12,Note,16,Chapter 16: British Intervention in Present-day India,12,Book/Print,"(CSW, 2006/07, 7)",BI_B146,BI_Ch16_12_Csw_Annual-Report-2006-07,"CSW. ‘Annual Report 2006/07’. Activities, 2006/07.",,,,To do,,,,,https://www.google.com/search?tbm=bks&q=Annual%20Report%202006%2007%20Activities%202006%2007%20CSW,Also cites: BI_B147
BI_Ch16_13,Note,16,Chapter 16: British Intervention in Present-day India,13,Book/Print,"(Assistnews, 11 May 2007)",BI_B049,BI_Ch16_13_Assistnews_British-House-of-Commons-Debates-Caste-Discriminatlon,"Assistnews. ‘British House of Commons Debates Caste Discriminatlon in India'. News, 11 May 2007.",,,,To do,,,,,https://www.google.com/search?tbm=bks&q=British%20House%20of%20Commons%20Debates%20Caste%20Discriminatlon%20in%20India%20Assistnews,
BI_Ch16_14,Note,16,Chapter 16: British Intervention in Present-day India,14,Book/Print,{The Independent^ 30 Mar 2008),BI_B822,BI_Ch16_14_The-Independent_Right-wing-Christian-Group-Pays-for-Commons,"The Independent. ‘Right-wing Christian Group Pays for Commons Researchers’. Exclusive News report, 30 March 2008.",,,,To do,,,,,https://www.google.com/search?tbm=bks&q=Right%20wing%20Christian%20Group%20Pays%20for%20Commons%20Researchers%20Exclusive%20The%20Independent,
BI_Ch16_15,Note,16,Chapter 16: British Intervention in Present-day India,15,URL,"(CSW, 2008)",BI_B150,BI_Ch16_15_India-Csw_29-August-2008,"— ‘India: CSW, Dalit Fre edom Network, Human Rights Watch Call forWorld Action over Anti-Christian Violence in Orissa’. 29 August 2008. http://dynamic.csw.org.uk/article.asp?t=press6cid=769 (accessed 30 January 2009).",http://dynamic.csw.org.uk/article.asp?t=press&id=769,,,To do,,,,,,Web address corrected from the earlier audit (the book's text read: http://dynamic.csw.org.uk/article.asp?t=press6cid=769) | download failed - live page: Page.goto: net::ERR_NAME_NOT_RESOLVED at http://dynamic.csw.org.uk/art | download failed - live page: Page.goto: net::ERR_NAME_NOT_RESOLVED at http://dynamic.csw.org.uk/art
BI_Ch16_16,Note,16,Chapter 16: British Intervention in Present-day India,16,Book/Print,"(Human Rights Commission, 2008, 3)",BI_B348,BI_Ch16_16_Human-Rights_Human-Rights-Council-working-Group-on-the,"Human Rights Commission. ‘Human Rights Council -working Group on the Universal Periodic Review, A/HRC/WG.6/1/IND/3’. 2008.",,,,To do,,,,3,https://www.google.com/search?tbm=bks&q=Human%20Rights%20Council%20working%20Group%20on%20the%20Universal%20Periodic%20Human%20Rights%20Commission,
BI_Ch16_17,Note,16,Chapter 16: British Intervention in Present-day India,17,Book/Print,"(CSW, November 2007, 6)",BI_B144,BI_Ch16_17_Csw_A-Submission-to-the-United-Nations-Human,"CSW. A Submission to the United Nations Human Rights Council Universal Periodic Revietv. Christian Solidarity Worldwide, Nov-2007.",,,,To do,,,,6,https://www.google.com/search?tbm=bks&q=A%20Submission%20to%20the%20United%20Nations%20Human%20Rights%20Council%20CSW,Also cites: BI_B145
BI_Ch16_18,Note,16,Chapter 16: British Intervention in Present-day India,18,URL,"(Sahni, 2004)",BI_B706,BI_Ch16_18_Sahni_Survey-of-Conflicts-and-Resolution-in-India,"Sahni, Ajay. ‘Survey of Conflicts and Resolution in India’s Northeast’. South Asia Terrorism Portal. 2 August 2004. http://www.satp.org (accessed 12 October 2009).",http://www.satp.org,,,On OneDrive,,BI_B706_Sahni_Survey-of-Conflicts-and-Resolution-in-India_satp-org.pdf,https://1drv.ms/b/c/ACD215A5F926CFCE/IQD9QurUSy5pRokajbmEatRUAYdG6qYOEl7B0hesy759V_U?download=1,,,Page saved as PDF (cover page + copy) from live page on 2026-10-08
BI_Ch16_19,Note,16,Chapter 16: British Intervention in Present-day India,19,Book/Print,"(DSN-UK, 2003-2004)",BI_B225,BI_Ch16_19_Dsn-Uk_DSN-UK,"DSN-UK, ‘Annual Report of Dalit Solidarity Netv/ork (UK) for Annual General Meeting, 2003-2004.",,,,To do,,,,,https://www.google.com/search?tbm=bks&q=DSN%20UK%20Annual%20Report%20of%20Dalit%20Solidarity%20Netv%20ork%20DSN-UK,
BI_Ch16_20,Note,16,Chapter 16: British Intervention in Present-day India,20,URL,"Christian Aid reported to an external inquiry: ‘We proudly supported the participation of the Dalit Solidarity Network-UK, to raise issues of caste discrimination. . . [For the 2009 conference] We may once again provide funding to the International Dalit Solidarity Network or similar partners to attend.’ (www.ngo-monitor.org, 2008)",BI_B991,BI_Ch16_20_Www_NGO-Monitor-Coirespondence-with-Director-of-Christian,www.ngo-monitor.org. ‘NGO Monitor Coirespondence with Director of Christian Aid on Durban II Funding*. 30 June 2008. http://www.,http://www.ngo-monitor.org | http://www,,,On OneDrive,,BI_B991_Www_NGO-Monitor-Coirespondence-with-Director-of-Christian_ngo-monitor-org.pdf,https://1drv.ms/b/c/ACD215A5F926CFCE/IQB69Ikxq0tmRJAHVgyPuk2nAYDEwnWEN2WUwMhmaLI7yHQ?download=1,,,Page saved as PDF (cover page + copy) from live page on 2026-10-08
BI_Ch16_21,Note,16,Chapter 16: British Intervention in Present-day India,21,Unlinked note,"(DSN-UK)(Apart from the already mentioned three major Christian organizations, St Clare and St Francis Trust is the fourth Christian organization funding DSN-UK)",,BI_Ch16_21,,,,,To do,,,,,,"No source matched: either a comment by the author, or a source to identify by hand"
BI_Ch16_22,Note,16,Chapter 16: British Intervention in Present-day India,22,URL,"Its predecessor organization was called SPG, which sent missionaries to India in 1820. SPG ‘was a slave-owner in Barbados in the eighteenth and early nineteenth centuries, with several hundred slaves on the Codrington Plantation. The plantation was bequeathed to the Society in 1710 by Christopher Codrington and was run by managers on behalf of the Church of England, represented by the archbishop of Canterbury and a committee of bishops. It relied on a steady new stream of slaves from West Africa as, by 1740, thirty years after the Church took over, four out of every ten slaves bought by the plantation died within three years. This contrasted with some Southern US plantations where the death rate was lower, suggesting a deliberate “work to death” policy was in operation, as was commonly the case in the West Indies and South America.’ See: (Wikipedia)",BI_B930,BI_Ch16_22_Society-Of_Society-of-Propagation-of-the-Gospel-in,"— ‘Society of Propagation of the Gospel in American Slavery’, http://en.wikipcdia.org/wiki/Society._for_the_Propagation_of_the_Gospel_in_America#Slave_owning_by_the_.SPG (accessed 10 January 2009).",http://en.wikipcdia.org/wiki/Society._for_the_Propagation_of_the_Gospel_in_America#Slave_owning_by_the_.SPG,,,To do,,,,,,[match: author+title] | download failed - live page: Page.goto: net::ERR_NAME_NOT_RESOLVED at http://en.wikipcdia.org/wiki/ | download failed - live page: Page.goto: net::ERR_NAME_NOT_RESOLVED at http://en.wikipcdia.org/wiki/
BI_Ch16_23,Note,16,Chapter 16: British Intervention in Present-day India,23,Unlinked note,(Wikipedia),,BI_Ch16_23,,,,,To do,,,,,,"No source matched: either a comment by the author, or a source to identify by hand"
BI_Ch16_24,Note,16,Chapter 16: British Intervention in Present-day India,24,Book/Print,"For example in 2000 Catholic Archdiocese of Glasgow’s Social Care sector entered into an agreement with the UNISON as it will be the only one union recognise<J. to represent staff working for the Archdiocese’s social care projects. (Unison 2000) Also sec (Amoore 2005, 312)",BI_B023,BI_Ch16_24_Amoore_The-Global-Resistance-Reader,"Amoore, Louis. The Global Resistance Reader. Routledge, 2005.",,,,To do,,,,312,https://www.google.com/search?tbm=bks&q=The%20Global%20Resistance%20Reader%20Routledge%202005%20Amoore,
BI_Ch16_25,Note,16,Chapter 16: British Intervention in Present-day India,25,Book/Print,"(DSN-UK, July 2006, 11)",BI_B227,BI_Ch16_25_Dsn-Uk_No-Escape-Caste-Discrimination,"DSN-UK. ‘No Escape Caste Discrimination’. Survey Report, Dalit Solidarity Network UK, July 2006.",,,,To do,,,,11,https://www.google.com/search?tbm=bks&q=No%20Escape%20Caste%20Discrimination%20Survey%20Report%20Dalit%20Solidarity%20Network%20DSN-UK,[match: author+title]
BI_Ch16_26,Note,16,Chapter 16: British Intervention in Present-day India,26,URL,"(www.hinducounciluk.org, 2007)",BI_B975,BI_Ch16_26_Www_The-Caste-System-Report,"www.hinducounciluk.org. ‘The Caste System: Report’. UK Hindu Council, 2007. http://www.hinducounciluk.org/newsite/report/hcuk_thecastsystemreport. pdf (accessed 30 January 2009).",http://www.hinducounciluk.org | http://www.hinducounciluk.org/newsite/report/hcuk_thecastsystemreport,,,On OneDrive,,BI_B975_Www_The-Caste-System-Report_hinducounciluk-org.pdf,https://1drv.ms/b/c/ACD215A5F926CFCE/IQBNlpPqhf4RRKSObT_npsYvAX7DHdSJReMiJEOo2GN65Bo?download=1,,,Page saved as PDF (cover page + copy) from live page on 2026-10-08
BI_Ch16_27,Note,16,Chapter 16: British Intervention in Present-day India,27,Book/Print,"(DSN-UK, 23 March 2007)",BI_B229,BI_Ch16_27_Dsn-Uk_Press-Release,DSN-UK. ‘Press Release’. 23 March 2007.,,,,To do,,,,,https://www.google.com/search?tbm=bks&q=Press%20Release%2023%20March%202007%20DSN-UK,
BI_Ch16_28,Note,16,Chapter 16: British Intervention in Present-day India,28,Book/Print,"(DSN-UK, 23 March 2007)",BI_B229,BI_Ch16_28_Dsn-Uk_Press-Release,DSN-UK. ‘Press Release’. 23 March 2007.,,,,To do,,,,,https://www.google.com/search?tbm=bks&q=Press%20Release%2023%20March%202007%20DSN-UK,
BI_Ch16_29,Note,16,Chapter 16: British Intervention in Present-day India,29,Unlinked note,(wwv^. tami lnet.com),,BI_Ch16_29,,,,,To do,,,,,,"No source matched: either a comment by the author, or a source to identify by hand"
BI_Ch16_30,Note,16,Chapter 16: British Intervention in Present-day India,30,URL,(www.liberationorg.co.uk),BI_B985,BI_Ch16_30_Www_Liberty-Who-we-are,www.liberationorg.co.uk. ‘Liberty: Who we are’. http://www.liberationorg.co.uk/about%20us%20whoweare.html (accessed 10 January 2009).,http://www.liberationorg.co.uk | http://www.liberationorg.co.uk/about%20us%20whoweare.html,,,On OneDrive,,BI_B985_Www_Liberty-Who-we-are_liberationorg-co-uk.pdf,https://1drv.ms/b/c/ACD215A5F926CFCE/IQDpqB00XEobRpFD_Jw8wnMmAc-AidmG0qLD0yDYNjTLHYM?download=1,,,[match: author only (unique)] | Page saved as PDF (cover page + copy) from live page on 2026-10-08
BI_Ch16_31,Note,16,Chapter 16: British Intervention in Present-day India,31,Book/Print,"Liberty was instrumental in sponsoring to the UN meet a leader from Assamese terrorist organization with Delhi Interpol alert against him. Liberation had sponsored this ULFA leader with two names: one his native ‘Anup Chetia’ and another Christian na me ‘John David Salomar’. (Chose, 2001, 92)",BI_B294,BI_Ch16_31_Chose_Terrorists,"Chose, Arundati. ‘Terrorists, Human Rights and the United Nations’. In Terror and Containment: Perspectives of Indians Internal Security, by Ajai Sahni Kanwar Pal Singh Gill. Cyan Books, 2001.",,,,To do,,,,92,https://www.google.com/search?tbm=bks&q=Terrorists%20Human%20Rights%20and%20the%20United%20Nations%20In%20Terror%20Chose,
BI_Ch16_32,Note,16,Chapter 16: British Intervention in Present-day India,32,URL,"(www.parliamerxt.uk, 2007)",,BI_Ch16_32_parliamerxt-uk,,http://www.parliamerxt.uk,,,To do,,,,,,"No source matched: either a comment by the author, or a source to identify by hand | download failed - live page: Page.goto: net::ERR_NAME_NOT_RESOLVED at http://www.parliamerxt.uk/ | download failed - live page: Page.goto: net::ERR_NAME_NOT_RESOLVED at http://www.parliamerxt.uk/"
BI_Ch16_33,Note,16,Chapter 16: British Intervention in Present-day India,33,URL,"(www.khalistan-affairs.org, 2002)",BI_B984,BI_Ch16_33_Www_KhaIistan-Calling-Newsletter,www.khalistan-affairs.org. KhaIistan Calling Newsletter. 25 September 2002. http://www.khalistan-affairs.org/Main/K_Calling/kc09252002.htm (accessed 30 January 2009).,http://www.khalistan-affairs.org | http://www.khalistan-affairs.org/Main/K_Calling/kc09252002.htm,,,To do,,,,,,download failed - live page: Page.goto: net::ERR_NAME_NOT_RESOLVED at http://www.khalistan-affairs. | download failed - live page: Page.goto: net::ERR_NAME_NOT_RESOLVED at http://www.khalistan-affairs.
BI_Ch16_34,Note,16,Chapter 16: British Intervention in Present-day India,34,Book/Print,"{The Hindu, 16 September 2006)",BI_B814,BI_Ch16_34_The-Hindu_Provide-Quota,"The Hindu. ‘Provide Quota, Dalit Leader Urges British Investors’. News, 16 September 2006.",,,,To do,,,,,https://www.google.com/search?tbm=bks&q=Provide%20Quota%20Dalit%20Leader%20Urges%20British%20Investors%20News%2016%20The%20Hindu,[match: author+title]
BI_Ch16_35,Note,16,Chapter 16: British Intervention in Present-day India,35,URL,"(LISA, 2005:2010)",BI_B468,BI_Ch16_35_London-Institute_2005-2010,— London Institute of South Asia. 2005:2010. http://www.lisauk.com/default. * asp (accessed 10 January 2009).,http://www.lisauk.com/default,,,To do,,,,2010,,download failed - live page: Page.goto: net::ERR_NAME_NOT_RESOLVED at http://www.lisauk.com/default | download failed - live page: Page.goto: net::ERR_NAME_NOT_RESOLVED at http://www.lisauk.com/default
BI_Ch16_36,Note,16,Chapter 16: British Intervention in Present-day India,36,URL,"(LISA, 2005:2010)",BI_B468,BI_Ch16_36_London-Institute_2005-2010,— London Institute of South Asia. 2005:2010. http://www.lisauk.com/default. * asp (accessed 10 January 2009).,http://www.lisauk.com/default,,,To do,,,,2010,,download failed - live page: Page.goto: net::ERR_NAME_NOT_RESOLVED at http://www.lisauk.com/default | download failed - live page: Page.goto: net::ERR_NAME_NOT_RESOLVED at http://www.lisauk.com/default
BI_Ch16_37,Note,16,Chapter 16: British Intervention in Present-day India,37,URL,"(Khalid, 2007) and (Khalid, Musharaff, Beginning to End, 2007)",BI_B432,BI_Ch16_37_Khalid_Musharaff-Beginning-to-End,"Khalid, Usman. ‘Musharaff Beginning to End’. 10 March 2007. http://www.countercurrents.org/pak-khalidl90307.htm (accessed 10 January 2009).",http://www.countercurrents.org/pak-khalid190307.htm,https://web.archive.org/web/20260502161428/https://countercurrents.org/pak-khalid190307.htm,Snapshot found,On OneDrive,,BI_B432_Khalid_Musharaff-Beginning-to-End_countercurrents-org.pdf,https://1drv.ms/b/c/ACD215A5F926CFCE/IQCk4UTqzOqnRqus0Z4GAyCGAQpV9TJmDHnICuCCSkeb2II?download=1,,,[match: author+title] | Web address corrected from the earlier audit (the book's text read: http://www.countercurrents.org/pak-khalidl90307.htm) | Page saved as PDF (cover page + copy) from live page on 2026-10-08
BI_Ch16_38,Note,16,Chapter 16: British Intervention in Present-day India,38,URL,"(Shariff, 2005)",BI_B733,BI_Ch16_38_Shariff_Brighter-Side-of-Hitler-DV-to-Reveal,"Shariff, Iqbal Ahmed. ‘Brighter Side of Hitler: DV to Reveal Facts Suppressed by History’. Dalit Voice. June 2005. http://www.dalitvoice.org/Templates/june2005/ articles.htm (accessed 30 March 2009).",http://www.dalitvoice.org/Templates/june2005/articles.htm,https://web.archive.org/web/20060222060114/https://dalitvoice.org:80/Templates/june2005/articles.htm,Snapshot found,On OneDrive,,BI_B733_Shariff_Brighter-Side-of-Hitler-DV-to-Reveal_dalitvoice-org.pdf,https://1drv.ms/b/c/ACD215A5F926CFCE/IQDCqkx_zGCZTo_wEnr7Ik5CAcXo1sPv7-4WEL54JYIrNR0?download=1,,,Web address corrected from the earlier audit (the book's text read: http://www.dalitvoice.org/Templates/june2005/) | Page saved as PDF (cover page + copy) from Wayback snapshot on 2026-10-08
BI_Ch16_39,Note,16,Chapter 16: British Intervention in Present-day India,39,URL,"Like most conspiracy theories, understanding these connections requires a side trip into very murky territory of Holocaust denial. See, for example, (Sharif, 2006)",BI_B732,BI_Ch16_39_Sharif_Jews-and-Jews-of-India,"Sharif, Iqbal Ahmed. ‘Jews and “Jews” of India’. Dalit Voice. January 2006. http://www. dalitvoice.org/Templates/j an2006/artides.htm (accessed 12 January 2009).",http://www.dalitvoice.org/Templates/jan2006/articles.htm,https://web.archive.org/web/20061207142800/http://www.dalitvoice.org:80/Templates/jan2006/articles.htm,Snapshot found,On OneDrive,,BI_B732_Sharif_Jews-and-Jews-of-India_dalitvoice-org.pdf,https://1drv.ms/b/c/ACD215A5F926CFCE/IQA2AI3BR94PS4uUuhjXaYBbASjt1rNsmFsmO94KGvuhz3c?download=1,,,Web address corrected from the earlier audit (the book's text read: http://www) | Page saved as PDF (cover page + copy) from Wayback snapshot on 2026-10-09
BI_Ch16_40,Note,16,Chapter 16: British Intervention in Present-day India,40,URL,"{Dalit Voice, 2009)",BI_B159,BI_Ch16_40_Dalit-Voice_Chintl-Cautioned-Against-Falling-into-Zionist-Trap,Dalit Voice. ‘Chintl Cautioned Against Falling into Zionist Trap: Dangers of Private Property Rights’. Editorial. 16-30 /^pril 2007. http://www.dalitvoice.org/Templates/april_a2007/editorial.htm (accessed 30 March 2009).,http://www.dalitvoice.org/Templates/april_a2007/editorial.tm,,,To do,,,,,,Also cites: BI_B160 | Web address corrected from the earlier audit (the book's text read: http://www.dalitvoice.org/Templates/april_a2007/editorial.htm) | download failed - live page: web server answered HTTP 403
BI_Ch16_41,Note,16,Chapter 16: British Intervention in Present-day India,41,Book/Print,"(LISA, 2009)",BI_B467,BI_Ch16_41_Lisa_Book-Award-Flyer,LISA. ‘Book Award Flyer ’. 2009.,,,,To do,,,,,https://www.google.com/search?tbm=bks&q=Book%20Award%20Flyer%202009%20LISA,Also cites: BI_B468
BI_Ch16_42,Note,16,Chapter 16: British Intervention in Present-day India,42,URL,"(EPPC, 2002) In 2005 INFEMIT also worked with EPPC on a study of Islamic states contrasting them with the Chrisian west (EPPC, 2005)",BI_B247,BI_Ch16_42_Governance_Ethics-and-Public-Policy-Center,"— ‘Governance, Polity, and Civil Society in Islam and Christianity’. Ethics and Public Policy Center. March 2005. http://www.eppc.org/conferences/eventID.96/conf_detail.asp (accessed 10 January 2009).",http://www.eppc.org/conferences/eventID.96/conf_detail.asp,,,To do,,,,,,Also cites: BI_B249 | download failed - live page: web server answered HTTP 404
BI_Ch16_43,Note,16,Chapter 16: British Intervention in Present-day India,43,URL,"(OCRPL, 2008)",BI_B594,BI_Ch16_43_Oxford-Centre_2008,"— ‘Oxford Centre for Religion and Public Life: About’, www.ocrpl.org. 2008. http://www.ocrpl.org/?page_id=3 (accessed 10 January 2009).",http://www.ocrpl.org/?page_id=3 | http://www.ocrpl.org/?page_id=3,,,To do,,,,,,Web address corrected from the earlier audit (the book's text read: http://www.ocrpl.org) | download failed - live page: web server answered HTTP 404
BI_Ch16_44,Note,16,Chapter 16: British Intervention in Present-day India,44,Book/Print,"Dr Paul Marshall a Fellow of the center and the only one from the United States, is from Hudson Institute, (www.hudson.org) For Hudson Institute’s right-wing stand, See (Reese, 2006, 169)",BI_B686,BI_Ch16_44_Reese_The-Infiuence-of-Right-wing-Think-tanks,"Reese, Ellen. ‘The Infiuence of Right-wing Think tanks and the Christian Right on Welfare Reform’. In The Promise of Welfare Reform: Political Rhetoric and the Reality of Poverty in the Twenty-first Century , by Keith Michae Kilty and Elizabeth A Segal. Haworth Press, 2006.",,,,To do,,,,169,https://www.google.com/search?tbm=bks&q=The%20Infiuence%20of%20Right%20wing%20Think%20tanks%20and%20the%20Reese,
BI_Ch16_45,Note,16,Chapter 16: British Intervention in Present-day India,45,URL,"(OCRPL, 2007)",BI_B593,BI_Ch16_45_Ocrpl_Conference-Reporting-Religious-Controversies,OCRPL. ‘Conference: Reporting Religious Controversies’. Oxford Centre for Religion and Public Life. September 2007. http://www.ocrpl.org/Ppage_id=89 (accessed 12 January 20C9).,http://www.ocrpl.org/?page_id=89,,,To do,,,,,,Web address corrected from the earlier audit (the book's text read: http://www.ocrpl.org/Ppage_id=89) | download failed - live page: web server answered HTTP 404
BI_Ch17_01,Note,17,Chapter 17: Continental European Interventions,1,URL,"(Abdullah, 2001)",BI_B005,BI_Ch17_01_Abdullah_Statement-by-H,"Abdullah, Omar. ‘Statement by H.E. Indian Minister of State for External Affairs, World Conference Against Racism, Racial Discrimination, Xenophobia and Related Intolerance Durban, South Africa’. United Nations Website. 2 September 2001. http://www.un.org/WCAR/statements/indiaE.htm (accessed 19 January 2009).",http://www.un.org/WCAR/statements/indiaE.htm,https://web.archive.org/web/20241001061453/https://www.un.org/WCAR/statements/indiaE.htm,Snapshot found,On OneDrive,,BI_B005_Abdullah_Statement-by-H_un-org.pdf,https://1drv.ms/b/c/ACD215A5F926CFCE/IQBR8une0CJRR4BkfDTx3FGaASwM80OJoWcLJJa83CeBE-U?download=1,,,Page saved as PDF (cover page + copy) from Wayback snapshot on 2026-10-09
BI_Ch17_02,Note,17,Chapter 17: Continental European Interventions,2,URL,"(IDSN, 2009)",BI_B360,BI_Ch17_02_Idsn-Statutes_2009,— IDSN statutes. 2009. http://idsn.org/about-idsn/idsn-statutes/ (accessed 12 January 2010).,http://idsn.org/about-idsn/idsn-statutes/,,,To do,,,,,,Also cites: BI_B362 | download failed - live page: web server answered HTTP 403
BI_Ch17_03,Note,17,Chapter 17: Continental European Interventions,3,Book/Print,"Examples of major funding sources are: Comite Catholique contre la Faim et Pour le Development (Catholic Committee against Hunger and for Development - CCFD), DanChurchAid, Cordaid, ICCO and Christian Aid. (IDSN, 2005, 33)",BI_B357,BI_Ch17_03_Idsn_2005-Report,"IDSN. 2005 Report. Annual Activities Report, International Dalit Solidarity Network, 2005.",,,,To do,,,,33,https://www.google.com/search?tbm=bks&q=2005%20Report%20Annual%20Activities%20Report%20International%20Dalit%20Solidarity%20Network%20IDSN,
BI_Ch17_04,Note,17,Chapter 17: Continental European Interventions,4,URL,"(NCCI, 2006)",BI_B565,BI_Ch17_04_Ncci_Dalit-Task-Force-About,NCCI. Dalit Task Force: About. 2006. http://nccidalittaskfcrce.com/dalit-task-force/ahout.html ^accessed 10 August 2008).,http://nccidalittaskforce.com/dalit-task-force/about.htm,,,To do,,,,,,"Also cites: BI_B566, BI_B567, BI_B568 | Web address corrected from the earlier audit (the book's text read: http://nccidalittaskfcrce.com/dalit-task-force/ahout.html) | download failed - live page: Page.goto: net::ERR_NAME_NOT_RESOLVED at http://nccidalittaskforce.com"
BI_Ch17_05,Note,17,Chapter 17: Continental European Interventions,5,URL,"(NCCI, 2006)",BI_B565,BI_Ch17_05_Ncci_Dalit-Task-Force-About,NCCI. Dalit Task Force: About. 2006. http://nccidalittaskfcrce.com/dalit-task-force/ahout.html ^accessed 10 August 2008).,http://nccidalittaskforce.com/dalit-task-force/about.htm,,,To do,,,,,,"Also cites: BI_B566, BI_B567, BI_B568 | Web address corrected from the earlier audit (the book's text read: http://nccidalittaskfcrce.com/dalit-task-force/ahout.html) | download failed - live page: Page.goto: net::ERR_NAME_NOT_RESOLVED at http://nccidalittaskforce.com"
BI_Ch17_06,Note,17,Chapter 17: Continental European Interventions,6,URL,(IDSN 2009),BI_B360,BI_Ch17_06_Idsn-Statutes_2009,— IDSN statutes. 2009. http://idsn.org/about-idsn/idsn-statutes/ (accessed 12 January 2010).,http://idsn.org/about-idsn/idsn-statutes/,,,To do,,,,,,Also cites: BI_B362 | download failed - live page: web server answered HTTP 403
BI_Ch17_07,Note,17,Chapter 17: Continental European Interventions,7,URL,"(www.focnou.com, 2007)",BI_B966,BI_Ch17_07_Www_Pax-Romanah-International-Catholic-Movement-for-Intellectual,"www.focnou.com. ‘Pax Romanah ‘International Catholic Movement for Intellectual and Cultural Affairs’, 2007. www.fGcnou.com/blog/200705/ProgramRome2007.pdf (accessed 10 August 2008).",http://www.focnou.com | http://www.fGcnou.com/blog/200705/ProgramRome2007.pdf,,,To do,,,,,,download failed - live page: Page.goto: net::ERR_EMPTY_RESPONSE at http://www.focnou.com/
BI_Ch17_08,Note,17,Chapter 17: Continental European Interventions,8,URL,"(NCCI, 2006)",BI_B565,BI_Ch17_08_Ncci_Dalit-Task-Force-About,NCCI. Dalit Task Force: About. 2006. http://nccidalittaskfcrce.com/dalit-task-force/ahout.html ^accessed 10 August 2008).,http://nccidalittaskforce.com/dalit-task-force/about.htm,,,To do,,,,,,"Also cites: BI_B566, BI_B567, BI_B568 | Web address corrected from the earlier audit (the book's text read: http://nccidalittaskfcrce.com/dalit-task-force/ahout.html) | download failed - live page: Page.goto: net::ERR_NAME_NOT_RESOLVED at http://nccidalittaskforce.com"
BI_Ch17_09,Note,17,Chapter 17: Continental European Interventions,9,Book/Print,"(CIDSE, 1998, 4)",BI_B133,BI_Ch17_09_Cidse_Newsletter-June,"CIDSE. Newsletter: June. Advocacy, International Alliance of Catholic Development Agencies, 1998.",,,,To do,,,,4,https://www.google.com/search?tbm=bks&q=Newsletter%20June%20Advocacy%20International%20Alliance%20of%20Catholic%20Development%20Agencies%20CIDSE,
BI_Ch17_10,Note,17,Chapter 17: Continental European Interventions,10,URL,"For example, Hans Magnusson, as Amnesty’s (Swedish section) co­ coordinator for India, rejects the Indian government’s assertion that the youths in terrorism-infested Kashmir cross over the LOC, as a reason for disappearances. (Kashmir Human Rights website, 2008) Gerard Oonk of IDSN also heads the India Committee of the Netherlands (ICN) which was accused of ‘cyber crime, acts of racist and xenophobic nature and criminal defamation’ and served notice by an Indian court on behalf of an Indian garment factory with which ICN-supported campaigners went for an out of court settlement, (www.indianet.nl, 2007)",BI_B980,BI_Ch17_10_Www_web-report,"www.indianet.nl//www.indianet.nl/a070815.html’. web-report, 2007.",http://www.indianet.nl//www.indianet.nl/a070815.html’,,,To do,,,,,,download failed - live page: Page.goto: net::ERR_NAME_NOT_RESOLVED at http://www.indianet.nl//www.i
BI_Ch17_11,Note,17,Chapter 17: Continental European Interventions,11,URL,"(Wikipedia, 2008) '",BI_B929,BI_Ch17_11_Paul-Diwakar_2008,— Paul Diwakar. 2008. http://en.wikipedia.org/wiki/Paul.Diwakar (accessed 10 August 2009).,http://en.wikipedia.org/wiki/Paul_Diwakar,,,On OneDrive,,BI_B929_Paul-Diwakar_2008_en-wikipedia-org.pdf,https://1drv.ms/b/c/ACD215A5F926CFCE/IQD_QxxQtYBCSawPCinH7TXUAau386Q5nBhX6R15OhqSqzE?download=1,,,Web address corrected from the earlier audit (the book's text read: http://en.wikipedia.org/wiki/Paul.Diwakar) | Page saved as PDF (cover page + copy) from live page on 2026-10-09
BI_Ch17_12,Note,17,Chapter 17: Continental European Interventions,12,Book/Print,"(Thekaekara, 2005)",BI_B850,BI_Ch17_12_Thekaekara_Discrimination-against-Dalits,"Thekaekara, Mari Marcel. ‘Discrimination against Dalits’. The Hindu^ 2 May 2005.",,,,To do,,,,,https://www.google.com/search?tbm=bks&q=Discrimination%20against%20Dalits%20The%20Hindu%202%20May%202005%20Thekaekara,
BI_Ch17_13,Note,17,Chapter 17: Continental European Interventions,13,Book/Print,"(IDSN, 2005, 6)",BI_B357,BI_Ch17_13_Idsn_2005-Report,"IDSN. 2005 Report. Annual Activities Report, International Dalit Solidarity Network, 2005.",,,,To do,,,,6,https://www.google.com/search?tbm=bks&q=2005%20Report%20Annual%20Activities%20Report%20International%20Dalit%20Solidarity%20Network%20IDSN,
BI_Ch17_14,Note,17,Chapter 17: Continental European Interventions,14,URL,"This is the fully accredited evangelical university in Japan offering an undergraduate curriculum in theology (Japan Student Services Organization 2006) from which Yozo Yokota graduated (Project Eleanor, 2004)",BI_B400,BI_Ch17_14_Japan-Student_Tokyo-Christian-University,Japan Student Services Organization. Tokyo Christian University. 2006. http://www.jasso.go.jp/cgi-bin/user/univ_search_result.cgi?<Scunivid=1104&prefecturename:=Chiba (accessed 10 January 2010).,http://www.jasso.go.jp/cgi-bin/user/univ_search_result.cgi?cunivid=1104&prefecturename=Chiba,,,To do,,,,,,"[match: author+title] | Web address corrected from the earlier audit (the book's text read: http://www.jasso.go.jp/cgi-bin/user/univ_search_result.cgi?) | download failed - live page: page is empty or is an error page, not a real copy"
BI_Ch17_15,Note,17,Chapter 17: Continental European Interventions,15,URL,"She was the staff, public relations department, Korean Natlonal Council of Churches (KNCC), and advisor, policy committee of YWCA: (United States Human Rights, 2007).",BI_B893,BI_Ch17_15_United-States_Human-Rights-CounciTDocuments,United States Human Rights. ‘Human Rights CounciTDocuments’. ww'w2. ohchr.org. 2 007. http://wwvz2.ohchr.org/'english/bodies/hrcouncil/docs/7se3sion/A.HRC.7.64__fr.doc (accessed 10 August 2009).,http://wwvz2.ohchr.org/,,,To do,,,,,,[match: author only (unique)] | Earlier audit used a different address: http://www2.ohchr.org/english/bodies/hrcouncil/docs/7session/A.HRC.7.64_fr.doc | download failed - live page: Page.goto: net::ERR_NAME_NOT_RESOLVED at http://wwvz2.ohchr.org/
BI_Ch17_16,Note,17,Chapter 17: Continental European Interventions,16,Book/Print,"(IDSN, 2005, 9)",BI_B357,BI_Ch17_16_Idsn_2005-Report,"IDSN. 2005 Report. Annual Activities Report, International Dalit Solidarity Network, 2005.",,,,To do,,,,9,https://www.google.com/search?tbm=bks&q=2005%20Report%20Annual%20Activities%20Report%20International%20Dalit%20Solidarity%20Network%20IDSN,
BI_Ch17_17,Note,17,Chapter 17: Continental European Interventions,17,Book/Print,"(IDSN, 2006, 6)",BI_B358,BI_Ch17_17_Idsn_Annual-Report,"IDSN. Annual Report. Annual Activities Report, International Dalit Solidarity Network, 2006.",,,,To do,,,,6,https://www.google.com/search?tbm=bks&q=Annual%20Report%20Annual%20Activities%20Report%20International%20Dalit%20Solidarity%20Network%20IDSN,
BI_Ch17_18,Note,17,Chapter 17: Continental European Interventions,18,Book/Print,"(IDSN, 2006, 8)",BI_B358,BI_Ch17_18_Idsn_Annual-Report,"IDSN. Annual Report. Annual Activities Report, International Dalit Solidarity Network, 2006.",,,,To do,,,,8,https://www.google.com/search?tbm=bks&q=Annual%20Report%20Annual%20Activities%20Report%20International%20Dalit%20Solidarity%20Network%20IDSN,
BI_Ch17_19,Note,17,Chapter 17: Continental European Interventions,19,Book/Print,"(IDSN, 2006, 11-12)",BI_B358,BI_Ch17_19_Idsn_Annual-Report,"IDSN. Annual Report. Annual Activities Report, International Dalit Solidarity Network, 2006.",,,,To do,,,,11,https://www.google.com/search?tbm=bks&q=Annual%20Report%20Annual%20Activities%20Report%20International%20Dalit%20Solidarity%20Network%20IDSN,
BI_Ch17_20,Note,17,Chapter 17: Continental European Interventions,20,Book/Print,"(IDSN, 2006, 6)",BI_B358,BI_Ch17_20_Idsn_Annual-Report,"IDSN. Annual Report. Annual Activities Report, International Dalit Solidarity Network, 2006.",,,,To do,,,,6,https://www.google.com/search?tbm=bks&q=Annual%20Report%20Annual%20Activities%20Report%20International%20Dalit%20Solidarity%20Network%20IDSN,
BI_Ch17_21,Note,17,Chapter 17: Continental European Interventions,21,Book/Print,"(IDSN, 2005, 16)",BI_B357,BI_Ch17_21_Idsn_2005-Report,"IDSN. 2005 Report. Annual Activities Report, International Dalit Solidarity Network, 2005.",,,,To do,,,,16,https://www.google.com/search?tbm=bks&q=2005%20Report%20Annual%20Activities%20Report%20International%20Dalit%20Solidarity%20Network%20IDSN,
BI_Ch17_22,Note,17,Chapter 17: Continental European Interventions,22,Book/Print,"(IDSN, 2005, 16)",BI_B357,BI_Ch17_22_Idsn_2005-Report,"IDSN. 2005 Report. Annual Activities Report, International Dalit Solidarity Network, 2005.",,,,To do,,,,16,https://www.google.com/search?tbm=bks&q=2005%20Report%20Annual%20Activities%20Report%20International%20Dalit%20Solidarity%20Network%20IDSN,
BI_Ch17_23,Note,17,Chapter 17: Continental European Interventions,23,Unlinked note,(Wikipedia),,BI_Ch17_23,,,,,To do,,,,,,"No source matched: either a comment by the author, or a source to identify by hand"
BI_Ch17_24,Note,17,Chapter 17: Continental European Interventions,24,Book/Print,"(IDSN 2006, 15)",BI_B358,BI_Ch17_24_Idsn_Annual-Report,"IDSN. Annual Report. Annual Activities Report, International Dalit Solidarity Network, 2006.",,,,To do,,,,15,https://www.google.com/search?tbm=bks&q=Annual%20Report%20Annual%20Activities%20Report%20International%20Dalit%20Solidarity%20Network%20IDSN,
BI_Ch17_25,Note,17,Chapter 17: Continental European Interventions,25,URL,(Wikipedia) and (Wikipedia 2009),BI_B923,BI_Ch17_25_Wikipedia_Entry-on-Universal-S-ociety-f-or,"wikipedia. Entry on Universal S ociety f or the P ropagation of Gospel, http://en.wikipedia.org//viki/USPG (accessed 30 January 2009).",http://en.wikipedia.org/wiki/USPG,https://web.archive.org/web/20251116195509/https://en.wikipedia.org/wiki/USPG,Snapshot found,On OneDrive,,BI_B923_Wikipedia_Entry-on-Universal-S-ociety-f-or_en-wikipedia-org.pdf,https://1drv.ms/b/c/ACD215A5F926CFCE/IQAxPF9_dZ7oRKddM3m4y0vRATZkfWXAqn-oPE9KB1_RCDw?download=1,,,"Also cites: BI_B924, BI_B925, BI_B926, BI_B927, BI_B928, BI_B929, BI_B930 | Web address corrected from the earlier audit (the book's text read: http://en.wikipedia.org//viki/USPG) | Page saved as PDF (cover page + copy) from live page on 2026-10-09"
BI_Ch17_26,Note,17,Chapter 17: Continental European Interventions,26,URL,"(www.europarl.europa.eu, 2006)",BI_B963,BI_Ch17_26_Www_Committee-on-Development,"www.europarl.europa.eu. ‘Committee on Development, The Dalits Rights in India Summary report’. European Parliament: European Union. 18 December 2006. http://www.europarl.europa.eu/cornparl/deve/meetings_hr/20061218/summary.pdf (accessed 12 January 2009).",http://www.europarl.europa.eu | http://www.europarl.europa.eu/cornparl/deve/meetings_hr/20061218/summary.pdf,,,On OneDrive,,BI_B963_Www_Committee-on-Development_europarl-europa-eu.pdf,https://1drv.ms/b/c/ACD215A5F926CFCE/IQBGQcZ9H9v4Qbb3OtFp9YKHARu1_dF5VvD_4xc-a_FQpkY?download=1,,,Also cites: BI_B964 | Page saved as PDF (cover page + copy) from live page on 2026-10-09
BI_Ch17_27,Note,17,Chapter 17: Continental European Interventions,27,Book/Print,"(IDSN, 2006, 20)",BI_B358,BI_Ch17_27_Idsn_Annual-Report,"IDSN. Annual Report. Annual Activities Report, International Dalit Solidarity Network, 2006.",,,,To do,,,,20,https://www.google.com/search?tbm=bks&q=Annual%20Report%20Annual%20Activities%20Report%20International%20Dalit%20Solidarity%20Network%20IDSN,
BI_Ch17_28,Note,17,Chapter 17: Continental European Interventions,28,URL,"(www.europarl.europa.eu, 2006)",BI_B963,BI_Ch17_28_Www_Committee-on-Development,"www.europarl.europa.eu. ‘Committee on Development, The Dalits Rights in India Summary report’. European Parliament: European Union. 18 December 2006. http://www.europarl.europa.eu/cornparl/deve/meetings_hr/20061218/summary.pdf (accessed 12 January 2009).",http://www.europarl.europa.eu | http://www.europarl.europa.eu/cornparl/deve/meetings_hr/20061218/summary.pdf,,,On OneDrive,,BI_B963_Www_Committee-on-Development_europarl-europa-eu.pdf,https://1drv.ms/b/c/ACD215A5F926CFCE/IQBGQcZ9H9v4Qbb3OtFp9YKHARu1_dF5VvD_4xc-a_FQpkY?download=1,,,Also cites: BI_B964 | Page saved as PDF (cover page + copy) from live page on 2026-10-09
BI_Ch17_29,Note,17,Chapter 17: Continental European Interventions,29,Book/Print,"(One World South Asia, 2006)",BI_B604,BI_Ch17_29_One-World_India-Must-Get-Rid-of-Caste-Discrimination,One world South Asia. ‘India Must Get Rid of Caste Discrimination: European Parliament’. 19 December 2006. hrtp://socialjustice.ekduniya.net/Infocus/ document.2006-12-21.7136296971 (accessed 12 January 2009).,,,,To do,,,,,https://www.google.com/search?tbm=bks&q=India%20Must%20Get%20Rid%20of%20Caste%20Discrimination%20European%20Parliament%20One%20world%20South%20Asia,
BI_Ch17_30,Note,17,Chapter 17: Continental European Interventions,30,Book/Print,"(IDSN 2006, 48)",BI_B358,BI_Ch17_30_Idsn_Annual-Report,"IDSN. Annual Report. Annual Activities Report, International Dalit Solidarity Network, 2006.",,,,To do,,,,48,https://www.google.com/search?tbm=bks&q=Annual%20Report%20Annual%20Activities%20Report%20International%20Dalit%20Solidarity%20Network%20IDSN,
BI_Ch17_31,Note,17,Chapter 17: Continental European Interventions,31,Book/Print,"(IDSN, 2006, 24)",BI_B358,BI_Ch17_31_Idsn_Annual-Report,"IDSN. Annual Report. Annual Activities Report, International Dalit Solidarity Network, 2006.",,,,To do,,,,24,https://www.google.com/search?tbm=bks&q=Annual%20Report%20Annual%20Activities%20Report%20International%20Dalit%20Solidarity%20Network%20IDSN,
BI_Ch17_32,Note,17,Chapter 17: Continental European Interventions,32,URL,(Human Rights News.. 2007),BI_B349,BI_Ch17_32_Human-Rights_India-Hidden-Apartheid-of-Discrimination-Against-Dalits,Human Rights News. ‘India: ‘Hidden Apartheid’ of Discrimination Against Dalits’. 13 February 2007. http://www.hrw.org/english/docs/2007/02/13/indial5303.htm (accessed 12 January 2009).,http://www.hrw.org/english/docs/2007/02/13/india15303.htm,,,On OneDrive,,BI_B349_Human-Rights_India-Hidden-Apartheid-of-Discrimination-Against-Dalits_hrw-org.pdf,https://1drv.ms/b/c/ACD215A5F926CFCE/IQBISQA6grWXQ6ZjhfLlbGOHATqaI1E7wNhKbRwm41nRc3s?download=1,,,Web address corrected from the earlier audit (the book's text read: http://www.hrw.org/english/docs/2007/02/13/indial5303.htm) | Page saved as PDF (cover page + copy) from live page on 2026-10-09
BI_Ch17_33,Note,17,Chapter 17: Continental European Interventions,33,URL,"(www.nerve.in, 2007)",BI_B989,BI_Ch17_33_Www_Review-of-Maryland-Dance-Festival,www.narthaki.com. Review of Maryland Dance Festival. 2007. http://www.narthaki.com/info/rev07/rev479.htrnl (accessed 19 September 2009). www.nerve.in. ‘India Slams European Parliament Resolution on Dalitsk February 2007. http://www.nerve.in/news:25350032769 (accessed 10 January 2009).,http://www.narthaki.com | http://www.narthaki.com/info/rev07/rev479.htrnl | http://www.nerve.in | http://www.nerve.in/news:25350032769,,,On OneDrive,,BI_B989_Www_Review-of-Maryland-Dance-Festival_narthaki-com.pdf,https://1drv.ms/b/c/ACD215A5F926CFCE/IQCPa58FG85HS4WBFpVAGMJQASo6Vm36ZS08ANjXIprKk18?download=1,,,[match: same web address] | Page saved as PDF (cover page + copy) from live page on 2026-10-08
BI_Ch17_34,Note,17,Chapter 17: Continental European Interventions,34,URL,"(www.nerve.in, 2007)",BI_B989,BI_Ch17_34_Www_Review-of-Maryland-Dance-Festival,www.narthaki.com. Review of Maryland Dance Festival. 2007. http://www.narthaki.com/info/rev07/rev479.htrnl (accessed 19 September 2009). www.nerve.in. ‘India Slams European Parliament Resolution on Dalitsk February 2007. http://www.nerve.in/news:25350032769 (accessed 10 January 2009).,http://www.narthaki.com | http://www.narthaki.com/info/rev07/rev479.htrnl | http://www.nerve.in | http://www.nerve.in/news:25350032769,,,On OneDrive,,BI_B989_Www_Review-of-Maryland-Dance-Festival_narthaki-com.pdf,https://1drv.ms/b/c/ACD215A5F926CFCE/IQCPa58FG85HS4WBFpVAGMJQASo6Vm36ZS08ANjXIprKk18?download=1,,,[match: same web address] | Page saved as PDF (cover page + copy) from live page on 2026-10-08
BI_Ch17_35,Note,17,Chapter 17: Continental European Interventions,35,Book/Print,"{The Times of India, 3 February2007)",BI_B861,BI_Ch17_35_The-Times_India-slams-European-ruling-on-Dalits,"The Times of India. ‘India slams European ruling on Dalits’. News, 3 February 2007.",,,,To do,,,,,https://www.google.com/search?tbm=bks&q=India%20slams%20European%20ruling%20on%20Dalits%20News%203%20February%20The%20Times%20of%20India,[match: author+title]
BI_Ch17_36,Note,17,Chapter 17: Continental European Interventions,36,URL,"(www.ahrchk.net, 2006)",BI_B947,BI_Ch17_36_Www_Asian-Human-Rights,www.ahrchk.net. ‘Asian Human Rights’. 2006. http://www.ahrchk.net/ua/mainfile.php/2006/1489/ (accessed 10 September 2008).,http://www.ahrchk.net | http://www.ahrchk.net/ua/mainfile.php/2006/1489/,,,To do,,,,,,download failed - live page: Page.goto: net::ERR_NAME_NOT_RESOLVED at http://www.ahrchk.net/
BI_Ch17_37,Note,17,Chapter 17: Continental European Interventions,37,Book/Print,"(DSN-DK, 24 September 2008, 2)",BI_B223,BI_Ch17_37_Dsn-Dk_Report-on-the-Hearing-of-the-Foreign,"DSN-DK. Report on the Hearing of the Foreign Affairs Committee on Dalits and Caste Discrimination at Parliament of Denmark, Christiansborg Palace, 24 September 2008. Atrocit y, Dalit Solidarity Net work-Dcnmark, 24 September 2008.",,,,To do,,,,2,https://www.google.com/search?tbm=bks&q=Report%20on%20the%20Hearing%20of%20the%20Foreign%20Affairs%20Committee%20DSN-DK,
BI_Ch17_38,Note,17,Chapter 17: Continental European Interventions,38,Unlinked note,See Appendix H for further details on the Lutheran Church’s historical and current role in undermining Indian civilization.,,BI_Ch17_38,,,,,To do,,,,,,"No source matched: either a comment by the author, or a source to identify by hand"
BI_Ch17_39,Note,17,Chapter 17: Continental European Interventions,39,URL,"* (Dalit Network, 2008)",BI_B155,BI_Ch17_39_Dalit-Network_Dalit-Network,"Dalit Network, ‘we are not Untouchable’. Dalit Network, Nederland. June 2008. http://www.dalits.nl/pdf/wearenotuntouchable.pdf (accessed 10 January 2009).",http://www.dalits.nl/pdf/wezrenotuntouchable.pdf,,,To do,,,,,,Web address corrected from the earlier audit (the book's text read: http://www.dalits.nl/pdf/wearenotuntouchable.pdf) | download failed - live page: Page.goto: net::ERR_NAME_NOT_RESOLVED at http://www.dalits.nl/pdf/wezr
BI_Ch17_40,Note,17,Chapter 17: Continental European Interventions,40,Book/Print,"(Green: European Free A lliance, 2 008) I t is i nteresting to note here that Michael Cashman, an MEP from the UK, who vehemently supported the European intervention for ending the discrimination against the Dalits stating ‘this barbarism has to end.’ (http://www.neurope.eu/articles/87378.php), also happens to be a vehement opponent of outsourcing of European jobs to developing countries including India. (IANS, 20 February 2004)",BI_B353,BI_Ch17_40_Ians_Stop-British-Firms-from-Moving-Jobs-to,"IANS. ‘Stop British Firms from Moving Jobs to India: MP’. News, London: Indo-Asian News Service, 20 February 2004.",,,,To do,,,,,https://www.google.com/search?tbm=bks&q=Stop%20British%20Firms%20from%20Moving%20Jobs%20to%20India%20MP%20IANS,
BI_Ch17_41,Note,17,Chapter 17: Continental European Interventions,41,URL,(Lutheran World Federation 2009),BI_B478,BI_Ch17_41_Lutheran-World_2009,"Lutheran World Federation, ‘who we Are’. 2009. http://www.latheranworld.org/Who_We_Are/LWF-Welcome.html (accessed 2010).",http://www.lutheranworld.org/Who_We_Are/LWF-Welcome.html,https://web.archive.org/web/20130607012508/http://www.lutheranworld.org:80/Who_We_Are/LWF-Welcome.html,Snapshot found,On OneDrive,,BI_B478_Lutheran-World_2009_lutheranworld-org.pdf,https://1drv.ms/b/c/ACD215A5F926CFCE/IQCpny-4tkjBS4-eUbJTf0ejAQXMbjOSGvcmBKEa6HOfzjI?download=1,,,Web address corrected from the earlier audit (the book's text read: http://www.latheranworld.org/Who_We_Are/LWF-Welcome.html) | Page saved as PDF (cover page + copy) from Wayback snapshot on 2026-10-09
BI_Ch17_42,Note,17,Chapter 17: Continental European Interventions,42,URL,"(WCC, 2009)",BI_B916,BI_Ch17_42_Wcc_Dalits-Inner-Strength-Defeats-Caste-based-Discrimination,WCC. ‘Dalits’ Inner Strength Defeats Caste-based Discrimination’. 15 April 2009. http://www.oikoumene.org/ru/nev/s/nev/s-management/a/rus/article/1634/dalits-inner-strength-de.html?tx_ttnews[cat]=89&cHash=f4db884ddf 15.04.09 (accessed 12 January 2010).,http://www.oikoumene.org/ru/news/news-management/a/rus/article/1634/dalits-inner-strength-de.html?tx_ttnews[cat]=89&cHash=f4db884ddf15.04.09,,,To do,,,,,,"Also cites: BI_B917, BI_B918, BI_B919 | Web address corrected from the earlier audit (the book's text read: http://www.oikoumene.org/ru/nev/s/nev/s-management/a/rus/article/1634/dalits-inner-strength-de.html?tx_ttnews[cat) | download failed - live page: web server answered HTTP 403"
BI_Ch17_43,Note,17,Chapter 17: Continental European Interventions,43,URL,"(WCC, 2009)",BI_B916,BI_Ch17_43_Wcc_Dalits-Inner-Strength-Defeats-Caste-based-Discrimination,WCC. ‘Dalits’ Inner Strength Defeats Caste-based Discrimination’. 15 April 2009. http://www.oikoumene.org/ru/nev/s/nev/s-management/a/rus/article/1634/dalits-inner-strength-de.html?tx_ttnews[cat]=89&cHash=f4db884ddf 15.04.09 (accessed 12 January 2010).,http://www.oikoumene.org/ru/news/news-management/a/rus/article/1634/dalits-inner-strength-de.html?tx_ttnews[cat]=89&cHash=f4db884ddf15.04.09,,,To do,,,,,,"Also cites: BI_B917, BI_B918, BI_B919 | Web address corrected from the earlier audit (the book's text read: http://www.oikoumene.org/ru/nev/s/nev/s-management/a/rus/article/1634/dalits-inner-strength-de.html?tx_ttnews[cat) | download failed - live page: web server answered HTTP 403"
BI_Ch17_44,Note,17,Chapter 17: Continental European Interventions,44,Book/Print,"Col Ved Prakash states that Geneva-based World Council of Churches generates awareness of Naga cause internationally. (V. Prakash 2007, 1945) J.P. Rajkhowa, the former chief secretary of Assam, states that NSCN, a Maoist-Christian insurgency movement, gets ‘financial support from the World Council of Churches’, (Rajkhowa, JR, 2008)",BI_B660,BI_Ch17_44_Rajkhowa_Christian-Conversions-and-North-East-India,"Rajkhowa, J.P. ‘Christian Conversions and North East India’. The Sentinel, 12 May 2008.",,,,To do,,,,1945,https://www.google.com/search?tbm=bks&q=Christian%20Conversions%20and%20North%20East%20India%20The%20Sentinel%2012%20Rajkhowa,[match: author+title]
BI_Ch17_45,Note,17,Chapter 17: Continental European Interventions,45,Book/Print,"(Christianity Today, 21 March 2009)",BI_B131,BI_Ch17_45_Christianity-Today_Ecumenical-Conference-to-Highlight-Plight-of-Dalits,"Christianity Today. ‘Ecumenical Conference to Highlight Plight of Dalits’. News, 21 March 2009.",,,,To do,,,,,https://www.google.com/search?tbm=bks&q=Ecumenical%20Conference%20to%20Highlight%20Plight%20of%20Dalits%20News%2021%20Christianity%20Today,[match: author+title]
BI_Ch17_46,Note,17,Chapter 17: Continental European Interventions,46,Book/Print,"(Global Ecumenical Conference, 21-24 March 2009)",BI_B299,BI_Ch17_46_Global-Ecumenical_Justice-for-Dalits-A-Call-for-Solidarity,"Global Ecumenical Conference. ‘Justice for Dalits - A Call for Solidarity from the Global Church’. Concept paper, 21-24 March 2009.",,,,To do,,,,,https://www.google.com/search?tbm=bks&q=Justice%20for%20Dalits%20A%20Call%20for%20Solidarity%20from%20the%20Global%20Ecumenical%20Conference,
BI_Ch17_47,Note,17,Chapter 17: Continental European Interventions,47,URL,"(www.lutheranworld.org, 2009)",BI_B987,BI_Ch17_47_Www_what-we-do,www.lutheranworld.org. ‘what we do.^’ Lutheran World. March 2009. http://www.lutheranworld.org/What_We_Do/OIahr/Issues_Events/OIAHR-DalitConf0309.concept.pdf (accessed 10 September 2009).,http://www.lutheranworld.org | http://www.lutheranworld.org/What_We_Do/OIahr/Issues_Events/OIAHR-DalitConf0309.concept.pdf,,,On OneDrive,,BI_B987_Www_what-we-do_lutheranworld-org.pdf,https://1drv.ms/b/c/ACD215A5F926CFCE/IQAGqYLMfVsyTrNsy2UysvTmAYhJF_hF5-1YsZKcSHTliGE?download=1,,,Page saved as PDF (cover page + copy) from live page on 2026-10-09
BI_Ch17_48,Note,17,Chapter 17: Continental European Interventions,48,URL,"(WCC, 2009)",BI_B916,BI_Ch17_48_Wcc_Dalits-Inner-Strength-Defeats-Caste-based-Discrimination,WCC. ‘Dalits’ Inner Strength Defeats Caste-based Discrimination’. 15 April 2009. http://www.oikoumene.org/ru/nev/s/nev/s-management/a/rus/article/1634/dalits-inner-strength-de.html?tx_ttnews[cat]=89&cHash=f4db884ddf 15.04.09 (accessed 12 January 2010).,http://www.oikoumene.org/ru/news/news-management/a/rus/article/1634/dalits-inner-strength-de.html?tx_ttnews[cat]=89&cHash=f4db884ddf15.04.09,,,To do,,,,,,"Also cites: BI_B917, BI_B918, BI_B919 | Web address corrected from the earlier audit (the book's text read: http://www.oikoumene.org/ru/nev/s/nev/s-management/a/rus/article/1634/dalits-inner-strength-de.html?tx_ttnews[cat) | download failed - live page: web server answered HTTP 403"
BI_Ch17_49,Note,17,Chapter 17: Continental European Interventions,49,Book/Print,"(The Times of India, 26 April 2009)",BI_B859,BI_Ch17_49_The-Times_Caste-Bias-Can-t-be-Equated-with,"The Times of India. ‘Caste Bias Can’t be Equated with Racism: India’. News, 18 April 2009.",,,,To do,,,,,https://www.google.com/search?tbm=bks&q=Caste%20Bias%20Can%20t%20be%20Equated%20with%20Racism%20India%20The%20Times%20of%20India,"Also cites: BI_B860, BI_B862, BI_B863, BI_B865, BI_B866, BI_B867, BI_B869, BI_B874"
BI_Ch17_50,Note,17,Chapter 17: Continental European Interventions,50,Book/Print,"(IDSN, 2006, 6)",BI_B358,BI_Ch17_50_Idsn_Annual-Report,"IDSN. Annual Report. Annual Activities Report, International Dalit Solidarity Network, 2006.",,,,To do,,,,6,https://www.google.com/search?tbm=bks&q=Annual%20Report%20Annual%20Activities%20Report%20International%20Dalit%20Solidarity%20Network%20IDSN,
BI_Ch17_51,Note,17,Chapter 17: Continental European Interventions,51,URL,"(Merrinews.com, 2008)",BI_B530,BI_Ch17_51_Merrinews_Traumatised-gang-rape-victim-seeks-justice,Merrinews.com. ‘Traumatised gang rape victim seeks justice’. 29 June 2008. http://indianchristians.in/news/content/view/2196/52/.,http://indianchristians.in/news/content/view/2196/52/,,,To do,,,,,,"download failed - live page: page is empty or is an error page, not a real copy"
BI_Ch17_52,Note,17,Chapter 17: Continental European Interventions,52,Book/Print,"(O’Neill, 2003)",BI_B590,BI_Ch17_52_O-Neill_India-s-Untouchables,"O’Neill, Tom. ‘India’s Untouchables’. National Geographic, June 2003.",,,,To do,,,,,https://www.google.com/search?tbm=bks&q=India%20s%20Untouchables%20National%20Geographic%20June%202003%20O%E2%80%99Neill,
BI_Ch17_53,Note,17,Chapter 17: Continental European Interventions,53,Book/Print,For example. The Times of India presented the study with the sensational headline (The Times of India 8 December 2009),BI_B859,BI_Ch17_53_The-Times_Caste-Bias-Can-t-be-Equated-with,"The Times of India. ‘Caste Bias Can’t be Equated with Racism: India’. News, 18 April 2009.",,,,To do,,,,,https://www.google.com/search?tbm=bks&q=Caste%20Bias%20Can%20t%20be%20Equated%20with%20Racism%20India%20The%20Times%20of%20India,"Also cites: BI_B860, BI_B862, BI_B863, BI_B865, BI_B866, BI_B867, BI_B869, BI_B874"
BI_Ch17_54,Note,17,Chapter 17: Continental European Interventions,54,URL,"(kroc.nd.edu, 2008) Also supporting were Dartmouth College at the University of Michigan and Robert F Kennedy Centre for Social Justice and Human Rights, Washington. Both these liberal institutions with genuine concern for human rights issues got roped in, alongside church- based institutions which have a vested interest.",BI_B439,BI_Ch17_54_Kroc_Kroc-Institute-for-International-Peace-Studies-About,kroc.nd.edu. Kroc Institute for International Peace Studies: About us. 2008. http://kroc.nd.edu/aboutus (accessea 2010).,http://kroc.nd.edu/aboutus,,,On OneDrive,,BI_B439_Kroc_Kroc-Institute-for-International-Peace-Studies-About_kroc-nd-edu.pdf,https://1drv.ms/b/c/ACD215A5F926CFCE/IQCHKUnsNAz9TZnn1euXIB0GAbkMQsOHgM-Z4oKstRgFADc?download=1,,,Page saved as PDF (cover page + copy) from live page on 2026-10-09
BI_Ch17_55,Note,17,Chapter 17: Continental European Interventions,55,URL,"In an interview after his return from Durban, Kancha Ilaiah conceded in an interview that while the majority of Dahts were ‘non-Christian’, ‘the leadership of the Dalit caucus’ consisted of Paul Divakar, Ruth Manorama, Jyoti Raj, Martin Macwan - all Church-affiliated personalities and that they have ‘s hown an ability to carve out spaces within the UN bodies for dalit NGOs through the NCDHR’, (Illaiah, 2001)",BI_B372,BI_Ch17_55_Towards-A_Seminar,— ‘Towards a Constructive ‘Globalization’. Seminar (web). 2001. http://www.india-semiEar.com/2001/508/508%20interview.htm (accessed 10 January 2009) .,http://www.india-seminar.com/2001/508/508%20interview.htm,https://web.archive.org/web/20030302091024/https://www.india-seminar.com:80/2001/508/508%2520interview.htm,Snapshot found,On OneDrive,,BI_B372_Towards-A_Seminar_india-seminar-com.pdf,https://1drv.ms/b/c/ACD215A5F926CFCE/IQDNgQO7THwjSYdub_esqr4cAWG1qSeNaQ6mhPYnO9dQTj0?download=1,,,Web address corrected from the earlier audit (the book's text read: http://www.india-semiEar.com/2001/508/508%20interview.htm) | Page saved as PDF (cover page + copy) from live page on 2026-10-09
BI_Ch17_56,Note,17,Chapter 17: Continental European Interventions,56,URL,"(P. Divakar, 2002)",BI_B216,BI_Ch17_56_Divakar_Dalits-Demand-Rights-in-India,"Divakar, Paul. ‘Dalits Demand Rights in India, (The Religion Report - Full Transcript)’. National Radio. 2 October 2002. http://www.abc.net.au/rn/talks/8.30/relrpt/stories/s691166.htm (accessed 10 January 2009).",http://www.abc.net.au/rn/talks/8.30/relrpt/stories/s691166.htm,,,On OneDrive,,BI_B216_Divakar_Dalits-Demand-Rights-in-India_abc-net-au.pdf,https://1drv.ms/b/c/ACD215A5F926CFCE/IQApz47ei2vtTp2BVp7ySU_1Acv1DJ8ZeCRwY9RRAOgClfY?download=1,,,Page saved as PDF (cover page + copy) from live page on 2026-10-09
BI_Ch17_57,Note,17,Chapter 17: Continental European Interventions,57,URL,"(P. Divakar, 2002)",BI_B216,BI_Ch17_57_Divakar_Dalits-Demand-Rights-in-India,"Divakar, Paul. ‘Dalits Demand Rights in India, (The Religion Report - Full Transcript)’. National Radio. 2 October 2002. http://www.abc.net.au/rn/talks/8.30/relrpt/stories/s691166.htm (accessed 10 January 2009).",http://www.abc.net.au/rn/talks/8.30/relrpt/stories/s691166.htm,,,On OneDrive,,BI_B216_Divakar_Dalits-Demand-Rights-in-India_abc-net-au.pdf,https://1drv.ms/b/c/ACD215A5F926CFCE/IQApz47ei2vtTp2BVp7ySU_1Acv1DJ8ZeCRwY9RRAOgClfY?download=1,,,Page saved as PDF (cover page + copy) from live page on 2026-10-09
BI_Ch17_58,Note,17,Chapter 17: Continental European Interventions,58,Book/Print,"(NDTV, 12 November 2006)",BI_B573,BI_Ch17_58_Ndtv_India-s-Reservation-Policy-Unfair-NCDHR,"NDTV. ‘India’s Reservation Policy Unfair: NCDHR’. TV News Report, 12 November 2006.",,,,To do,,,,,https://www.google.com/search?tbm=bks&q=India%20s%20Reservation%20Policy%20Unfair%20NCDHR%20TV%20News%20Report%20NDTV,
BI_Ch17_59,Note,17,Chapter 17: Continental European Interventions,59,Book/Print,"(NDTV, 12 November 2006)",BI_B573,BI_Ch17_59_Ndtv_India-s-Reservation-Policy-Unfair-NCDHR,"NDTV. ‘India’s Reservation Policy Unfair: NCDHR’. TV News Report, 12 November 2006.",,,,To do,,,,,https://www.google.com/search?tbm=bks&q=India%20s%20Reservation%20Policy%20Unfair%20NCDHR%20TV%20News%20Report%20NDTV,
BI_Ch17_60,Note,17,Chapter 17: Continental European Interventions,60,URL,"(www.hrdc.net, 2001)",BI_B976,BI_Ch17_60_Www_Caste-Away-Or-How-the-Dalit-Cause,"www.hrdc.net. ‘Caste Away Or How the Dalit Cause Was Lost in Durban’. Human Rights Features. September 2001, 2001. http://www.hrdc.net/sahrdc/hrfeatures/HRF44.htm (accessed 20 March 2005).",http://www.hrdc.net | http://www.hrdc.net/sahrdc/hrfeatures/HRF44.htm,,,On OneDrive,,BI_B976_Www_Caste-Away-Or-How-the-Dalit-Cause_hrdc-net.pdf,https://1drv.ms/b/c/ACD215A5F926CFCE/IQDUk6GUCu67ToUHiE5nX3TZAZHi5PjILIxPmFM_7NGif7U?download=1,,,Page saved as PDF (cover page + copy) from live page on 2026-10-09
BI_Ch17_61,Note,17,Chapter 17: Continental European Interventions,61,Book/Print,"(NCDHR, 2006)",BI_B570,BI_Ch17_61_Ncdhr_Alternate-report-for-the-Republic-of-India,"NCDHR. ‘Alternate report for the Republic of India to the Committee on the Elimination of Racial Discrimination’. Atrocities, National Council for Dalit Human Rights, 2006.",,,,To do,,,,,https://www.google.com/search?tbm=bks&q=Alternate%20report%20for%20the%20Republic%20of%20India%20to%20the%20NCDHR,
BI_Ch17_62,Note,17,Chapter 17: Continental European Interventions,62,Unlinked note,"Article One, International Convention on the Elimination of All Forms of Racial Discrimination (ICERD)",,BI_Ch17_62,,,,,To do,,,,,,"No source matched: either a comment by the author, or a source to identify by hand"
BI_Ch17_63,Note,17,Chapter 17: Continental European Interventions,63,Book/Print,"(IDSN, 2008)",BI_B361,BI_Ch17_63_Idsn_Joint-NGO-submission-Related-to-India-for,"IDSN. Joint NGO submission Related to India for the first session. Penodic Review, International Dalit Solidarity Network, 2008.",,,,To do,,,,,https://www.google.com/search?tbm=bks&q=Joint%20NGO%20submission%20Related%20to%20India%20for%20the%20first%20IDSN,
BI_Ch17_64,Note,17,Chapter 17: Continental European Interventions,64,URL,http://www.rightlivelihood.org/ruth-manorama.html,,BI_Ch17_64_rightlivelihood-org_ruth-manorama,,http://www.rightlivelihood.org/ruth-manorama.html,,,To do,,,,,,"No source matched: either a comment by the author, or a source to identify by hand | download failed - live page: web server answered HTTP 404"
BI_Ch17_65,Note,17,Chapter 17: Continental European Interventions,65,Book/Print,"An allegation that a mysterious woman having connections with Sri Lankan Tamil groups, negotiating with separatist Tamil Nadu Liberation Army brigand Veerappan, was connected with Ruth Manorama, appeared in a prominent English Newspaper {The Hindu, 17 November 2000) and it was subsequently denied by Manorama {The Hindu, 18 November 2000)",BI_B815,BI_Ch17_65_The-Hindu_Ruth-Manorama-s-Denial,"The Hindu. ‘Ruth Manorama’s Denial’. News, 18 November 2000.",,,,To do,,,,,https://www.google.com/search?tbm=bks&q=Ruth%20Manorama%20s%20Denial%20News%2018%20November%202000%20The%20Hindu,[match: author+title]
BI_Ch17_66,Note,17,Chapter 17: Continental European Interventions,66,URL,"(Associated Press, 2001)",BI_B050,BI_Ch17_66_Associated-Press_Broken-and-at-the-Bottom-of-L,"Associated Press. ‘Broken and at the Bottom of L ife’s Heap’. wcar.a,.rc.net. 31 August 2001. http://wcar.alrc.net/mainfile2.pb.p/News/52/ (accessed 10 January 2009).",http://wcar.alrc.net/mainfile2.php/News/52/,,,To do,,,,,,"Web address corrected from the earlier audit (the book's text read: http://wcar.alrc.net/mainfile2.pb.p/News/52/) | download failed - live page: page is empty or is an error page, not a real copy | download failed - live page: page is empty or is an error page, not a real copy"
BI_Ch17_67,Note,17,Chapter 17: Continental European Interventions,67,URL,"(NCCI, 2006)",BI_B565,BI_Ch17_67_Ncci_Dalit-Task-Force-About,NCCI. Dalit Task Force: About. 2006. http://nccidalittaskfcrce.com/dalit-task-force/ahout.html ^accessed 10 August 2008).,http://nccidalittaskforce.com/dalit-task-force/about.htm,,,To do,,,,,,"Also cites: BI_B566, BI_B567, BI_B568 | Web address corrected from the earlier audit (the book's text read: http://nccidalittaskfcrce.com/dalit-task-force/ahout.html) | download failed - live page: Page.goto: net::ERR_NAME_NOT_RESOLVED at http://nccidalittaskforce.com"
BI_Ch17_68,Note,17,Chapter 17: Continental European Interventions,68,Book/Print,"(Manorama, 18 December 2006, 2-3)",BI_B505,BI_Ch17_68_Manorama_The-Situation-of-Dalit-women-Formerly-Known,"Manorama, Ruth. ‘The Situation of Dalit women - Formerly Known .as Untouchables/Scheduled Castes’. Presented before the Committee on Development of the European Parliament, 18 December 2006.",,,,To do,,,,2,https://www.google.com/search?tbm=bks&q=The%20Situation%20of%20Dalit%20women%20Formerly%20Known%20as%20Untouchables%20Manorama,
BI_Ch17_69,Note,17,Chapter 17: Continental European Interventions,69,Book/Print,"(IDSN 2008, 6)",BI_B361,BI_Ch17_69_Idsn_Joint-NGO-submission-Related-to-India-for,"IDSN. Joint NGO submission Related to India for the first session. Penodic Review, International Dalit Solidarity Network, 2008.",,,,To do,,,,6,https://www.google.com/search?tbm=bks&q=Joint%20NGO%20submission%20Related%20to%20India%20for%20the%20first%20IDSN,
BI_Ch17_70,Note,17,Chapter 17: Continental European Interventions,70,URL,"(WCC, 2009)",BI_B916,BI_Ch17_70_Wcc_Dalits-Inner-Strength-Defeats-Caste-based-Discrimination,WCC. ‘Dalits’ Inner Strength Defeats Caste-based Discrimination’. 15 April 2009. http://www.oikoumene.org/ru/nev/s/nev/s-management/a/rus/article/1634/dalits-inner-strength-de.html?tx_ttnews[cat]=89&cHash=f4db884ddf 15.04.09 (accessed 12 January 2010).,http://www.oikoumene.org/ru/news/news-management/a/rus/article/1634/dalits-inner-strength-de.html?tx_ttnews[cat]=89&cHash=f4db884ddf15.04.09,,,To do,,,,,,"Also cites: BI_B917, BI_B918, BI_B919 | Web address corrected from the earlier audit (the book's text read: http://www.oikoumene.org/ru/nev/s/nev/s-management/a/rus/article/1634/dalits-inner-strength-de.html?tx_ttnews[cat) | download failed - live page: web server answered HTTP 403"
BI_Ch17_71,Note,17,Chapter 17: Continental European Interventions,71,URL,"(Raj, M.C, 2001)",BI_B657,BI_Ch17_71_Raj_Strategics-Practices-Context-of-casteism-Paper-presented,"Raj, M.C. ‘Strategics-Practices: Context of casteism: Paper presented on behalf of REDS at world social forum’. wiL'tv.dalitreds.org. 29 January 2001. http://www.dalitreds.org/articles/world_Social_Forum_Papers.pdf.",http://www.dalitreds.org/articles/world_Social_Forum_Papers.pdf,,,To do,,,,,,download failed - live page: Page.goto: net::ERR_NAME_NOT_RESOLVED at http://www.dalitreds.org/arti
BI_Ch17_72,Note,17,Chapter 17: Continental European Interventions,72,URL,"(Raj, M.C, 2001, 4)",BI_B657,BI_Ch17_72_Raj_Strategics-Practices-Context-of-casteism-Paper-presented,"Raj, M.C. ‘Strategics-Practices: Context of casteism: Paper presented on behalf of REDS at world social forum’. wiL'tv.dalitreds.org. 29 January 2001. http://www.dalitreds.org/articles/world_Social_Forum_Papers.pdf.",http://www.dalitreds.org/articles/world_Social_Forum_Papers.pdf,,,To do,,,,4,,download failed - live page: Page.goto: net::ERR_NAME_NOT_RESOLVED at http://www.dalitreds.org/arti
BI_Ch17_73,Note,17,Chapter 17: Continental European Interventions,73,URL,"(Raj, M.C, 2001, 12, 13)",BI_B657,BI_Ch17_73_Raj_Strategics-Practices-Context-of-casteism-Paper-presented,"Raj, M.C. ‘Strategics-Practices: Context of casteism: Paper presented on behalf of REDS at world social forum’. wiL'tv.dalitreds.org. 29 January 2001. http://www.dalitreds.org/articles/world_Social_Forum_Papers.pdf.",http://www.dalitreds.org/articles/world_Social_Forum_Papers.pdf,,,To do,,,,12,,download failed - live page: Page.goto: net::ERR_NAME_NOT_RESOLVED at http://www.dalitreds.org/arti
BI_Ch17_74,Note,17,Chapter 17: Continental European Interventions,74,URL,"(Raj and Raj, 2008, 9)",BI_B656,BI_Ch17_74_Raj_Speech,"Raj, and Raj. ‘Speech_,.Dalitology.pdf (a condenation of principles set forth in 830 pages book Dalitology’. www.dalitreds.org. 2008. : http://www.dalitreds.org/articles/Speech_Dalitology.pdf) (accessed 29 December 2009).",http://www.dalitreds.org/articles/Speech_Dalitology.pdf | http://www.dalitreds.org/articles/Speech_Dalitology.pdf,,,To do,,,,9,,Web address corrected from the earlier audit (the book's text read: http://www.dalitreds.org) | download failed - live page: Page.goto: net::ERR_NAME_NOT_RESOLVED at http://www.dalitreds.org/arti
BI_Ch17_75,Note,17,Chapter 17: Continental European Interventions,75,URL,"(Raj and Raj, 2008, 9)",BI_B656,BI_Ch17_75_Raj_Speech,"Raj, and Raj. ‘Speech_,.Dalitology.pdf (a condenation of principles set forth in 830 pages book Dalitology’. www.dalitreds.org. 2008. : http://www.dalitreds.org/articles/Speech_Dalitology.pdf) (accessed 29 December 2009).",http://www.dalitreds.org/articles/Speech_Dalitology.pdf | http://www.dalitreds.org/articles/Speech_Dalitology.pdf,,,To do,,,,9,,Web address corrected from the earlier audit (the book's text read: http://www.dalitreds.org) | download failed - live page: Page.goto: net::ERR_NAME_NOT_RESOLVED at http://www.dalitreds.org/arti
BI_Ch17_76,Note,17,Chapter 17: Continental European Interventions,76,URL,"(Raj and Raj, 2008, 10)",BI_B656,BI_Ch17_76_Raj_Speech,"Raj, and Raj. ‘Speech_,.Dalitology.pdf (a condenation of principles set forth in 830 pages book Dalitology’. www.dalitreds.org. 2008. : http://www.dalitreds.org/articles/Speech_Dalitology.pdf) (accessed 29 December 2009).",http://www.dalitreds.org/articles/Speech_Dalitology.pdf | http://www.dalitreds.org/articles/Speech_Dalitology.pdf,,,To do,,,,10,,Web address corrected from the earlier audit (the book's text read: http://www.dalitreds.org) | download failed - live page: Page.goto: net::ERR_NAME_NOT_RESOLVED at http://www.dalitreds.org/arti
BI_Ch17_77,Note,17,Chapter 17: Continental European Interventions,77,URL,"(Raj and Raj, 2008, 10)",BI_B656,BI_Ch17_77_Raj_Speech,"Raj, and Raj. ‘Speech_,.Dalitology.pdf (a condenation of principles set forth in 830 pages book Dalitology’. www.dalitreds.org. 2008. : http://www.dalitreds.org/articles/Speech_Dalitology.pdf) (accessed 29 December 2009).",http://www.dalitreds.org/articles/Speech_Dalitology.pdf | http://www.dalitreds.org/articles/Speech_Dalitology.pdf,,,To do,,,,10,,Web address corrected from the earlier audit (the book's text read: http://www.dalitreds.org) | download failed - live page: Page.goto: net::ERR_NAME_NOT_RESOLVED at http://www.dalitreds.org/arti
BI_Ch17_78,Note,17,Chapter 17: Continental European Interventions,78,URL,"(IIDS, 2008)",BI_B363,BI_Ch17_78_Iids_Academicians-Abroad-Indian-Institute-of-Dalit-Studies,IIDS. ‘Academicians Abroad: Indian Institute of Dalit Studies’. 2008. http://www.dalitstudies.org.in/associates.php ?link=Associates&cMlink=4 (accessed 2009).,http://www.dalitstudies.org.in/associates.php,,,To do,,,,,,"Also cites: BI_B364, BI_B365 | download failed - live page: web server answered HTTP 523"
BI_Ch17_79,Note,17,Chapter 17: Continental European Interventions,79,Book/Print,"(Macwan, 2007, 1)",BI_B481,BI_Ch17_79_Macwan_IIDS-Tive-Year-Journey,"Macwan, Martin C. IIDS: Tive Year Journey, November 2003 - October 2007’. Activities Report, Indian Institute of Dalit Studies, 2007,",,,,To do,,,,1,https://www.google.com/search?tbm=bks&q=IIDS%20Tive%20Year%20Journey%20November%202003%20October%202007%20Activities%20Macwan,
BI_Ch17_80,Note,17,Chapter 17: Continental European Interventions,80,URL,"Including Christian Aid, Cordaid (a Netherlands-based Catholic aid organization. See: (Reuters 2008)), Germancy-based ‘Bread for world’, a Lutheran initiative, and IDSN.",BI_B689,BI_Ch17_80_Reuters_Humanitarian-Organizations,"Reuters. Humanitarian Organizations, 2008. http://www.alertnet.org/db/whowhatwhere/cordaidnl_AF_REC.htm (accessed 2009).",http://www.alertnet.org/db/whowhatwhere/cordaidnl_AF_REC.htm,,,On OneDrive,,BI_B689_Reuters_Humanitarian-Organizations_alertnet-org.pdf,https://1drv.ms/b/c/ACD215A5F926CFCE/IQCZ5y82upQKSbpmWf9uEE_xAR8WUBBlxdjTyBDftJ9LfQk?download=1,,,Page saved as PDF (cover page + copy) from live page on 2026-10-09
BI_Ch17_81,Note,17,Chapter 17: Continental European Interventions,81,Book/Print,"(DSN-UK, 2004-5, 3)",BI_B225,BI_Ch17_81_Dsn-Uk_DSN-UK,"DSN-UK, ‘Annual Report of Dalit Solidarity Netv/ork (UK) for Annual General Meeting, 2003-2004.",,,,To do,,,,,https://www.google.com/search?tbm=bks&q=DSN%20UK%20Annual%20Report%20of%20Dalit%20Solidarity%20Netv%20ork%20DSN-UK,
BI_Ch17_82,Note,17,Chapter 17: Continental European Interventions,82,Book/Print,"(IDSN, 2006, 9)",BI_B358,BI_Ch17_82_Idsn_Annual-Report,"IDSN. Annual Report. Annual Activities Report, International Dalit Solidarity Network, 2006.",,,,To do,,,,9,https://www.google.com/search?tbm=bks&q=Annual%20Report%20Annual%20Activities%20Report%20International%20Dalit%20Solidarity%20Network%20IDSN,
BI_Ch17_83,Note,17,Chapter 17: Continental European Interventions,83,Book/Print,"(IDSN, 2007)",BI_B359,BI_Ch17_83_Idsn_T-Annual-Report,"IDSN. T Annual Report. Activity, International Dalit Solidarity Network, 2007.",,,,To do,,,,,https://www.google.com/search?tbm=bks&q=T%20Annual%20Report%20Activity%20International%20Dalit%20Solidarity%20Network%202007%20IDSN,
BI_Ch17_84,Note,17,Chapter 17: Continental European Interventions,84,Book/Print,"(Macwan, 2007, 39)",BI_B481,BI_Ch17_84_Macwan_IIDS-Tive-Year-Journey,"Macwan, Martin C. IIDS: Tive Year Journey, November 2003 - October 2007’. Activities Report, Indian Institute of Dalit Studies, 2007,",,,,To do,,,,39,https://www.google.com/search?tbm=bks&q=IIDS%20Tive%20Year%20Journey%20November%202003%20October%202007%20Activities%20Macwan,
BI_Ch17_85,Note,17,Chapter 17: Continental European Interventions,85,Unlinked note,"(Macwan, 20C7, 53)",,BI_Ch17_85,,,,,To do,,,,,,"No source matched: either a comment by the author, or a source to identify by hand"
BI_Ch17_86,Note,17,Chapter 17: Continental European Interventions,86,URL,"(IIDS, 2008)",BI_B363,BI_Ch17_86_Iids_Academicians-Abroad-Indian-Institute-of-Dalit-Studies,IIDS. ‘Academicians Abroad: Indian Institute of Dalit Studies’. 2008. http://www.dalitstudies.org.in/associates.php ?link=Associates&cMlink=4 (accessed 2009).,http://www.dalitstudies.org.in/associates.php,,,To do,,,,,,"Also cites: BI_B364, BI_B365 | download failed - live page: web server answered HTTP 523"
BI_Ch17_87,Note,17,Chapter 17: Continental European Interventions,87,Book/Print,"(Macwan and Narula, 2001)",BI_B482,BI_Ch17_87_Macwan_Untouchability,"Macwan, Martin, and Smita Narula. ‘ “Untouchability”; The Economic Exclusion of the Dalits in India’. The International Council on human rights policy. Geneva: 2001.",,,,To do,,,,,https://www.google.com/search?tbm=bks&q=Untouchability%20The%20Economic%20Exclusion%20of%20the%20Dalits%20in%20India%20Macwan,
BI_Ch17_88,Note,17,Chapter 17: Continental European Interventions,88,URL,"(Aloys, 2007)",BI_B019,BI_Ch17_88_Aloys_Congressman-Trent-Franks-Introduces-Resolution-on-Untouchability,"Aloys, Evina. ‘Congressman Trent Franks Introduces Resolution on Untouchability’. 2 May 2007. http://journalchretien.net/spip. php?page=imprimir_articulo&:id_article=103G6 (accessed 10 August 2009).",http://journalchretien.net/spip.php?page=imprimir_articulo&cid_article=10306,,,To do,,,,,,Web address corrected from the earlier audit (the book's text read: http://journalchretien.net/spip) | download failed - live page: web server answered HTTP 404
BI_Ch17_89,Note,17,Chapter 17: Continental European Interventions,89,Book/Print,"(Macwan, 2007, 47)",BI_B481,BI_Ch17_89_Macwan_IIDS-Tive-Year-Journey,"Macwan, Martin C. IIDS: Tive Year Journey, November 2003 - October 2007’. Activities Report, Indian Institute of Dalit Studies, 2007,",,,,To do,,,,47,https://www.google.com/search?tbm=bks&q=IIDS%20Tive%20Year%20Journey%20November%202003%20October%202007%20Activities%20Macwan,
BI_Ch17_90,Note,17,Chapter 17: Continental European Interventions,90,URL,"(IIDS, 2008)",BI_B363,BI_Ch17_90_Iids_Academicians-Abroad-Indian-Institute-of-Dalit-Studies,IIDS. ‘Academicians Abroad: Indian Institute of Dalit Studies’. 2008. http://www.dalitstudies.org.in/associates.php ?link=Associates&cMlink=4 (accessed 2009).,http://www.dalitstudies.org.in/associates.php,,,To do,,,,,,"Also cites: BI_B364, BI_B365 | download failed - live page: web server answered HTTP 523"
BI_Ch17_91,Note,17,Chapter 17: Continental European Interventions,91,URL,"(IIDS, 2008)",BI_B363,BI_Ch17_91_Iids_Academicians-Abroad-Indian-Institute-of-Dalit-Studies,IIDS. ‘Academicians Abroad: Indian Institute of Dalit Studies’. 2008. http://www.dalitstudies.org.in/associates.php ?link=Associates&cMlink=4 (accessed 2009).,http://www.dalitstudies.org.in/associates.php,,,To do,,,,,,"Also cites: BI_B364, BI_B365 | download failed - live page: web server answered HTTP 523"
BI_Ch17_92,Note,17,Chapter 17: Continental European Interventions,92,URL,"(Swedish South Asian Studies Network, 2006)",BI_B766,BI_Ch17_92_Newsletter-66_17-October-2006,— Newsletter-66. 17 October 2006. www.sasnet.lu.se/newsletter66.html (accessed 19 January 2010).,http://www.sasnet.lu.se/newsletter66.html,,,To do,,,,,,Also cites: BI_B767 | download failed - live page: web server answered HTTP 404
BI_Ch17_93,Note,17,Chapter 17: Continental European Interventions,93,Book/Print,"{Business Standard, 4 December 2008)",BI_B104,BI_Ch17_93_Business-Standard_Bringing-Dalit-fury-centrestage-at-home-and,"Business Standard. ‘Bringing Dalit fury centrestage - at home and abroad’. News, 4 December 2008.",,,,To do,,,,,https://www.google.com/search?tbm=bks&q=Bringing%20Dalit%20fury%20centrestage%20at%20home%20and%20abroad%20News%20Business%20Standard,
BI_Ch17_94,Note,17,Chapter 17: Continental European Interventions,94,URL,"(Swedish South Asian Stuoies Network, 2006)",BI_B155,BI_Ch17_94_Dalit-Network_Dalit-Network,"Dalit Network, ‘we are not Untouchable’. Dalit Network, Nederland. June 2008. http://www.dalits.nl/pdf/wearenotuntouchable.pdf (accessed 10 January 2009).",http://www.dalits.nl/pdf/wezrenotuntouchable.pdf,,,To do,,,,,,[match: author only (unique)] | Web address corrected from the earlier audit (the book's text read: http://www.dalits.nl/pdf/wearenotuntouchable.pdf) | download failed - live page: Page.goto: net::ERR_NAME_NOT_RESOLVED at http://www.dalits.nl/pdf/wezr
BI_Ch17_95,Note,17,Chapter 17: Continental European Interventions,95,Book/Print,"(DSN-UK 2006, 7)",BI_B227,BI_Ch17_95_Dsn-Uk_No-Escape-Caste-Discrimination,"DSN-UK. ‘No Escape Caste Discrimination’. Survey Report, Dalit Solidarity Network UK, July 2006.",,,,To do,,,,7,https://www.google.com/search?tbm=bks&q=No%20Escape%20Caste%20Discrimination%20Survey%20Report%20Dalit%20Solidarity%20Network%20DSN-UK,Also cites: BI_B228
BI_Ch17_96,Note,17,Chapter 17: Continental European Interventions,96,URL,"(IIDS, 2008)",BI_B363,BI_Ch17_96_Iids_Academicians-Abroad-Indian-Institute-of-Dalit-Studies,IIDS. ‘Academicians Abroad: Indian Institute of Dalit Studies’. 2008. http://www.dalitstudies.org.in/associates.php ?link=Associates&cMlink=4 (accessed 2009).,http://www.dalitstudies.org.in/associates.php,,,To do,,,,,,"Also cites: BI_B364, BI_B365 | download failed - live page: web server answered HTTP 523"
BI_Ch17_97,Note,17,Chapter 17: Continental European Interventions,97,URL,"(Swedish South Asian Studies Network, 2007)",BI_B763,BI_Ch17_97_Swedish-South_Department-of-Social-work,"Swedish South Asian Studies Network. Department of Social work, Stockholm University. 2007. http://www.sasnet.lu.se/socworksth.html (accessed 2008).",http://www.sasnet.lu.se/socworksth.html,,,To do,,,,,,"Also cites: BI_B764, BI_B765 | download failed - live page: web server answered HTTP 404"
BI_Ch17_98,Note,17,Chapter 17: Continental European Interventions,98,URL,"(Swedish South Asian Studies Network, 2007)",BI_B763,BI_Ch17_98_Swedish-South_Department-of-Social-work,"Swedish South Asian Studies Network. Department of Social work, Stockholm University. 2007. http://www.sasnet.lu.se/socworksth.html (accessed 2008).",http://www.sasnet.lu.se/socworksth.html,,,To do,,,,,,"Also cites: BI_B764, BI_B765 | download failed - live page: web server answered HTTP 404"
BI_Ch17_99,Note,17,Chapter 17: Continental European Interventions,99,URL,"(Swedish South Asian Studies Network, 2007)",BI_B763,BI_Ch17_99_Swedish-South_Department-of-Social-work,"Swedish South Asian Studies Network. Department of Social work, Stockholm University. 2007. http://www.sasnet.lu.se/socworksth.html (accessed 2008).",http://www.sasnet.lu.se/socworksth.html,,,To do,,,,,,"Also cites: BI_B764, BI_B765 | download failed - live page: web server answered HTTP 404"
BI_Ch17_100,Note,17,Chapter 17: Continental European Interventions,100,Book/Print,"(Gorringe., 2005, Acknowledgement)",BI_B306,BI_Ch17_100_Gorringe_Untouchable-Citizens-Dalit-Movements-and-Democratization-in,"Gorringe, Hugo. Untouchable Citizens: Dalit Movements and Democratization in Tamil Nadu. SAGE, 2005.",,,,To do,,,,,https://www.google.com/search?tbm=bks&q=Untouchable%20Citizens%20Dalit%20Movements%20and%20Democratization%20in%20Tamil%20Nadu%20Gorringe,
BI_Ch17_101,Note,17,Chapter 17: Continental European Interventions,101,URL,"(DRC, 2009)",BI_B222,BI_Ch17_101_Drc_Dalit-Resource-Centre,DRC. Dalit Resource Centre. 2009. http://drctts.com/DRC_htm/Home.htm (accessed 2010).,http://dretts.com/DRC_htm/Home.htm,,,To do,,,,,,Web address corrected from the earlier audit (the book's text read: http://drctts.com/DRC_htm/Home.htm) | download failed - live page: Page.goto: net::ERR_NAME_NOT_RESOLVED at http://dretts.com/DRC_htm/Hom
BI_Ch17_102,Note,17,Chapter 17: Continental European Interventions,102,URL,"(Student Christian Movement India, 2006-2007)",BI_B753,BI_Ch17_102_Student-Christian_Challenging-Dalit-women-s-Status-Amidst-Economic,Student Christian Movement India. ‘Challenging Dalit women’s Status Amidst Economic Globalization’. 2006-2007. http://www.scmindia.org/eventdetail.php?AID=113 (accessed 10 January 2009).,http://www.scmindia.org/eventdetail.php?AID=113,https://web.archive.org/web/20071102065400/http://www.scmindia.org:80/eventdetail.php?AID=113,Snapshot found,On OneDrive,,BI_B753_Student-Christian_Challenging-Dalit-women-s-Status-Amidst-Economic_scmindia-org.pdf,https://1drv.ms/b/c/ACD215A5F926CFCE/IQCyIgYpqplyRqxHgXnJtlIXARb0HVMcCDj_JhWwhTx96LM?download=1,,,Page saved as PDF (cover page + copy) from Wayback snapshot on 2026-10-09
BI_Ch17_103,Note,17,Chapter 17: Continental European Interventions,103,URL,"(www.gltc.edu, 2005)",BI_B967,BI_Ch17_103_Www_Department-of-Dalit-2-heology-Faculty-Profile,www.gltc.edu. ‘Department of Dalit 2’heology: Faculty Profile’. 2005. http://www.gltc.edu/gurukul/03-academic/academic/faculty/dalit.htm (accessed 10 January 2009).,http://www.gltc.edu | http://www.gltc.edu/gurukul/03-academic/academic/faculty/dalit.htm,,,On OneDrive,,BI_B967_Www_Department-of-Dalit-2-heology-Faculty-Profile_gltc-edu.pdf,https://1drv.ms/b/c/ACD215A5F926CFCE/IQCibp9oCfxVRoqke3K5eQnuAe_Q46UTTbMlEnYH4wsnDUk?download=1,,,Also cites: BI_B970 | Page saved as PDF (cover page + copy) from live page on 2026-10-09
BI_Ch17_104,Note,17,Chapter 17: Continental European Interventions,104,URL,"(nativenet.uthscsa.edu, 2008)",BI_B562,BI_Ch17_104_Nativenet_World-Council-of-Churches-Dalit-Solidarity-Programme,nativenet.uthscsa.edu. ‘World Council of Churches Dalit Solidarity Programme’. 2008. http://nativenet.uthscsa.edu/archive/nl/9208/0074.html (accessed 2008).,http://nativenet.uthscsa.edu/archive/nl/9208/0074.html,,,To do,,,,,,download failed - live page: Page.goto: net::ERR_NAME_NOT_RESOLVED at http://nativenet.uthscsa.edu/
BI_Ch17_105,Note,17,Chapter 17: Continental European Interventions,105,URL,"(www.gltc.edu, 2005)",BI_B967,BI_Ch17_105_Www_Department-of-Dalit-2-heology-Faculty-Profile,www.gltc.edu. ‘Department of Dalit 2’heology: Faculty Profile’. 2005. http://www.gltc.edu/gurukul/03-academic/academic/faculty/dalit.htm (accessed 10 January 2009).,http://www.gltc.edu | http://www.gltc.edu/gurukul/03-academic/academic/faculty/dalit.htm,,,On OneDrive,,BI_B967_Www_Department-of-Dalit-2-heology-Faculty-Profile_gltc-edu.pdf,https://1drv.ms/b/c/ACD215A5F926CFCE/IQCibp9oCfxVRoqke3K5eQnuAe_Q46UTTbMlEnYH4wsnDUk?download=1,,,Also cites: BI_B970 | Page saved as PDF (cover page + copy) from live page on 2026-10-09
BI_Ch17_106,Note,17,Chapter 17: Continental European Interventions,106,Book/Print,"(Adrian Bird, February 2008, 50)",BI_B007,BI_Ch17_106_Adrian-Bird_Thomas,"Adrian Bird, M.M. Thomas. Theological Signposts for the Emergence of Dalit Theology. PhD thesis. University of Edinburgh, February 2008.",,,,To do,,,,50,https://www.google.com/search?tbm=bks&q=Thomas%20Theological%20Signposts%20for%20the%20Emergence%20of%20Dalit%20Theology%20Adrian%20Bird,
BI_Ch17_107,Note,17,Chapter 17: Continental European Interventions,107,Book/Print,"(Asian Lutheran News, 2005)",BI_B046,BI_Ch17_107_Asian-Lutheran_Doctorate-Thesis-of-Dr-Ginda-P,Asian Lutheran News. ‘Doctorate Thesis of Dr Ginda P. Harahap’. New sletter for July/August 2005.,,,,To do,,,,,https://www.google.com/search?tbm=bks&q=Doctorate%20Thesis%20of%20Dr%20Ginda%20P%20Harahap%20New%20sletter%20Asian%20Lutheran%20News,
BI_Ch17_108,Note,17,Chapter 17: Continental European Interventions,108,URL,"(http://www.gltc.edu/, 1998:2008)",BI_B344,BI_Ch17_108_Http-Www_Gurukul-Lutheran-Theological-College-and-Research-Institute,http://www.gltc.edu/. Gurukul Lutheran Theological College and Research Institute. 1998:2008. http://www.gltc.edu/ (accessed 2009).,http://www.gltc.edu/ | http://www.gltc.edu/,,,On OneDrive,,BI_B344_Http-Www_Gurukul-Lutheran-Theological-College-and-Research-Institute_gltc-edu.pdf,https://1drv.ms/b/c/ACD215A5F926CFCE/IQBUTP_fli71S6esLlzf65O7AV-AU2m0g1a7Rwt0K7t9gfE?download=1,2008,,Page saved as PDF (cover page + copy) from live page on 2026-10-09
BI_Ch17_109,Note,17,Chapter 17: Continental European Interventions,109,Book/Print,"See for example: (Jamanadas, K, 2006); (Shariff, 2005); (Sharif, 2006) and (Rajshekar. V.T., 2008)",BI_B399,BI_Ch17_109_Jamanadas_Is-it-possible-to-destroy-Hindutva-without,"Jamanadas, K. ‘Is it possible to destroy Hindutva without harming Hinduism?’ Dalit Voice, January 2006.",,,,To do,,,,,https://www.google.com/search?tbm=bks&q=Is%20it%20possible%20to%20destroy%20Hindutva%20without%20harming%20Hinduism%20Jamanadas,"Also cites: BI_B662, BI_B732, BI_B733"
BI_Ch17_110,Note,17,Chapter 17: Continental European Interventions,110,Book/Print,"(Elliston and Burris, 1995, 182)",BI_B239,BI_Ch17_110_Elliston_Completing-the-Task-Reaching-the-World-for,"Elliston, Edgar J, and Stephen E Burris. Completing the Task: Reaching the World for Christ, College Press, 1995.",,,,To do,,,,182,https://www.google.com/search?tbm=bks&q=Completing%20the%20Task%20Reaching%20the%20World%20for%20Christ%20College%20Elliston,
BI_Ch17_111,Note,17,Chapter 17: Continental European Interventions,111,URL,"(www.gltc.edu, 2004)",BI_B969,BI_Ch17_111_Gurukul-Crenieo_August-2004,— ‘Gurukul-CReNIEO-Finland and Canadian Lutheran Church Extension Programs’. August 2004. http://www.gltc.edu/gurukul/05-projects/index. htm (accessed 10 January 2009).,http://www.gltc.edu/gurukul/05-projects/index.htm,https://web.archive.org/web/20100715185141/http://www.gltc.edu:80/gurukul/05-projects/index.htm,Snapshot found,On OneDrive,,BI_B969_Gurukul-Crenieo_August-2004_gltc-edu.pdf,https://1drv.ms/b/c/ACD215A5F926CFCE/IQDB3Vr_Al3BQYJ6fvWriL-BAafp7TZePUzc4m5QA5C4QRM?download=1,,,Web address corrected from the earlier audit (the book's text read: http://www.gltc.edu/gurukul/05-projects/index) | Page saved as PDF (cover page + copy) from Wayback snapshot on 2026-10-09
BI_Ch17_112,Note,17,Chapter 17: Continental European Interventions,112,URL,"(www.gltc.edu, 2004)",BI_B969,BI_Ch17_112_Gurukul-Crenieo_August-2004,— ‘Gurukul-CReNIEO-Finland and Canadian Lutheran Church Extension Programs’. August 2004. http://www.gltc.edu/gurukul/05-projects/index. htm (accessed 10 January 2009).,http://www.gltc.edu/gurukul/05-projects/index.htm,https://web.archive.org/web/20100715185141/http://www.gltc.edu:80/gurukul/05-projects/index.htm,Snapshot found,On OneDrive,,BI_B969_Gurukul-Crenieo_August-2004_gltc-edu.pdf,https://1drv.ms/b/c/ACD215A5F926CFCE/IQDB3Vr_Al3BQYJ6fvWriL-BAafp7TZePUzc4m5QA5C4QRM?download=1,,,Web address corrected from the earlier audit (the book's text read: http://www.gltc.edu/gurukul/05-projects/index) | Page saved as PDF (cover page + copy) from Wayback snapshot on 2026-10-09
BI_Ch17_113,Note,17,Chapter 17: Continental European Interventions,113,Book/Print,"(Bavinck, 1998)",BI_B063,BI_Ch17_113_Bavinck_A-Matter-of-Maintaining-Peace-State-Accommodation,"Bavinck, Maarten. ‘A Matter of Maintaining Peace: State Accommodation to Subordinate Legal Systems - The Case of Fisheries along the Coromandel Coast of Tamil Nadu, India’ Journal of Legal Pluralism and Unofficial Law, 1998: 151-70.",,,,To do,,,,,https://www.google.com/search?tbm=bks&q=A%20Matter%20of%20Maintaining%20Peace%20State%20Accommodation%20to%20Subordinate%20Bavinck,
BI_Ch17_114,Note,17,Chapter 17: Continental European Interventions,114,URL,"(University of Amsterdam, 2009)",BI_B894,BI_Ch17_114_University-Of_Maarten-Bavinck-appointed-president-of-Commission-on,University of Amsterdam. ‘Maarten Bavinck appointed president of Commission on Legal Pluralism’. 10 December 2009. http://www.fmg.uva.nl/gsss_nevzs/news.cfm/779D8494-1321-B0BE-A469A55284BE8C26 (accessed 20 February 2010).,http://www.fmg.uva.nl/gsss_news/news.cfm/779D8494-1321-B0BE-A469A55284BE8C26,,,On OneDrive,,BI_B894_University-Of_Maarten-Bavinck-appointed-president-of-Commission-on_fmg-uva-nl.pdf,https://1drv.ms/b/c/ACD215A5F926CFCE/IQAUYbB39IcySIhJr1k9SEt_AdrKORRv0dQrr-8iRmMb-4E?download=1,,,Web address corrected from the earlier audit (the book's text read: http://www.fmg.uva.nl/gsss_nevzs/news.cfm/779D8494-1321-B0BE-A469A55284BE8C26) | Page saved as PDF (cover page + copy) from live page on 2026-10-09
BI_Ch17_115,Note,17,Chapter 17: Continental European Interventions,115,Book/Print,"(Subramanian, 2003, 279)",BI_B755,BI_Ch17_115_Subramanian_Mukkuvar-Modernity-Development-as-a-Cultural-Identity,"Subramanian, Ajantha. ‘Mukkuvar Modernity: Development as a Cultural Identity’. In Regional Modernities: T he Cultural Politics of Development in India^ by Sivaramakrishnan, K. and Arun Agrawal. Stanford University Press, 2003.",,,,To do,,,,279,https://www.google.com/search?tbm=bks&q=Mukkuvar%20Modernity%20Development%20as%20a%20Cultural%20Identity%20In%20Regional%20Subramanian,
BI_Ch17_116,Note,17,Chapter 17: Continental European Interventions,116,Book/Print,"(Subramanian, 2003, 280)",BI_B755,BI_Ch17_116_Subramanian_Mukkuvar-Modernity-Development-as-a-Cultural-Identity,"Subramanian, Ajantha. ‘Mukkuvar Modernity: Development as a Cultural Identity’. In Regional Modernities: T he Cultural Politics of Development in India^ by Sivaramakrishnan, K. and Arun Agrawal. Stanford University Press, 2003.",,,,To do,,,,280,https://www.google.com/search?tbm=bks&q=Mukkuvar%20Modernity%20Development%20as%20a%20Cultural%20Identity%20In%20Regional%20Subramanian,
BI_Ch17_117,Note,17,Chapter 17: Continental European Interventions,117,Book/Print,"(Jaffrelot, 2003, 18;",BI_B394,BI_Ch17_117_Jaffrelot_India-s-Silent-Revolution-the-Rise-of,"Jaffrelot, Christophe. India's Silent Revolution the Rise of the Lower Castes in North India. Orient Blackswan, 2003.",,,,To do,,,,18,https://www.google.com/search?tbm=bks&q=India%20s%20Silent%20Revolution%20the%20Rise%20of%20the%20Lower%20Jaffrelot,Also cites: BI_B395
BI_Ch17_118,Note,17,Chapter 17: Continental European Interventions,118,Unlinked note,"(Jaffrelor, 2003. 16-17)",,BI_Ch17_118,,,,,To do,,,,,,"No source matched: either a comment by the author, or a source to identify by hand"
BI_Ch17_119,Note,17,Chapter 17: Continental European Interventions,119,Book/Print,"(M.K. Gandhi, 1921) Here Gandhi also made an explicit reference to his belief in Varnashrama Dharma, which he stated ‘strictly Vedic but not in its presently popular crude sense.’",BI_B282,BI_Ch17_119_Gandhi_Young-India,"Gandhi, Mohandas Karamchand. Young India, 10 June 1921.",,,,To do,,,,,https://www.google.com/search?tbm=bks&q=Young%20India%2010%20June%201921%20Gandhi,
BI_Ch17_120,Note,17,Chapter 17: Continental European Interventions,120,Book/Print,"(Sadasivan., N.S,, 2000, 522-4)",BI_B703,BI_Ch17_120_Sadasivan_A-Social-History-of-India,"Sadasivan, N.S. A Social History of India. APH Publishing, 2000.",,,,To do,,,,522,https://www.google.com/search?tbm=bks&q=A%20Social%20History%20of%20India%20APH%20Publishing%202000%20Sadasivan,
BI_Ch17_121,Note,17,Chapter 17: Continental European Interventions,121,Book/Print,"(Sadasivan, N.S., 2000, 522-4)",BI_B703,BI_Ch17_121_Sadasivan_A-Social-History-of-India,"Sadasivan, N.S. A Social History of India. APH Publishing, 2000.",,,,To do,,,,522,https://www.google.com/search?tbm=bks&q=A%20Social%20History%20of%20India%20APH%20Publishing%202000%20Sadasivan,
BI_Ch17_122,Note,17,Chapter 17: Continental European Interventions,122,Book/Print,"(Jaffrelot, 2003, 155)",BI_B394,BI_Ch17_122_Jaffrelot_India-s-Silent-Revolution-the-Rise-of,"Jaffrelot, Christophe. India's Silent Revolution the Rise of the Lower Castes in North India. Orient Blackswan, 2003.",,,,To do,,,,155,https://www.google.com/search?tbm=bks&q=India%20s%20Silent%20Revolution%20the%20Rise%20of%20the%20Lower%20Jaffrelot,Also cites: BI_B395
BI_Ch17_123,Note,17,Chapter 17: Continental European Interventions,123,Book/Print,"(Jaffrelot, 2003, 153)",BI_B394,BI_Ch17_123_Jaffrelot_India-s-Silent-Revolution-the-Rise-of,"Jaffrelot, Christophe. India's Silent Revolution the Rise of the Lower Castes in North India. Orient Blackswan, 2003.",,,,To do,,,,153,https://www.google.com/search?tbm=bks&q=India%20s%20Silent%20Revolution%20the%20Rise%20of%20the%20Lower%20Jaffrelot,Also cites: BI_B395
BI_Ch17_124,Note,17,Chapter 17: Continental European Interventions,124,URL,"(Jaffrelot, 2001)",BI_B396,BI_Ch17_124_Positive-Discrimination_CEPJ,— ‘ Positive Discrimination and the Transformation of Caste in India’. CEPJ. April 2001. http://www.ceri-sciencespo.com/archive/aprilO l/artcj .pdf (accesse<d 10 January 2008).,http://www.ceri-sciencespo.com/archive/april01/artcj.pdf,,,On OneDrive,,BI_B396_Positive-Discrimination_CEPJ_ceri-sciencespo-com.pdf,https://1drv.ms/b/c/ACD215A5F926CFCE/IQDa6IVnux16QbpWZg9Vw6wBAa8Fq0QpmIWsYtkEmdFWFQA?download=1,,,Web address corrected from the earlier audit (the book's text read: http://www.ceri-sciencespo.com/archive/aprilO) | Page saved as PDF (cover page + copy) from live page on 2026-10-09
BI_Ch17_125,Note,17,Chapter 17: Continental European Interventions,125,Book/Print,"For an example, see: (KudiArasu, 29 August 1937). Despite such open borrowing of Nazi model racism by Dravidian movement under EVR, Jaffrelot finds the Dravidianist movement to be based on the ‘notion of human dignity.’",BI_B440,BI_Ch17_125_Kudiarasu_29-August-1937,KudiArasu. 29 August 1937.,,,,To do,,,,,https://www.google.com/search?tbm=bks&q=29%20August%201937%20KudiArasu,
BI_Ch17_126,Note,17,Chapter 17: Continental European Interventions,126,Book/Print,"(Jaffrelot, 1996, 25)",BI_B397,BI_Ch17_126_The-Hindu_Hurst-c-Co,"— The Hindu Nationalist Movement and Indian Politics: 1925' to the 1990s: Strategies of Identity-Building, Implantation and Mobilisation (with Special Reference to Central India). C. Hurst &c Co. Publishers, 1996.",,,,To do,,,,25,https://www.google.com/search?tbm=bks&q=C%20Hurst%20c%20Co%20Publishers%201996%20%E2%80%94%20The%20Hindu%20Nationalist%20Movement%20and%20Indian%20Politics%3A%201925%27%20to%20the%201990s%3A%20Strategies%20of%20Identity-Building,
BI_Ch17_127,Note,17,Chapter 17: Continental European Interventions,127,Book/Print,"(Jaffrelot, 1996, 55) Here Jaffrelot alleges that Golwalkar claimed influence of Hitler in formulating his early political thought, while this book does not necessarily agree with the politics or modus of operand! of Hindutva movement, the particular allegation has been disproved completely by Belgian Indologist Elst. (Elst, 2001, 2.1-5)",BI_B397,BI_Ch17_127_The-Hindu_Hurst-c-Co,"— The Hindu Nationalist Movement and Indian Politics: 1925' to the 1990s: Strategies of Identity-Building, Implantation and Mobilisation (with Special Reference to Central India). C. Hurst &c Co. Publishers, 1996.",,,,To do,,,,55,https://www.google.com/search?tbm=bks&q=C%20Hurst%20c%20Co%20Publishers%201996%20%E2%80%94%20The%20Hindu%20Nationalist%20Movement%20and%20Indian%20Politics%3A%201925%27%20to%20the%201990s%3A%20Strategies%20of%20Identity-Building,[match: author+title]
BI_Ch17_128,Note,17,Chapter 17: Continental European Interventions,128,Unlinked note,"(New/ York Times, 13 May 2002)",,BI_Ch17_128,,,,,To do,,,,,,"No source matched: either a comment by the author, or a source to identify by hand"
BI_Ch17_129,Note,17,Chapter 17: Continental European Interventions,129,Unlinked note,"(McGann and Weaver, 2002, 162)",,BI_Ch17_129,,,,,To do,,,,,,"No source matched: either a comment by the author, or a source to identify by hand"
BI_Ch17_130,Note,17,Chapter 17: Continental European Interventions,130,Book/Print,"(Omvedt, 2006, 63) In this she includes Arya Samaj, Ramakrishna and Vivekananda, although the fact is that Arya Samaj was definitely anti-caste and some of the earliest Dalit emancipators came from that movement and it was the first institution to use the term Dalit for the upliftment of suppressed castes. Vivekananda attacked upper castes harshly for their inhuman treatment of weaker sections of the society, and Ramakrishna, a Brahmin by birth, broke caste barriers by cleaning the night soil of Dalits and renouncing the holy thread - a caste mark of Brahmins.",BI_B598,BI_Ch17_130_Omvedt_Dalit-Visions-The-Anti-caste-Movement-and,"Omvedt, Gail. Dalit Visions: The Anti-caste Movement and the Construction of an Indian Identity. Oriental Blackswan, 2006.",,,,To do,,,,63,https://www.google.com/search?tbm=bks&q=Dalit%20Visions%20The%20Anti%20caste%20Movement%20and%20the%20Construction%20Omvedt,
BI_Ch17_131,Note,17,Chapter 17: Continental European Interventions,131,Book/Print,"(Omvedt, 2002)",BI_B602,BI_Ch17_131_What-Went_The-Hindu,"— ‘what went Wrong-IP. The Hindu, 9 April 2002.",,,,To do,,,,,https://www.google.com/search?tbm=bks&q=The%20Hindu%209%20April%202002%20%E2%80%94%20%E2%80%98what%20went%20Wrong-IP,
BI_Ch17_132,Note,17,Chapter 17: Continental European Interventions,132,URL,"(Omvedt, 2001)",BI_B599,BI_Ch17_132_The-Dravidian_2001,— ‘The Dravidian Movement’. 2001. http://www.ambedkar.org/gail/Dravidianmovement.htm (accessed 20 January 2009).,http://www.ambedkar.org/gail/Dravidianmovement.htm,https://web.archive.org/web/20260902155336/https://ambedkar.org/gail/Dravidianmovement.htm,Snapshot found,To do,,,,,,"Also cites: BI_B600, BI_B603 | download failed - live page: page is empty or is an error page, not a real copy / Wayback snapshot: page is empty or is an error page, not a real copy"
BI_Ch17_133,Note,17,Chapter 17: Continental European Interventions,133,Book/Print,"(H. Risley, 1892)",BI_B696,BI_Ch17_133_Risley_Tribes-and-Castes-of-Bengal,"Risley, H.H. Tribes and Castes of Bengal. Four Volumes, Bengal Secretariat Press, 1892.",,,,On OneDrive,,BI_B696_Risley_Tribes-and-Castes-of-Bengal.pdf,https://1drv.ms/b/c/ACD215A5F926CFCE/IQAl_4IDvu3xR4Jf5Ikx06msAf-1mOih5yxWtlFwRHvchhw?download=1,,https://www.google.com/search?tbm=bks&q=Tribes%20and%20Castes%20of%20Bengal%20Four%20Volumes%20Bengal%20Secretariat%20Risley,"CAUTION (earlier check): Public domain (pub. 1892, pre-1930). Downloaded Vol. 2 (Ethnographic Glossary) from archive.org; this is a 4-volume work, other volumes not separately downloaded. | AUDIT 2026-10-01: Only Volume 2 is present. Other cited volumes remain missing; full-source status withdrawn. | Carried over from the earlier backup (A683_Risley_1892_Tribes-and-Castes-of-Bengal-Vol2.pdf)"
BI_Ch17_134,Note,17,Chapter 17: Continental European Interventions,134,Book/Print,"(Omvedt, 2003)",BI_B601,BI_Ch17_134_Hindutva-And_The-Hindu,"— ‘Hindutva and Ethnicity’. The Hindu, 25 Februar)' 2003.",,,,To do,,,,,https://www.google.com/search?tbm=bks&q=The%20Hindu%2025%20Februar%202003%20%E2%80%94%20%E2%80%98Hindutva%20and%20Ethnicity%E2%80%99,
BI_Ch17_135,Note,17,Chapter 17: Continental European Interventions,135,URL,"Gail Omvedt attributes Dalit-Dravidianist antagonism to the Hindu nature of the then-popular Dalit leader M.G. Rajah: ‘The major problem of the Dravidian movement remained the difficulty of winning Dalit support ... In Tamil Nadu, it was not the radical Ambedkar but the Hindu Mahasabhaite M.G. Rajah who was the most well-known Dalit leader, and his alienation from the Dravidian movement was the other side of the distancing of the movement itself from dalits.’ (Omvedt, 2006, 62) This is typical of Omvedt’s tactics - attributing negativity to Dalits when they do not fit into her worldview. The reason for Dalit- Dravidianist antagonism was much deeper than M.C. Rajah’s alienation from the Dravidian movement. M. Venkatesan, a young Dalit research scholar, enumerates virulent anti-Dalit statements issued by Dravidian ideologue E.V. Ramasami, and how the Dravidian movement was anti- Dalit from its very inception. In a detailed study (Venkatesan. M, 2004, 138-53), points out that in 1968, when DMK was the ruling party. Communist Party of India organized Dalits against the landlords to raise their daily wages. Subsequently, forty-two Dalits were burned to death by landlords in rural Tamil Nadu. EVR, then the chief ideologue of the Dravidian Movement, condemned the leftists for making Dalits agitate and demanded that the Communist Party should be banned. (Viduthalai, dated 20 January 1969 quoted in (Venkatesan, M., 2004))",BI_B599,BI_Ch17_135_The-Dravidian_2001,— ‘The Dravidian Movement’. 2001. http://www.ambedkar.org/gail/Dravidianmovement.htm (accessed 20 January 2009).,http://www.ambedkar.org/gail/Dravidianmovement.htm,https://web.archive.org/web/20260902155336/https://ambedkar.org/gail/Dravidianmovement.htm,Snapshot found,To do,,,,62,,"[match: author+title] | download failed - live page: page is empty or is an error page, not a real copy / Wayback snapshot: page is empty or is an error page, not a real copy"
BI_Ch17_136,Note,17,Chapter 17: Continental European Interventions,136,URL,"(Omvedt, 2001)",BI_B599,BI_Ch17_136_The-Dravidian_2001,— ‘The Dravidian Movement’. 2001. http://www.ambedkar.org/gail/Dravidianmovement.htm (accessed 20 January 2009).,http://www.ambedkar.org/gail/Dravidianmovement.htm,https://web.archive.org/web/20260902155336/https://ambedkar.org/gail/Dravidianmovement.htm,Snapshot found,To do,,,,,,"Also cites: BI_B600, BI_B603 | download failed - live page: page is empty or is an error page, not a real copy / Wayback snapshot: page is empty or is an error page, not a real copy"
BI_Ch17_137,Note,17,Chapter 17: Continental European Interventions,137,Book/Print,"(Beteille, 2001)",BI_B073,BI_Ch17_137_Beteille_Race-and-caste,"Beteille, Andre. ‘Race and caste’. The Hindu, 10 March 2001.",,,,To do,,,,,https://www.google.com/search?tbm=bks&q=Race%20and%20caste%20The%20Hindu%2010%20March%202001%20Beteille,
BI_Ch17_138,Note,17,Chapter 17: Continental European Interventions,138,URL,"(Omvedt, 2001)",BI_B599,BI_Ch17_138_The-Dravidian_2001,— ‘The Dravidian Movement’. 2001. http://www.ambedkar.org/gail/Dravidianmovement.htm (accessed 20 January 2009).,http://www.ambedkar.org/gail/Dravidianmovement.htm,https://web.archive.org/web/20260902155336/https://ambedkar.org/gail/Dravidianmovement.htm,Snapshot found,To do,,,,,,"Also cites: BI_B600, BI_B603 | download failed - live page: page is empty or is an error page, not a real copy / Wayback snapshot: page is empty or is an error page, not a real copy"
BI_Ch17_139,Note,17,Chapter 17: Continental European Interventions,139,URL,"(Omvedt, 2001)",BI_B599,BI_Ch17_139_The-Dravidian_2001,— ‘The Dravidian Movement’. 2001. http://www.ambedkar.org/gail/Dravidianmovement.htm (accessed 20 January 2009).,http://www.ambedkar.org/gail/Dravidianmovement.htm,https://web.archive.org/web/20260902155336/https://ambedkar.org/gail/Dravidianmovement.htm,Snapshot found,To do,,,,,,"Also cites: BI_B600, BI_B603 | download failed - live page: page is empty or is an error page, not a real copy / Wayback snapshot: page is empty or is an error page, not a real copy"
BI_Ch17_140,Note,17,Chapter 17: Continental European Interventions,140,Book/Print,"(Natrajan, Faolain an<J Philip, 1998)",BI_B563,BI_Ch17_140_Natrajan_SAPs,"Natrajan, Balmurli, Ciaran 6 Faolain, and Kavita Philip. ‘SAPs, Dust, and Hot Air: Gail Omvedt and Liberalization’. Ghadar, November 1998.",,,,To do,,,,,https://www.google.com/search?tbm=bks&q=SAPs%20Dust%20and%20Hot%20Air%20Gail%20Omvedt%20and%20Liberalization%20Natrajan,
BI_Ch17_141,Note,17,Chapter 17: Continental European Interventions,141,Book/Print,"(Macwan, Sukhadeo and Omvedt., 2009) (Rawat Publications, 2002:2009)",BI_B483,BI_Ch17_141_Macwan_Social-Justice-Philanthropy-Approaches-and-Strategies-of,"Macwan, Martin, Thorat Sukhadeo, and Gail Omvedt. Social Justice Philanthropy: Approaches and Strategies of Funding Organizations. Rawat Books, 2009.",,,,To do,,,,2009,https://www.google.com/search?tbm=bks&q=Social%20Justice%20Philanthropy%20Approaches%20and%20Strategies%20of%20Funding%20Organizations%20Macwan,[match: author+title]
BI_Ch17_142,Note,17,Chapter 17: Continental European Interventions,142,URL,"(BosNewsLife, 2006)",BI_B087,BI_Ch17_142_Bosnewslife_BosNewsLife-Christian-Nevzs-Agency-About-Us,BosNewsLife. BosNewsLife Christian Nevzs Agency: About Us. 2006. http://www.bosnewslife.com/about-us (accessed 3 March 2009).,http://www.bosnewslife.com/about-us,https://web.archive.org/web/20260827063603/https://bosnewslife.com/about-us/,Snapshot found,On OneDrive,,BI_B087_Bosnewslife_BosNewsLife-Christian-Nevzs-Agency-About-Us_bosnewslife-com.pdf,https://1drv.ms/b/c/ACD215A5F926CFCE/IQCTvs9xwtkdS55JhCTfoU2CAfj47VYkEoyIuLfmxYAVf-4?download=1,,,Also cites: BI_B088 | Page saved as PDF (cover page + copy) from live page on 2026-10-09
BI_Ch17_143,Note,17,Chapter 17: Continental European Interventions,143,Unlinked note,"This is a topic we will discuss more fully in another chapter. Basically, an old myth has been embroidered into a justification for many questionable Christian projects in India.",,BI_Ch17_143,,,,,To do,,,,,,"No source matched: either a comment by the author, or a source to identify by hand"
BI_Ch17_144,Note,17,Chapter 17: Continental European Interventions,144,URL,"(Arora, 2008)",BI_B037,BI_Ch17_144_Arora_Religion-and-Politics-in-India,"Arora, Vishal. Religion and Politics in India, Oxford Centre for Religious and Public Life. 1 August 2008. http://www.ocrpl.org/?p=260 (accessed September 2009).",http://www.ocrpl.org/?p=260,https://web.archive.org/web/20120222225143/http://www.ocrpl.org/?p=260,Snapshot found,On OneDrive,,BI_B037_Arora_Religion-and-Politics-in-India_ocrpl-org.pdf,https://1drv.ms/b/c/ACD215A5F926CFCE/IQDwgBBvIrotTpFZ1w1UxyUEAYBwi03axtknv8B3LO_LHxM?download=1,,,"Also cites: BI_B038, BI_B039 | Page saved as PDF (cover page + copy) from Wayback snapshot on 2026-10-09"
BI_Ch17_145,Note,17,Chapter 17: Continental European Interventions,145,Book/Print,"{The Times of India, 18 April 2009)",BI_B859,BI_Ch17_145_The-Times_Caste-Bias-Can-t-be-Equated-with,"The Times of India. ‘Caste Bias Can’t be Equated with Racism: India’. News, 18 April 2009.",,,,To do,,,,,https://www.google.com/search?tbm=bks&q=Caste%20Bias%20Can%20t%20be%20Equated%20with%20Racism%20India%20The%20Times%20of%20India,"Also cites: BI_B860, BI_B862, BI_B863, BI_B865, BI_B866, BI_B867, BI_B869, BI_B874"
BI_Ch18_01,Note,18,Chapter 18: India’s Christian Umma,1,Book/Print,"(Thomas, 2008, 125).",BI_B853,BI_Ch18_01_Thomas_Strong-Religion,"Thomas, Pradip Ninan. Strong Religion, Zealous Media: Christian Fundamentalism and Communication in India. New Delhi: Sage , Publications India, 2008.",,,,To do,,,,125,https://www.google.com/search?tbm=bks&q=Strong%20Religion%20Zealous%20Media%20Christian%20Fundamentalism%20and%20Communication%20in%20Thomas,
BI_Ch18_02,Note,18,Chapter 18: India’s Christian Umma,2,Book/Print,"(Thomas, 2008, 122)",BI_B853,BI_Ch18_02_Thomas_Strong-Religion,"Thomas, Pradip Ninan. Strong Religion, Zealous Media: Christian Fundamentalism and Communication in India. New Delhi: Sage , Publications India, 2008.",,,,To do,,,,122,https://www.google.com/search?tbm=bks&q=Strong%20Religion%20Zealous%20Media%20Christian%20Fundamentalism%20and%20Communication%20in%20Thomas,
BI_Ch18_03,Note,18,Chapter 18: India’s Christian Umma,3,Book/Print,"Besides the ones featured below, yet another example of aggressive evangelism from USA is Gospel Fellowship Trust India, USA. Based in Georgia, it explains its annual funding of Rs 2.29 billion to India-based activities as follov/s: To plant another 300 Baptist Churches, start 10 Christian Schools and to establish 3 Bible colleges within the next 10 years. It proudly boasts that it has already planted 156 Grace Baptist churches and converted 20,000 people, ‘we focus our Church planting efforts in two groups - the un-reached people group, living in 500,000 un-reached villages and the poor living in city slums. Churches are planted in the home or vdlage, either through the believer’s personal witness, through gospel crusades or through adult literary centers as people are taught to read using the Bible as the textbook.’ Its website has been removed from the net (http://gospclfellowshipindia.net/flash/gfi.swf). How<wer, the mission statement has been reproduced in many other websites [Hinduism Today, July/August/September 2008). India’s Ministry of Home Affairs has listed this mission as one of the largest receivers of foreign funds. (MHA, 2005-2006)",BI_B533,BI_Ch18_03_Mha_Receipt-of-Foreign-Contribution-by-Voluntary-Associations,"MHA. Receipt of Foreign Contribution by Voluntary Associations, Annual Report. Ministry for home affairs, government of India, 2005-2006.",,,,To do,,,,,https://www.google.com/search?tbm=bks&q=Receipt%20of%20Foreign%20Contribution%20by%20Voluntary%20Associations%20Annual%20Report%20MHA,[match: author+title]
BI_Ch18_04,Note,18,Chapter 18: India’s Christian Umma,4,URL,"(www.vishalmangalwadi.com, 2000:2009)",BI_B1026,BI_Ch18_04_Www_Contact,"www.vishalmangalwadi.com. Contact. 2000:2009. http://wv/w, vishalmangalwadi.com/vkmwebSite/contact.php (accessed 10 January 2009).",http://www.vishalmangalwadi.com | http://wv/w,,,On OneDrive,,BI_B1026_Www_Contact_vishalmangalwadi-com.pdf,https://1drv.ms/b/c/ACD215A5F926CFCE/IQAxqY9GH6hYR4eISSLCU-cBAbbzoWhefAg_B39-ZDbZ2pw?download=1,2009,,"Also cites: BI_B1027, BI_B1028, BI_B1029 | Page saved as PDF (cover page + copy) from live page on 2026-10-09"
BI_Ch18_05,Note,18,Chapter 18: India’s Christian Umma,5,URL,"(www.vishalmangalwadi.com, 2000:2009)",BI_B1026,BI_Ch18_05_Www_Contact,"www.vishalmangalwadi.com. Contact. 2000:2009. http://wv/w, vishalmangalwadi.com/vkmwebSite/contact.php (accessed 10 January 2009).",http://www.vishalmangalwadi.com | http://wv/w,,,On OneDrive,,BI_B1026_Www_Contact_vishalmangalwadi-com.pdf,https://1drv.ms/b/c/ACD215A5F926CFCE/IQAxqY9GH6hYR4eISSLCU-cBAbbzoWhefAg_B39-ZDbZ2pw?download=1,2009,,"Also cites: BI_B1027, BI_B1028, BI_B1029 | Page saved as PDF (cover page + copy) from live page on 2026-10-09"
BI_Ch18_06,Note,18,Chapter 18: India’s Christian Umma,6,Book/Print,"(Mangalwadi, 1998)",BI_B499,BI_Ch18_06_Mangalwadi_Conversations-Vishal-Mangalwadi,"—- ‘Conversations: Vishal Mangalwadi’. Christianity Today, 12 January 1998.",,,,To do,,,,,https://www.google.com/search?tbm=bks&q=Christianity%20Today%2012%20January%201998%20%E2%80%98Conversations%3A%20Vishal%20Mangalwadi%E2%80%99,
BI_Ch18_07,Note,18,Chapter 18: India’s Christian Umma,7,URL,"(Mangalwadi, 2001)",BI_B504,BI_Ch18_07_Yoga-Five_Website-of-Vishal-Mangalwadi,— ‘Yoga: Five ways of Salvation in Hinduism’. Website of Vishal Mangalwadi. 2001. http://www.vishalmangalwadi.com/files/yoga.pdf (accessed 10 January 2009).,http://www.vishalmangalwadi.com/files/yoga.pdf,https://web.archive.org/web/20240622071411/http://www.vishalmangalwadi.com/files/yoga.pdf,Snapshot found,To do,,,,,,"download failed - live page: page is empty or is an error page, not a real copy / Wayback snapshot: page is empty or is an error page, not a real copy"
BI_Ch18_08,Note,18,Chapter 18: India’s Christian Umma,8,URL,"(Mangalwadi, 2001)",BI_B504,BI_Ch18_08_Yoga-Five_Website-of-Vishal-Mangalwadi,— ‘Yoga: Five ways of Salvation in Hinduism’. Website of Vishal Mangalwadi. 2001. http://www.vishalmangalwadi.com/files/yoga.pdf (accessed 10 January 2009).,http://www.vishalmangalwadi.com/files/yoga.pdf,https://web.archive.org/web/20240622071411/http://www.vishalmangalwadi.com/files/yoga.pdf,Snapshot found,To do,,,,,,"download failed - live page: page is empty or is an error page, not a real copy / Wayback snapshot: page is empty or is an error page, not a real copy"
BI_Ch18_09,Note,18,Chapter 18: India’s Christian Umma,9,Unlinked note,"(Mangalwadi, 1977)",,BI_Ch18_09,,,,,To do,,,,,,"No source matched: either a comment by the author, or a source to identify by hand"
BI_Ch18_10,Note,18,Chapter 18: India’s Christian Umma,10,URL,"He solicits funds for hi s missionary activity through BOM International, which is based at Pasadena California, (www.vishalmangalwadi.com, 2000:2009). He also networks with academic centers. For example, his links section show the Maclaurin Institute at the University of Minnesota ‘provides a forum for integrating the Christian faith into the world of academics.’ (www.vishalmangalwadi.com, 2000:2009)",BI_B1027,BI_Ch18_10_Links_2000-2009,— Links. 2000:2009.. http://www.vishalmangalv7adi.com/vkmWebSite/)inks. php (accessed 10 January 2009).,http://www.vishalmangalwadi.com/vkmWebSite/links.php,,,To do,,,,2009,,"[match: author+title] | Web address corrected from the earlier audit (the book's text read: http://www.vishalmangalv7adi.com/vkmWebSite/) | download failed - live page: page is empty or is an error page, not a real copy"
BI_Ch18_11,Note,18,Chapter 18: India’s Christian Umma,11,Book/Print,"(Mangalwadi, 1998)",BI_B499,BI_Ch18_11_Mangalwadi_Conversations-Vishal-Mangalwadi,"—- ‘Conversations: Vishal Mangalwadi’. Christianity Today, 12 January 1998.",,,,To do,,,,,https://www.google.com/search?tbm=bks&q=Christianity%20Today%2012%20January%201998%20%E2%80%98Conversations%3A%20Vishal%20Mangalwadi%E2%80%99,
BI_Ch18_12,Note,18,Chapter 18: India’s Christian Umma,12,URL,"For example: (www.intervarsity.org, 2005)",BI_B981,BI_Ch18_12_Www_Hindus-International-Student-Ministry,www.intervarsity.org. ‘Hindus: International Student Ministry’. 2005. http://www.intervarsity.org/ism/cat/33 (accessed 10 January 2009).,http://www.intervarsity.org | http://www.intervarsity.org/ism/cat/33,,,On OneDrive,,BI_B981_Www_Hindus-International-Student-Ministry_intervarsity-org.pdf,https://1drv.ms/b/c/ACD215A5F926CFCE/IQAvXsjSwd7sRKceqZLj7uGAAS0fDgnTIL64fs7kssb383k?download=1,,,Page saved as PDF (cover page + copy) from live page on 2026-10-09
BI_Ch18_13,Note,18,Chapter 18: India’s Christian Umma,13,URL,"Mangalwadi quoted in (Kuruvachira J., 2002)",BI_B449,BI_Ch18_13_Kuruvachira_Madhav-Sadashiv-Golwalkar-on-Hindu-Rashtra,"Kuruvachira, J. ‘Madhav Sadashiv Golwalkar on Hindu Rashtra, Indian Muslims and Christians’, www.donboscoindia.com. 2002. http://www.donboscoindia.com/english/resourcedownload.php ?pno=l&Ssecid=247 (accessed 13 September 2008).",http://www.donboscoindia.com/english/resourcedownload.php?pno=1&secid=247 | http://www.donboscoindia.com/english/resourcedownload.php,,,To do,,,,,,Web address corrected from the earlier audit (the book's text read: http://www.donboscoindia.com) | download failed - live page: web server answered HTTP 500
BI_Ch18_14,Note,18,Chapter 18: India’s Christian Umma,14,URL,"(Mangalwadi, 2008)",BI_B498,BI_Ch18_14_Mangalwadi_A-Radical-Proposal-for-a-Very-Difficult,"Mangalwadi, Vishal. ‘A Radical Proposal for a Very Difficult Situation in Orissa’, www.vishalmangalwadi.com. 2008. http://www.vishalmangalwadi.com/vkmwebSite/orissa_pioposal.pdf (accessed 10 January 2009).",http://www.vishalmangalwadi.com/vkmWebSite/orissa_proposal.pdf | http://www.vishalmangalwadi.com/vkmwebSite/orissa_pioposal.pdf,https://web.archive.org/web/20210410210014/http://www.vishalmangalwadi.com/vkmWebSite/orissa_proposal.pdf,Snapshot found,On OneDrive,,BI_B498_Mangalwadi_A-Radical-Proposal-for-a-Very-Difficult_vishalmangalwadi-com.pdf,https://1drv.ms/b/c/ACD215A5F926CFCE/IQDPSfshhDSKQ6pPGzMr-20HASaEshM7Jz5tELRS0jhkPR8?download=1,,,"Also cites: BI_B500, BI_B502, BI_B503 | Web address corrected from the earlier audit (the book's text read: http://www.vishalmangalwadi.com) | Page saved as PDF (cover page + copy) from Wayback snapshot on 2026-10-09"
BI_Ch18_15,Note,18,Chapter 18: India’s Christian Umma,15,URL,"(Mangalwadi, 2008)",BI_B498,BI_Ch18_15_Mangalwadi_A-Radical-Proposal-for-a-Very-Difficult,"Mangalwadi, Vishal. ‘A Radical Proposal for a Very Difficult Situation in Orissa’, www.vishalmangalwadi.com. 2008. http://www.vishalmangalwadi.com/vkmwebSite/orissa_pioposal.pdf (accessed 10 January 2009).",http://www.vishalmangalwadi.com/vkmWebSite/orissa_proposal.pdf | http://www.vishalmangalwadi.com/vkmwebSite/orissa_pioposal.pdf,https://web.archive.org/web/20210410210014/http://www.vishalmangalwadi.com/vkmWebSite/orissa_proposal.pdf,Snapshot found,On OneDrive,,BI_B498_Mangalwadi_A-Radical-Proposal-for-a-Very-Difficult_vishalmangalwadi-com.pdf,https://1drv.ms/b/c/ACD215A5F926CFCE/IQDPSfshhDSKQ6pPGzMr-20HASaEshM7Jz5tELRS0jhkPR8?download=1,,,"Also cites: BI_B500, BI_B502, BI_B503 | Web address corrected from the earlier audit (the book's text read: http://www.vishalmangalwadi.com) | Page saved as PDF (cover page + copy) from Wayback snapshot on 2026-10-09"
BI_Ch18_16,Note,18,Chapter 18: India’s Christian Umma,16,URL,"(www.vishalmangalwadi.com, 2000:2009)",BI_B1026,BI_Ch18_16_Www_Contact,"www.vishalmangalwadi.com. Contact. 2000:2009. http://wv/w, vishalmangalwadi.com/vkmwebSite/contact.php (accessed 10 January 2009).",http://www.vishalmangalwadi.com | http://wv/w,,,On OneDrive,,BI_B1026_Www_Contact_vishalmangalwadi-com.pdf,https://1drv.ms/b/c/ACD215A5F926CFCE/IQAxqY9GH6hYR4eISSLCU-cBAbbzoWhefAg_B39-ZDbZ2pw?download=1,2009,,"Also cites: BI_B1027, BI_B1028, BI_B1029 | Page saved as PDF (cover page + copy) from live page on 2026-10-09"
BI_Ch18_17,Note,18,Chapter 18: India’s Christian Umma,17,URL,"(www.rzim.org, 1997:2008)",BI_B1000,BI_Ch18_17_Www_Ravi-Zacharias-International-Ministry,www.rzim.org. Ravi Zacharias International Ministry. 1997:2008. http://www.rzim.org (accessed 2 February 2010).,http://www.rzim.org | http://www.rzim.org,,,To do,,,,2008,,"download failed - live page: page is empty or is an error page, not a real copy"
BI_Ch18_18,Note,18,Chapter 18: India’s Christian Umma,18,Book/Print,"(The Washington Times, 6 December 2008)",BI_B847,BI_Ch18_18_The-Washington_Christian-Worldview-an-Interview-with-Ravi-Zacharias,"The Washington Times. ‘Christian Worldview - an Interview with Ravi Zacharias’. Interview, 6 December 2008.",,,,To do,,,,,https://www.google.com/search?tbm=bks&q=Christian%20Worldview%20an%20Interview%20with%20Ravi%20Zacharias%20Interview%206%20The%20Washington%20Times,
BI_Ch18_19,Note,18,Chapter 18: India’s Christian Umma,19,URL,"(www.cbn.com, 2001)",BI_B953,BI_Ch18_19_What-Makes_February-2001,— ‘What Makes the Christian Message Unique?’ Discussion with Gordon Robertson and Ravi Zacharias. February 2001. http://www.cbn.com/spirituallife/ChurchAndMinistry/Evangelism/What_Makes_the_Christian_Message_Unique.aspx (accessed 10 February 2010).,http://www.cbn.com/spirituallife/ChurchAndMinistry/Evangelism/What_Makes_the_Christian_Message_Unique.aspx,,,On OneDrive,,BI_B953_What-Makes_February-2001_cbn-com.pdf,https://1drv.ms/b/c/ACD215A5F926CFCE/IQAzjJzodOGGSKCaSET56pZkAS6IW-b-ryau_N6Eck4HKO8?download=1,,,Page saved as PDF (cover page + copy) from live page on 2026-10-09
BI_Ch18_20,Note,18,Chapter 18: India’s Christian Umma,20,Book/Print,"(Zacharias and Sawyer, 2006, 48)",BI_B1037,BI_Ch18_20_Zacharias_Walking-from-East-to-West-God-in,"Zacharias, Ravi K, and Scott Sawyer. Walking from East to West: God in the Shadows, Zondervan, 2006.",,,,To do,,,,48,https://www.google.com/search?tbm=bks&q=Walking%20from%20East%20to%20West%20God%20in%20the%20Shadows%20Zacharias,
BI_Ch18_21,Note,18,Chapter 18: India’s Christian Umma,21,Book/Print,"(Zacharias and Sawyer, 2006, 33)",BI_B1037,BI_Ch18_21_Zacharias_Walking-from-East-to-West-God-in,"Zacharias, Ravi K, and Scott Sawyer. Walking from East to West: God in the Shadows, Zondervan, 2006.",,,,To do,,,,33,https://www.google.com/search?tbm=bks&q=Walking%20from%20East%20to%20West%20God%20in%20the%20Shadows%20Zacharias,
BI_Ch18_22,Note,18,Chapter 18: India’s Christian Umma,22,Book/Print,"(Banerjee, 2004)",BI_B055,BI_Ch18_22_Banerjee_Hindu-American-Foundation-Response-to-Inflammatory-Remarks,"Banerjee, Aditi. ‘Hindu American Foundation Response to Inflammatory Remarks by Evangelist Zacarias in India Abroad dated 25 June 2004’. India Abroad, 9 July 2004.",,,,To do,,,,,https://www.google.com/search?tbm=bks&q=Hindu%20American%20Foundation%20Response%20to%20Inflammatory%20Remarks%20by%20Evangelist%20Banerjee,
BI_Ch18_23,Note,18,Chapter 18: India’s Christian Umma,23,URL,"(Time-CNN, 2007)",BI_B856,BI_Ch18_23_Time-Cnn_The-Second-Coming-of-Bobby-JindaP,"Time-CNN. ‘The Second Coming of Bobby JindaP. 4 October 2007. http://www.time.com/fime/politics/article/0,8599,16684 33,00.html (accessed 2 February 2010).","http://www.time.com/fime/politics/article/0,8599,16684",,,To do,,,,,,download failed - live page: web server answered HTTP 404
BI_Ch18_24,Note,18,Chapter 18: India’s Christian Umma,24,Book/Print,"(NCSE, 2010)",BI_B571,BI_Ch18_24_Ncse_NCSE-advises-Louisiana,"NCSE. ‘NCSE advises Louisiana’. January 2010. h‘-tp://ncse.com/news/2010/01/ ncse-advises-louisiana-005271 (accessed February 12, 2010).",,,,To do,,,,,https://www.google.com/search?tbm=bks&q=NCSE%20advises%20Louisiana%20January%202010%20h%20tp%20ncse%20com%20NCSE,
BI_Ch18_25,Note,18,Chapter 18: India’s Christian Umma,25,URL,"http://www.geocities.com/iicmonlineindia. The solicitation letter was sent to various US funding agencies, in November 2005, and is typical of similar efforts that are very common.",,BI_Ch18_25_geocities-com_iicmonlineindia,,http://www.geocities.com/iicmonlineindia,,,On OneDrive,,BI_Ch18_25_geocities-com_iicmonlineindia.pdf,https://1drv.ms/b/c/ACD215A5F926CFCE/IQAlSQqao3ibRLgDJsTnAkoJAfLWrosa5OZZR1iTWl2_e3g?download=1,,,"No source matched: either a comment by the author, or a source to identify by hand | Page saved as PDF (cover page + copy) from live page on 2026-10-09"
BI_Ch18_26,Note,18,Chapter 18: India’s Christian Umma,26,Unlinked note,"For example, one of these organizations ‘International Institute of Church Management’ has in its Course curriculum under the title General Theological/ Bible Courses - 92, a lesson advocating Creationism.",,BI_Ch18_26,,,,,To do,,,,,,"No source matched: either a comment by the author, or a source to identify by hand"
BI_Ch18_27,Note,18,Chapter 18: India’s Christian Umma,27,Book/Print,"(Diamond, 1989, 220-1)",BI_B202,BI_Ch18_27_Diamond_Spiritual-Warfare-The-Politics-of-the-Christian,"Diamond, Sara. Spiritual Warfare: The Politics of the Christian Right. South End Press, 1989.",,,,To do,,,,220,https://www.google.com/search?tbm=bks&q=Spiritual%20Warfare%20The%20Politics%20of%20the%20Christian%20Right%20South%20Diamond,
BI_Ch18_28,Note,18,Chapter 18: India’s Christian Umma,28,URL,http://www.worldvision.in,,BI_Ch18_28_worldvision-in,,http://www.worldvision.in,,,To do,,,,,,"No source matched: either a comment by the author, or a source to identify by hand | download failed - live page: page is empty or is an error page, not a real copy"
BI_Ch18_29,Note,18,Chapter 18: India’s Christian Umma,29,URL,http://worldvision.org/content.nsf/about/hr-requirements,,BI_Ch18_29_worldvision-org_hr-requirements,,http://worldvision.org/content.nsf/about/hr-requirements,,,To do,,,,,,"No source matched: either a comment by the author, or a source to identify by hand | download failed - live page: web server answered HTTP 404"
BI_Ch18_30,Note,18,Chapter 18: India’s Christian Umma,30,Book/Print,"(Bethell, 1984)",BI_B074,BI_Ch18_30_Bethell_The-Cambridge-History-of-Latin-America,"Bethell, Leslie. The Cambridge History of Latin America. Cambridge University Press, 1984.",,,,To do,,,,,https://www.google.com/search?tbm=bks&q=The%20Cambridge%20History%20of%20Latin%20America%20Cambridge%20University%20Press%20Bethell,
BI_Ch18_31,Note,18,Chapter 18: India’s Christian Umma,31,Book/Print,"(Brysk, 2004, 38-9) The term ‘Indian’ in this discussion refers to indigenous native American populations.",BI_B095,BI_Ch18_31_Brysk_Civil-society-to-collective-action-in-resurgent,"Brysk, Alison. ‘Civil society to collective action in resurgent voices in Latin America’. In Indigenous Peoples, Political Mobilization, and Religious Change, by Edward L Cleary and limothy J Steigenga. New Brunswisk, NJ: Rutgers University Press, 2004.",,,,To do,,,,38,https://www.google.com/search?tbm=bks&q=Civil%20society%20to%20collective%20action%20in%20resurgent%20voices%20in%20Brysk,
BI_Ch18_32,Note,18,Chapter 18: India’s Christian Umma,32,Book/Print,"(Diamond, 1989, 222)",BI_B202,BI_Ch18_32_Diamond_Spiritual-Warfare-The-Politics-of-the-Christian,"Diamond, Sara. Spiritual Warfare: The Politics of the Christian Right. South End Press, 1989.",,,,To do,,,,222,https://www.google.com/search?tbm=bks&q=Spiritual%20Warfare%20The%20Politics%20of%20the%20Christian%20Right%20South%20Diamond,
BI_Ch18_33,Note,18,Chapter 18: India’s Christian Umma,33,URL,"Lt Col A.S. Ainarasekera, Manipulative Christian evangelism, URL: Fttp://www.lankaweb.com/news/itemsO 1/081201-2.html",,BI_Ch18_33_lankaweb-com_itemsO,,http://www.lankaweb.com/news/itemsO,,,To do,,,,,,"No source matched: either a comment by the author, or a source to identify by hand | download failed - live page: web server answered HTTP 404"
BI_Ch18_34,Note,18,Chapter 18: India’s Christian Umma,34,URL,http://cricket.deepthi.com/tsunami-world-asian-XI.html,,BI_Ch18_34_cricket-deepthi-com_tsunami-world-asian-XI,,http://cricket.deepthi.com/tsunami-world-asian-XI.html,,,To do,,,,,,"No source matched: either a comment by the author, or a source to identify by hand | download failed - live page: Page.goto: net::ERR_NAME_NOT_RESOLVED at http://cricket.deepthi.com/ts"
BI_Ch18_35,Note,18,Chapter 18: India’s Christian Umma,35,Book/Print,"All sections quoted from (Shashikumar, VK, 2004)",BI_B736,BI_Ch18_35_Shashikumar_Bush-s-ConA-ersion-Agenda-for-India,"Shashikumar, VK. ‘Bush’s ConA'ersion Agenda for India; Preparing for the Harvest’. Tehelka, February 2004.",,,,To do,,,,,https://www.google.com/search?tbm=bks&q=Bush%20s%20ConA%20ersion%20Agenda%20for%20India%20Preparing%20for%20Shashikumar,
BI_Ch18_36,Note,18,Chapter 18: India’s Christian Umma,36,Book/Print,"All sections quoted from this report: (Shashikumar, VK, 2004)",BI_B736,BI_Ch18_36_Shashikumar_Bush-s-ConA-ersion-Agenda-for-India,"Shashikumar, VK. ‘Bush’s ConA'ersion Agenda for India; Preparing for the Harvest’. Tehelka, February 2004.",,,,To do,,,,,https://www.google.com/search?tbm=bks&q=Bush%20s%20ConA%20ersion%20Agenda%20for%20India%20Preparing%20for%20Shashikumar,
BI_Ch18_37,Note,18,Chapter 18: India’s Christian Umma,37,URL,http://www.worldvisionindia.org/P185,,BI_Ch18_37_worldvisionindia-org_P185,,http://www.worldvisionindia.org/P185,,,To do,,,,,,"No source matched: either a comment by the author, or a source to identify by hand | download failed - live page: Page.goto: net::ERR_NAME_NOT_RESOLVED at http://www.worldvisionindia.o"
BI_Ch18_38,Note,18,Chapter 18: India’s Christian Umma,38,URL,"(New England College, 2008)",BI_B575,BI_Ch18_38_New-England_NEC-Announces-Commencement-Speakers,"New England College. ‘NEC Announces Commencement Speakers’. 2008. http://www.nec.edu/news/nec-announces-commencement-speakers (accessed 30 December, 2009).",http://www.nec.edu/news/nec-announces-commencement-speakers,https://web.archive.org/web/20081005152937/http://www.nec.edu:80/news/nec-announces-commencement-speakers,Snapshot found,On OneDrive,,BI_B575_New-England_NEC-Announces-Commencement-Speakers_nec-edu.pdf,https://1drv.ms/b/c/ACD215A5F926CFCE/IQB-OFkiCjePToYPuALY4VNaAV5DkhcTfkV_Wt8QDxWkEUw?download=1,,,Page saved as PDF (cover page + copy) from live page on 2026-10-09
BI_Ch18_39,Note,18,Chapter 18: India’s Christian Umma,39,Book/Print,"(Ahmed, 17 October 2008)",BI_B008,BI_Ch18_39_Ahmed_Cong-MP-Suspected-Behind-VHP-Leader-s,"Ahmed, Farzand. ‘Cong MP Suspected Behind VHP Leader’s Murder’, web report, India Today, 17 October 2008.",,,,To do,,,,,https://www.google.com/search?tbm=bks&q=Cong%20MP%20Suspected%20Behind%20VHP%20Leader%20s%20Murder%20web%20Ahmed,
BI_Ch18_40,Note,18,Chapter 18: India’s Christian Umma,40,Book/Print,"(Rajkhowa, J.R, 2008)",BI_B660,BI_Ch18_40_Rajkhowa_Christian-Conversions-and-North-East-India,"Rajkhowa, J.P. ‘Christian Conversions and North East India’. The Sentinel, 12 May 2008.",,,,To do,,,,,https://www.google.com/search?tbm=bks&q=Christian%20Conversions%20and%20North%20East%20India%20The%20Sentinel%2012%20Rajkhowa,
BI_Ch18_41,Note,18,Chapter 18: India’s Christian Umma,41,Book/Print,"(W.C. Smith, 2009, 193)",BI_B743,BI_Ch18_41_Smith_A-Lover-s-Quarrel-with-the-Evangelical,"Smith, warren Cole. A Lover's Quarrel with the Evangelical Church. Biblica, 2009.",,,,To do,,,,193,https://www.google.com/search?tbm=bks&q=A%20Lover%20s%20Quarrel%20with%20the%20Evangelical%20Church%20Biblica%20Smith,
BI_Ch18_42,Note,18,Chapter 18: India’s Christian Umma,42,Book/Print,"(Phillips, 2006, 134) Criswell changed his stand on segregation later - only after the US Supreme Court ruled out against segregation.",BI_B617,BI_Ch18_42_Phillips_White-Metropolis-Race,"Phillips, Michael. White Metropolis: Race, Ethnicity, and Religion in Dallas, 1841-2001 University of Texas Pre.ss, 2006 .",,,,To do,,,,134,https://www.google.com/search?tbm=bks&q=White%20Metropolis%20Race%20Ethnicity%20and%20Religion%20in%20Dallas%201841%20Phillips,
BI_Ch18_43,Note,18,Chapter 18: India’s Christian Umma,43,Book/Print,"(W.C Smith, 2009)",BI_B743,BI_Ch18_43_Smith_A-Lover-s-Quarrel-with-the-Evangelical,"Smith, warren Cole. A Lover's Quarrel with the Evangelical Church. Biblica, 2009.",,,,To do,,,,,https://www.google.com/search?tbm=bks&q=A%20Lover%20s%20Quarrel%20with%20the%20Evangelical%20Church%20Biblica%20Smith,
BI_Ch18_44,Note,18,Chapter 18: India’s Christian Umma,44,Book/Print,"(Yohannan. K.P., 1986:2004, 109)",BI_B1033,BI_Ch18_44_Yohannan_Revolution-in-World-Missions,"Yohannan, K.P. Revolution in World Missions. Texas: GFA Books, 1986:2004.",,,,To do,,,,2004,https://www.google.com/search?tbm=bks&q=Revolution%20in%20World%20Missions%20Texas%20GFA%20Books%201986%202004%20Yohannan,Also cites: BI_B1034
BI_Ch18_45,Note,18,Chapter 18: India’s Christian Umma,45,Book/Print,"(Yohannan, K.P., 1986:2004, 29)",BI_B1033,BI_Ch18_45_Yohannan_Revolution-in-World-Missions,"Yohannan, K.P. Revolution in World Missions. Texas: GFA Books, 1986:2004.",,,,To do,,,,2004,https://www.google.com/search?tbm=bks&q=Revolution%20in%20World%20Missions%20Texas%20GFA%20Books%201986%202004%20Yohannan,Also cites: BI_B1034
BI_Ch18_46,Note,18,Chapter 18: India’s Christian Umma,46,Book/Print,"(Yohannan, K.P., 1986:2004, 141) This statement of Yohannan, like many others of his is a palpable falsehoo</. For example, the architect of India’s green revolution. Dr M.S. Swaminathan, states that he chooses to be a Hindu because he considers it to be in harmony with science (Swaminathan, M.S., 1982, 9)",BI_B1033,BI_Ch18_46_Yohannan_Revolution-in-World-Missions,"Yohannan, K.P. Revolution in World Missions. Texas: GFA Books, 1986:2004.",,,,To do,,,,2004,https://www.google.com/search?tbm=bks&q=Revolution%20in%20World%20Missions%20Texas%20GFA%20Books%201986%202004%20Yohannan,"Also cites: BI_B1034, BI_B761"
BI_Ch18_47,Note,18,Chapter 18: India’s Christian Umma,47,Book/Print,"(Yohannan, K.P, 1986:2004, 135)",BI_B1033,BI_Ch18_47_Yohannan_Revolution-in-World-Missions,"Yohannan, K.P. Revolution in World Missions. Texas: GFA Books, 1986:2004.",,,,To do,,,,2004,https://www.google.com/search?tbm=bks&q=Revolution%20in%20World%20Missions%20Texas%20GFA%20Books%201986%202004%20Yohannan,Also cites: BI_B1034
BI_Ch18_48,Note,18,Chapter 18: India’s Christian Umma,48,Book/Print,"(Yohannan, K.P., 1986:2004, 138)",BI_B1033,BI_Ch18_48_Yohannan_Revolution-in-World-Missions,"Yohannan, K.P. Revolution in World Missions. Texas: GFA Books, 1986:2004.",,,,To do,,,,2004,https://www.google.com/search?tbm=bks&q=Revolution%20in%20World%20Missions%20Texas%20GFA%20Books%201986%202004%20Yohannan,Also cites: BI_B1034
BI_Ch18_49,Note,18,Chapter 18: India’s Christian Umma,49,Unlinked note,"Interestingly, this fundamentalist and hate-Jhlled worldview is being provided an academic cl othing by academics sponsored by organizations like Dalit Freedom Network. For example, Kancha Ilaiah, who is in the advisory board of DFN, calls Hinduism ‘s j^jirnual fascism’ and traces all social problems of India to Hinduism. The connecting thread between theology of GFA and thesis of Kancha Ilaiah is through DFN, which sponsors Ilaiah and as Operation Mobilization endorses GFA.",,BI_Ch18_49,,,,,To do,,,,,,"No source matched: either a comment by the author, or a source to identify by hand"
BI_Ch18_50,Note,18,Chapter 18: India’s Christian Umma,50,Unlinked note,"(Eternity, Biz, 2010)",,BI_Ch18_50,,,,,To do,,,,,,"No source matched: either a comment by the author, or a source to identify by hand"
BI_Ch18_51,Note,18,Chapter 18: India’s Christian Umma,51,URL,"(GFA, 1996:2009), Another endorsement comes from Jospeh D’Souza, who runs the US-based Dalit Freedom Network (DFN).",BI_B152,BI_Ch18_51_D-Souza_2003-2010,"D’souza, Joseph, who Told Us that Gandhi Ended the Caste System in India? (Product Description). 2003:2010. http://www.dalitnetwork.org/go?/dfn/resources (accessed 10 January 2009).",http://www.dalitnetwork.org/go?/dfn/resources,https://web.archive.org/web/20081219192155/http://www.dalitnetwork.org:80/go?/dfn/resources,Snapshot found,On OneDrive,,BI_B152_D-Souza_2003-2010_dalitnetwork-org.pdf,https://1drv.ms/b/c/ACD215A5F926CFCE/IQDTdUXqxCjOSZ72C9GkqpIHAfcA84RN9MZQKtKL-6gIqUE?download=1,2009,,"Also cites: BI_B194, BI_B196, BI_B197, BI_B198, BI_B288, BI_B289, BI_B290, BI_B291, BI_B292, BI_B293 | Page saved as PDF (cover page + copy) from Wayback snapshot on 2026-10-08"
BI_Ch18_52,Note,18,Chapter 18: India’s Christian Umma,52,Book/Print,"(Bergunder, 2008, 54)",BI_B071,BI_Ch18_52_The-South_Wm,"— The South Indian Pentecostal Movement in the Twentieth Century. Wm, B. Eerdmans Publishing, 2008.",,,,To do,,,,54,https://www.google.com/search?tbm=bks&q=Wm%20B%20Eerdmans%20Publishing%202008%20%E2%80%94%20The%20South%20Indian%20Pentecostal%20Movement%20in%20the%20Twentieth%20Century,
BI_Ch18_53,Note,18,Chapter 18: India’s Christian Umma,53,Book/Print,"(Thomas, 2008, 106)",BI_B853,BI_Ch18_53_Thomas_Strong-Religion,"Thomas, Pradip Ninan. Strong Religion, Zealous Media: Christian Fundamentalism and Communication in India. New Delhi: Sage , Publications India, 2008.",,,,To do,,,,106,https://www.google.com/search?tbm=bks&q=Strong%20Religion%20Zealous%20Media%20Christian%20Fundamentalism%20and%20Communication%20in%20Thomas,
BI_Ch18_54,Note,18,Chapter 18: India’s Christian Umma,54,Unlinked note,"(Ministry, watch 2008)",,BI_Ch18_54,,,,,To do,,,,,,"No source matched: either a comment by the author, or a source to identify by hand"
BI_Ch18_55,Note,18,Chapter 18: India’s Christian Umma,55,URL,"(www.ad2000.org, 1997)",BI_B946,BI_Ch18_55_Www_Mission-Executives-Challenged-to-Cooperate-in-Reaching,www.ad2000.org. ‘Mission Executives Challenged to Cooperate in Reaching the Unreached Peoples’. 1997. http://www.ad2000.org/gcowe97/upd703ml. htm (accessed 12 January 2009).,http://www.ad2000.org | http://www.ad2000.org/gcowe97/upd703ml,,,On OneDrive,,BI_B946_Www_Mission-Executives-Challenged-to-Cooperate-in-Reaching_ad2000-org.pdf,https://1drv.ms/b/c/ACD215A5F926CFCE/IQAjGvSEQbYURJ5N7Sf3W7xjAW0pJ2fMlZf4auStVGWqb4g?download=1,,,Page saved as PDF (cover page + copy) from live page on 2026-10-09
BI_Ch18_56,Note,18,Chapter 18: India’s Christian Umma,56,URL,"(GFA, 1996:2009)",BI_B288,BI_Ch18_56_Dalits-From_1996-2009,— ‘Dalits: From Fatalism to Hope’. 1996:2009. http://www.gfa.org/dalit/reaching-the-dalits/ (accessed 30 January 2010).,http://www.gfa.org/dalit/reaching-the-dalits/,,,On OneDrive,,BI_B288_Dalits-From_1996-2009_gfa-org.pdf,https://1drv.ms/b/c/ACD215A5F926CFCE/IQBfcW8-E0ZoTpYzUXGt0y6bAdL0mCSZLSPMb0rOBq0zPNk?download=1,2009,,"Also cites: BI_B289, BI_B290, BI_B291, BI_B292, BI_B293 | Page saved as PDF (cover page + copy) from live page on 2026-10-09"
BI_Ch18_57,Note,18,Chapter 18: India’s Christian Umma,57,URL,"(Travel with a cause, 2005:2009)",BI_B886,BI_Ch18_57_Travel-With_India,Travel with a cause. India. 2005:2009. http://www.travelwithacause.org/india. php (accessed 2 February 2010).,http://www.travelwithacause.org/india.php,,,To do,,,,2009,,Also cites: BI_B887 | Web address corrected from the earlier audit (the book's text read: http://www.travelwithacause.org/india) | download failed - live page: web server answered HTTP 404
BI_Ch18_58,Note,18,Chapter 18: India’s Christian Umma,58,URL,"(Travel with a cause, 2005:2009)",BI_B886,BI_Ch18_58_Travel-With_India,Travel with a cause. India. 2005:2009. http://www.travelwithacause.org/india. php (accessed 2 February 2010).,http://www.travelwithacause.org/india.php,,,To do,,,,2009,,Also cites: BI_B887 | Web address corrected from the earlier audit (the book's text read: http://www.travelwithacause.org/india) | download failed - live page: web server answered HTTP 404
BI_Ch18_59,Note,18,Chapter 18: India’s Christian Umma,59,URL,"(GFA, 1996:2009)",BI_B288,BI_Ch18_59_Dalits-From_1996-2009,— ‘Dalits: From Fatalism to Hope’. 1996:2009. http://www.gfa.org/dalit/reaching-the-dalits/ (accessed 30 January 2010).,http://www.gfa.org/dalit/reaching-the-dalits/,,,On OneDrive,,BI_B288_Dalits-From_1996-2009_gfa-org.pdf,https://1drv.ms/b/c/ACD215A5F926CFCE/IQBfcW8-E0ZoTpYzUXGt0y6bAdL0mCSZLSPMb0rOBq0zPNk?download=1,2009,,"Also cites: BI_B289, BI_B290, BI_B291, BI_B292, BI_B293 | Page saved as PDF (cover page + copy) from live page on 2026-10-09"
BI_Ch18_60,Note,18,Chapter 18: India’s Christian Umma,60,Book/Print,"(Yohannan, K.P., 1986, 99) In subsequent editions mention of Buddhism by name was strategically left out to read ‘Animism and all other Asian religions have a common heritage in this one religious system.’ (2004 edition)",BI_B1033,BI_Ch18_60_Yohannan_Revolution-in-World-Missions,"Yohannan, K.P. Revolution in World Missions. Texas: GFA Books, 1986:2004.",,,,To do,,,,99,https://www.google.com/search?tbm=bks&q=Revolution%20in%20World%20Missions%20Texas%20GFA%20Books%201986%202004%20Yohannan,Also cites: BI_B1034
BI_Ch18_61,Note,18,Chapter 18: India’s Christian Umma,61,URL,"(DFN, 2006). Also see: (GFA, 1996:2009)",BI_B194,BI_Ch18_61_Dfn_Dalit-Freedom-Network,DFN. Dalit Freedom Network. 2003:2010. http://www.dalitnetwork.org/go ?/ dfn/about/C141/ (accessed 2009).,http://www.dalitnetwork.org/go,,,To do,,,,2009,,"Also cites: BI_B195, BI_B196, BI_B197, BI_B198, BI_B288, BI_B289, BI_B290, BI_B291, BI_B292, BI_B293 | download failed - live page: page is empty or is an error page, not a real copy | download failed - live page: page is empty or is an error page, not a real copy"
BI_Ch18_62,Note,18,Chapter 18: India’s Christian Umma,62,Book/Print,"(Edamaruku, 2001)",BI_B237,BI_Ch18_62_Edamaruku_God-I,"Edamaruku, Sanal. ‘God I.ongs for All Hindus! Covert Operations of the Evangelical Church in India’. Rationalist International Bulletin, 29 November 2001.",,,,To do,,,,,https://www.google.com/search?tbm=bks&q=God%20I%20ongs%20for%20All%20Hindus%20Covert%20Operations%20of%20Edamaruku,
BI_Ch18_63,Note,18,Chapter 18: India’s Christian Umma,63,Book/Print,"{The Economic Times, 20 January 2004)",BI_B799,BI_Ch18_63_The-Economic_NGOs-Hit-Pay-Dirt-on-Dollar-Trial,"The Economic Times. ‘NGOs Hit Pay Dirt on Dollar Trial’. News, 20 January 2004.",,,,To do,,,,,https://www.google.com/search?tbm=bks&q=NGOs%20Hit%20Pay%20Dirt%20on%20Dollar%20Trial%20News%2020%20The%20Economic%20Times,
BI_Ch18_64,Note,18,Chapter 18: India’s Christian Umma,64,Book/Print,"(MHA, 2005-2006, 4)",BI_B533,BI_Ch18_64_Mha_Receipt-of-Foreign-Contribution-by-Voluntary-Associations,"MHA. Receipt of Foreign Contribution by Voluntary Associations, Annual Report. Ministry for home affairs, government of India, 2005-2006.",,,,To do,,,,4,https://www.google.com/search?tbm=bks&q=Receipt%20of%20Foreign%20Contribution%20by%20Voluntary%20Associations%20Annual%20Report%20MHA,
BI_Ch18_65,Note,18,Chapter 18: India’s Christian Umma,65,Book/Print,"{The Telegraph, 13 July 2008)",BI_B843,BI_Ch18_65_The-Telegraph_God-s-Own-Country,"The Telegraph. ‘God’s Own Country’. News, Calcutta, 13 July 2008.",,,,To do,,,,,https://www.google.com/search?tbm=bks&q=God%20s%20Own%20Country%20News%20Calcutta%2013%20July%202008%20The%20Telegraph,
BI_Ch18_66,Note,18,Chapter 18: India’s Christian Umma,66,Book/Print,"(The AICC Update February, 2007, 3)",BI_B790,BI_Ch18_66_The-Aicc_A-Report-on-Activities-of-the-AICC,"The AICC Update. ‘A Report on Activities of the AICC’. Act ivities Report, All India Christian Council, February 2007.",,,,To do,,,,3,https://www.google.com/search?tbm=bks&q=A%20Report%20on%20Activities%20of%20the%20AICC%20Act%20ivities%20The%20AICC%20Update,[match: author+title]
BI_Ch18_67,Note,18,Chapter 18: India’s Christian Umma,67,URL,"(GFA, 1996:2009)",BI_B288,BI_Ch18_67_Dalits-From_1996-2009,— ‘Dalits: From Fatalism to Hope’. 1996:2009. http://www.gfa.org/dalit/reaching-the-dalits/ (accessed 30 January 2010).,http://www.gfa.org/dalit/reaching-the-dalits/,,,On OneDrive,,BI_B288_Dalits-From_1996-2009_gfa-org.pdf,https://1drv.ms/b/c/ACD215A5F926CFCE/IQBfcW8-E0ZoTpYzUXGt0y6bAdL0mCSZLSPMb0rOBq0zPNk?download=1,2009,,"Also cites: BI_B289, BI_B290, BI_B291, BI_B292, BI_B293 | Page saved as PDF (cover page + copy) from live page on 2026-10-09"
BI_Ch18_68,Note,18,Chapter 18: India’s Christian Umma,68,Book/Print,"{Chicago Tribune, 22 January 2005)",BI_B125,BI_Ch18_68_Chicago-Tribune_Critics-Say-Some-Christians-Spread-Aid-and,"Chicago Tribune. ‘Critics Say Some Christians Spread Aid and Gospel’. News, 22 January 2005.",,,,To do,,,,,https://www.google.com/search?tbm=bks&q=Critics%20Say%20Some%20Christians%20Spread%20Aid%20and%20Gospel%20News%20Chicago%20Tribune,
BI_Ch18_69,Note,18,Chapter 18: India’s Christian Umma,69,URL,"(www.indianchristians.us, 2007) For a Hindu version of the incident, see: (www.christianaggression.org, 2007)",BI_B958,BI_Ch18_69_Www_2007,www.christianaggression.org. 2007. http://www.christianaggression.org/iteln_ * display.phpPtype =NEwS&sid=l 138636306.,http://www.christianaggression.org | http://www.christianaggression.org/iteln_,,,To do,,,,,,Also cites: BI_B979 | download failed - live page: web server answered HTTP 500
BI_Ch18_70,Note,18,Chapter 18: India’s Christian Umma,70,Book/Print,"(Thomas, 2008, 144)",BI_B853,BI_Ch18_70_Thomas_Strong-Religion,"Thomas, Pradip Ninan. Strong Religion, Zealous Media: Christian Fundamentalism and Communication in India. New Delhi: Sage , Publications India, 2008.",,,,To do,,,,144,https://www.google.com/search?tbm=bks&q=Strong%20Religion%20Zealous%20Media%20Christian%20Fundamentalism%20and%20Communication%20in%20Thomas,
BI_Ch18_71,Note,18,Chapter 18: India’s Christian Umma,71,URL,"(www.christianpersecution.info, 2007)",,BI_Ch18_71_christianpersecution-info,,http://www.christianpersecution.info,,,On OneDrive,,BI_Ch18_71_christianpersecution-info.pdf,https://1drv.ms/b/c/ACD215A5F926CFCE/IQDgOuiF5rD5TJF3QdlJ0IwSAQYywgL11HOdBvRLhgfMEN4?download=1,,,"No source matched: either a comment by the author, or a source to identify by hand | Page saved as PDF (cover page + copy) from live page on 2026-10-09"
BI_Ch18_72,Note,18,Chapter 18: India’s Christian Umma,72,URL,"(GFA, 2008)",BI_B291,BI_Ch18_72_K_Yohannan-Cries-out-against-Mumbai-Terrorist-Attacks,"— K.P. Yohannan Cries out against Mumbai Terrorist Attacks, Questions Cause. 2008. http://www.gfa.org/news/articles/mumbai-terrorist-attacks-cause/ (accessed 30 January 2009).",http://www.gfa.org/news/articles/mumbai-terrorist-attacks-cause/,https://web.archive.org/web/20230409104415/https://www.gfa.org/news/articles/mumbai-terrorist-attacks-cause/,Snapshot found,On OneDrive,,BI_B291_K_Yohannan-Cries-out-against-Mumbai-Terrorist-Attacks_gfa-org.pdf,https://1drv.ms/b/c/ACD215A5F926CFCE/IQD6VzTvc1zqSbkAk1anQj5eAZp61W0U__C6Gbnkfx9JKJQ?download=1,,,Page saved as PDF (cover page + copy) from Wayback snapshot on 2026-10-09
BI_Ch18_73,Note,18,Chapter 18: India’s Christian Umma,73,URL,"{Christian Telegraph, 2008)",BI_B128,BI_Ch18_73_Christian-Telegraph_Gospel-For-Asia-Leader-Cries-out-Against,Christian Telegraph. ‘Gospel For Asia Leader Cries out Against Mumbai Terrorist Attacks’. 26 November 2008. http://www.christiantelegraph.com/issue3990.html (accessed 12 January 2009).,http://www.christiantelegraph.com/issue3990.html,https://web.archive.org/web/20170331110539/http://www.christiantelegraph.com/issue3990.html,Snapshot found,On OneDrive,,BI_B128_Christian-Telegraph_Gospel-For-Asia-Leader-Cries-out-Against_christiantelegraph-com.pdf,https://1drv.ms/b/c/ACD215A5F926CFCE/IQCiMAOvcDSaQIjGvJCQV1OrAf7jFeb7Qxq17MkhT0n2bYo?download=1,,,Page saved as PDF (cover page + copy) from Wayback snapshot on 2026-10-09
BI_Ch18_74,Note,18,Chapter 18: India’s Christian Umma,74,Book/Print,"{Christian Today, 11 December 2008)",BI_B129,BI_Ch18_74_Christian-Today_Mumbai-Terrorism-Overshadows-Anti-Christian-Violence,"Christian Today. ‘Mumbai Terrorism Overshadows Anti-Christian Violence’. News, 11 December 2008.",,,,To do,,,,,https://www.google.com/search?tbm=bks&q=Mumbai%20Terrorism%20Overshadows%20Anti%20Christian%20Violence%20News%2011%20December%20Christian%20Today,
BI_Ch18_75,Note,18,Chapter 18: India’s Christian Umma,75,URL,This webpage has been since mid-2009 moved web admin: into the zone forbidden for outsiders by http://people.biola.edu/faculty/georgea/Peoplesoflndia.htm,,BI_Ch18_75_people-biola-edu_Peoplesoflndia,,http://people.biola.edu/faculty/georgea/Peoplesoflndia.htm,,,To do,,,,,,"No source matched: either a comment by the author, or a source to identify by hand | download failed - live page: Page.goto: Timeout 90000ms exceeded."
BI_Ch18_76,Note,18,Chapter 18: India’s Christian Umma,76,Unlinked note,"All quotes by (Prashad, 2005)",,BI_Ch18_76,,,,,To do,,,,,,"No source matched: either a comment by the author, or a source to identify by hand"
BI_Ch18_77,Note,18,Chapter 18: India’s Christian Umma,77,URL,http://www. ad2000. org/uters4 .htm,BI_B1020,BI_Ch18_77_Us-Aid_23-April-2008,"— ‘US AID, India: Child Survival Health Grants Project’. 23 April 2008. http://www. usaid.gov/in/our_work/activities/Health/hea lth_child.htm (accessed 30 January 2009).",http://www.usaid.gov/in/our_work/activities/Health/health_child.htm,,,To do,,,,,,[match: same web address] | Web address corrected from the earlier audit (the book's text read: http://www) | download failed - live page: web server answered HTTP 403 | download failed - live page: web server answered HTTP 403
BI_Ch18_78,Note,18,Chapter 18: India’s Christian Umma,78,Book/Print,"{Ireland, 20 March 2006)",BI_B389,BI_Ch18_78_Ireland_India-s-Prime-Minister-Launches-Investigation-into,"Ireland, Michael. ‘India’s Prime Minister Launches Investigation into Arrest and Persecution of Indian Christians: Global Protest Increasing Against Jailing of Christians in Rajasthan’. News, ASSIST News Service, 20 March 2006.",,,,To do,,,,,https://www.google.com/search?tbm=bks&q=India%20s%20Prime%20Minister%20Launches%20Investigation%20into%20Arrest%20and%20Ireland,
BI_Ch18_79,Note,18,Chapter 18: India’s Christian Umma,79,URL,"{Maranatha Christian Journal, 2004)",BI_B506,BI_Ch18_79_Maranatha-Christian_Thousands-of-Christian-Schools-Planned-in-India,"Maranatha Christian Journal. ‘Thousands of Christian Schools Planned in India, URL: MCJ Online. 1 June 2004. http://www.mcjoriline.com/news/04a/20040601e.shtml (accessed 21 February 2006).",http://www.mcjoriline.com/news/04a/20040601e.shtml,,,To do,,,,,,download failed - live page: Page.goto: net::ERR_NAME_NOT_RESOLVED at http://www.mcjoriline.com/new
BI_Ch18_80,Note,18,Chapter 18: India’s Christian Umma,80,URL,http://www.persecution.net,,BI_Ch18_80_persecution-net,,http://www.persecution.net,,,On OneDrive,,BI_Ch18_80_persecution-net.pdf,https://1drv.ms/b/c/ACD215A5F926CFCE/IQBaRs5CTuClSLF_9BOyweMDATinMlaNy-irFm6duezLnJU?download=1,,,"No source matched: either a comment by the author, or a source to identify by hand | Page saved as PDF (cover page + copy) from live page on 2026-10-09"
BI_Ch18_81,Note,18,Chapter 18: India’s Christian Umma,81,Book/Print,"(Thomas, 2008, 125)",BI_B853,BI_Ch18_81_Thomas_Strong-Religion,"Thomas, Pradip Ninan. Strong Religion, Zealous Media: Christian Fundamentalism and Communication in India. New Delhi: Sage , Publications India, 2008.",,,,To do,,,,125,https://www.google.com/search?tbm=bks&q=Strong%20Religion%20Zealous%20Media%20Christian%20Fundamentalism%20and%20Communication%20in%20Thomas,
BI_Ch18_82,Note,18,Chapter 18: India’s Christian Umma,82,Book/Print,"(Thomas, 2008, 114)",BI_B853,BI_Ch18_82_Thomas_Strong-Religion,"Thomas, Pradip Ninan. Strong Religion, Zealous Media: Christian Fundamentalism and Communication in India. New Delhi: Sage , Publications India, 2008.",,,,To do,,,,114,https://www.google.com/search?tbm=bks&q=Strong%20Religion%20Zealous%20Media%20Christian%20Fundamentalism%20and%20Communication%20in%20Thomas,
BI_Ch18_83,Note,18,Chapter 18: India’s Christian Umma,83,Book/Print,"(Thomas, 2008, 126) With regard to Christian appropriation of national symbols, some C atholic institutions in Kerala have gone one step further and have crea ted an alternative anthem a ddressed to the Pope but set to the tune of India’s national anthem. In its 2006 version it v^as addressed to Pope John Paul II (Prabhan, 2006). In 2009 it addressed Benedict XVI (Prabhan, 2009). Another popular video evangelist from Kerala gives a communal interpretation to India’s national flag. The evangelical claims that because the white portion represents Christianity, having the wheel at the center located on white background is a prophecy that the authority of the Indian state would ultimately come to Christians. (J.S. George, 2009)",BI_B853,BI_Ch18_83_Thomas_Strong-Religion,"Thomas, Pradip Ninan. Strong Religion, Zealous Media: Christian Fundamentalism and Communication in India. New Delhi: Sage , Publications India, 2008.",,,,To do,,,,126,https://www.google.com/search?tbm=bks&q=Strong%20Religion%20Zealous%20Media%20Christian%20Fundamentalism%20and%20Communication%20in%20Thomas,[match: author+title]
BI_Ch18_84,Note,18,Chapter 18: India’s Christian Umma,84,URL,"(www.cbn.com, 2008)",BI_B952,BI_Ch18_84_Www_India,www.cbn.com. ‘India’. CBN. 2008. http://www.cbn.com/worldreach/worldreach_region_asia_india.aspx (accessed 10 March 2009).,http://www.cbn.com | http://www.cbn.com/worldreach/worldreach_region_asia_india.aspx,,,On OneDrive,,BI_B952_Www_India_cbn-com.pdf,https://1drv.ms/b/c/ACD215A5F926CFCE/IQDWJU6MysN8SpJjwvIwrRFeAUvAhsK5hBO0zUxoTlj-NxM?download=1,,,Page saved as PDF (cover page + copy) from live page on 2026-10-09
BI_Ch18_85,Note,18,Chapter 18: India’s Christian Umma,85,Book/Print,"(Robertson, 1988)",BI_B699,BI_Ch18_85_Robertson_On-Hinduism,"Robertson, Pat. On Hinduism (700 Club). 26 July 1988.",,,,To do,,,,,https://www.google.com/search?tbm=bks&q=On%20Hinduism%20700%20Club%2026%20July%201988%20Robertson,
BI_Ch18_86,Note,18,Chapter 18: India’s Christian Umma,86,Book/Print,"(David, 2005)",BI_B167,BI_Ch18_86_David_When-Girls-Marry-Dogs-and-Gods-Drink,"David, Reuben. ‘When Girls Marry Dogs and Gods Drink Human Blood’. World Peace Herald, 2005.",,,,To do,,,,,https://www.google.com/search?tbm=bks&q=When%20Girls%20Marry%20Dogs%20and%20Gods%20Drink%20Human%20Blood%20David,
BI_Ch18_87,Note,18,Chapter 18: India’s Christian Umma,87,URL,"(BosNewsLife, 2006)",BI_B087,BI_Ch18_87_Bosnewslife_BosNewsLife-Christian-Nevzs-Agency-About-Us,BosNewsLife. BosNewsLife Christian Nevzs Agency: About Us. 2006. http://www.bosnewslife.com/about-us (accessed 3 March 2009).,http://www.bosnewslife.com/about-us,https://web.archive.org/web/20260827063603/https://bosnewslife.com/about-us/,Snapshot found,On OneDrive,,BI_B087_Bosnewslife_BosNewsLife-Christian-Nevzs-Agency-About-Us_bosnewslife-com.pdf,https://1drv.ms/b/c/ACD215A5F926CFCE/IQCTvs9xwtkdS55JhCTfoU2CAfj47VYkEoyIuLfmxYAVf-4?download=1,,,Also cites: BI_B088 | Page saved as PDF (cover page + copy) from live page on 2026-10-09
BI_Ch18_88,Note,18,Chapter 18: India’s Christian Umma,88,URL,"(BosNewsLife, 2006)",BI_B087,BI_Ch18_88_Bosnewslife_BosNewsLife-Christian-Nevzs-Agency-About-Us,BosNewsLife. BosNewsLife Christian Nevzs Agency: About Us. 2006. http://www.bosnewslife.com/about-us (accessed 3 March 2009).,http://www.bosnewslife.com/about-us,https://web.archive.org/web/20260827063603/https://bosnewslife.com/about-us/,Snapshot found,On OneDrive,,BI_B087_Bosnewslife_BosNewsLife-Christian-Nevzs-Agency-About-Us_bosnewslife-com.pdf,https://1drv.ms/b/c/ACD215A5F926CFCE/IQCTvs9xwtkdS55JhCTfoU2CAfj47VYkEoyIuLfmxYAVf-4?download=1,,,Also cites: BI_B088 | Page saved as PDF (cover page + copy) from live page on 2026-10-09
BI_Ch18_89,Note,18,Chapter 18: India’s Christian Umma,89,URL,"(Arora, 2008)",BI_B037,BI_Ch18_89_Arora_Religion-and-Politics-in-India,"Arora, Vishal. Religion and Politics in India, Oxford Centre for Religious and Public Life. 1 August 2008. http://www.ocrpl.org/?p=260 (accessed September 2009).",http://www.ocrpl.org/?p=260,https://web.archive.org/web/20120222225143/http://www.ocrpl.org/?p=260,Snapshot found,On OneDrive,,BI_B037_Arora_Religion-and-Politics-in-India_ocrpl-org.pdf,https://1drv.ms/b/c/ACD215A5F926CFCE/IQDwgBBvIrotTpFZ1w1UxyUEAYBwi03axtknv8B3LO_LHxM?download=1,,,"Also cites: BI_B038, BI_B039 | Page saved as PDF (cover page + copy) from Wayback snapshot on 2026-10-09"
BI_Ch18_90,Note,18,Chapter 18: India’s Christian Umma,90,URL,"Based in Chennai, she is the resident editor and bureau chief in South India for New Delhi Television Ltd. She is also chief operating officer of an Indonesian news and information channel. Astro Awani, honored in its first year for best current affairs programming in Indonesia. (Bio-data of Jennifer Arul as presented in ‘Journalism Through the Eyes of Faith’ section of Bethel University: URL:http://www.bethel.edu/special-events/ jtef/bios). In 2007, she launched a similar Astro service in Malaysia. According to ChennaiTVNews.com, Jennifer Arul has been made the managing editor of a nevr channel in association with ""The Hindu'' newspaper. (ChennaiTVNews.com 2008)",BI_B123,BI_Ch18_90_Chennaitvnews_NDT-and-the-Hindu-soon-in-TV,ChennaiTVNews.com. ‘NDT\^ and the Hindu soon in TV’. August 2008. http://www.chennaitvnews.com/2008/08/n<3lv-and-hindu-soon-in-tv.htmi (accessed 22 March 2009).,http://www.chennaitvnews.com/2008/08/ndtv-and-hindu-soon-in-tv.html,,,To do,,,,,,Web address corrected from the earlier audit (the book's text read: http://www.chennaitvnews.com/2008/08/n) | download failed - live page: Page.goto: net::ERR_NAME_NOT_RESOLVED at http://www.chennaitvnews.com/
BI_Ch18_91,Note,18,Chapter 18: India’s Christian Umma,91,Unlinked note,"(Ebrabimi and Schweizer, 2007)",,BI_Ch18_91,,,,,To do,,,,,,"No source matched: either a comment by the author, or a source to identify by hand"
BI_Ch18_92,Note,18,Chapter 18: India’s Christian Umma,92,Book/Print,"(NDTV, 28 November 2004)",BI_B572,BI_Ch18_92_Ndtv_Dowry-Practice-Plagues-Christian-Community,"NDTV. ‘Dowry Practice Plagues Christian Community’. TV News, 28 November 2004.",,,,To do,,,,,https://www.google.com/search?tbm=bks&q=Dowry%20Practice%20Plagues%20Christian%20Community%20TV%20News%2028%20November%20NDTV,
BI_Ch18_93,Note,18,Chapter 18: India’s Christian Umma,93,Unlinked note,"For example, when in sixteenth century, the famous scientist Galileo fell behind on his dowry payments for his sister, his brother-in-law threatened to get him arrested (Discovery, (8) 1987, 117)",,BI_Ch18_93,,,,,To do,,,,,,"No source matched: either a comment by the author, or a source to identify by hand"
BI_Ch18_94,Note,18,Chapter 18: India’s Christian Umma,94,Book/Print,"(Creation, 1997)",BI_B140,BI_Ch18_94_Creation_Pressing-on-a-Chat-with-World-renowned,"Creation. ‘Pressing on a Chat with World-renowned Journalist David Aikman’. Creation, 19 September 1997.",,,,To do,,,,,https://www.google.com/search?tbm=bks&q=Pressing%20on%20a%20Chat%20with%20World%20renowned%20Journalist%20David%20Creation,
BI_Ch18_95,Note,18,Chapter 18: India’s Christian Umma,95,URL,"(Aikman, 2004)",BI_B015,BI_Ch18_95_Aikman_Christianity-Makes-George-Bush-A-Better-President,"Aikman, David. ‘Christianity Makes George Bush A Better President (Interview)’, www.beliefnet.com. October 2004. http://www.beliefnet.com/story/154/story_l5405_l.html (accessed 10 January 2009).",http://www.beliefnet.com/story/154/story_15405_1.html | http://www.beliefnet.com/story/154/story_l5405_l.html,,,On OneDrive,,BI_B015_Aikman_Christianity-Makes-George-Bush-A-Better-President_beliefnet-com.pdf,https://1drv.ms/b/c/ACD215A5F926CFCE/IQBEq4WKpkwBSr7EaPt5jqxYAbGR8PdKsbu8gK0r_U0sqeY?download=1,,,Web address corrected from the earlier audit (the book's text read: http://www.beliefnet.com) | Page saved as PDF (cover page + copy) from live page on 2026-10-09
BI_Ch18_96,Note,18,Chapter 18: India’s Christian Umma,96,URL,"(Gegrapha, 1998:2007)",BI_B284,BI_Ch18_96_Gegrapha_Gegrpha-Mission-Statement,Gegrapha. Gegrpha Mission Statement. 1998:2007. http://www.gegrapha.org/AboutUs.asp.,http://www.gegrapha.org/AboutUs.asp,https://web.archive.org/web/20040327200032/https://www.gegrapha.org:80/AboutUs.asp,Snapshot found,On OneDrive,,BI_B284_Gegrapha_Gegrpha-Mission-Statement_gegrapha-org.pdf,https://1drv.ms/b/c/ACD215A5F926CFCE/IQBCh1GUIpNeR7SSZ9bWucVyAX5ZdDqWPsF8ThWAURmEYp4?download=1,2007,,Page saved as PDF (cover page + copy) from Wayback snapshot on 2026-10-09
BI_Ch18_97,Note,18,Chapter 18: India’s Christian Umma,97,URL,"(Aikman, 1998:2007)",BI_B016,BI_Ch18_97_Gegrapha-Explained_1998-2007,— Gegrapha Explained. 1998:2007. http://www.gegrapha.org/AboutUs- GegraphaDefinition .asp.,http://www.gegrapha.org/AboutUs-GegraphaDefinition.asp,https://web.archive.org/web/20090505220900/http://www.gegrapha.org:80/AboutUs-GegraphaDefinition.asp,Snapshot found,On OneDrive,,BI_B016_Gegrapha-Explained_1998-2007_gegrapha-org.pdf,https://1drv.ms/b/c/ACD215A5F926CFCE/IQAGd-YywXRbRbbirJxlCL2QAaR1fgwqF7Qblc2zBmwYo9Q?download=1,2007,,Web address corrected from the earlier audit (the book's text read: http://www.gegrapha.org/AboutUs-) | Page saved as PDF (cover page + copy) from Wayback snapshot on 2026-10-09
BI_Ch18_98,Note,18,Chapter 18: India’s Christian Umma,98,Book/Print,"(Elst, 2007, 516)",BI_B240,BI_Ch18_98_Elst_Decolonizing-the-Hindu-Mind,"Elst, Koenraad. Decolonizing the Hindu Mind. Pvupa, 2007.",,,,To do,,,,516,https://www.google.com/search?tbm=bks&q=Decolonizing%20the%20Hindu%20Mind%20Pvupa%202007%20Elst,Also cites: BI_B241
BI_Ch18_99,Note,18,Chapter 18: India’s Christian Umma,99,URL,"(Arul, 1999)",BI_B042,BI_Ch18_99_The-Power_Gegrapha,— ‘The Power and Influence of Journalists’. Gegrapha. 1999. http://www.gegrapha.org/JenniferArull.asp (accessed 10 January 2009).,http://www.gegrapha.org/JenniferArull.asp,,,To do,,,,,,download failed - live page: Page.goto: net::ERR_NAME_NOT_RESOLVED at http://www.gegrapha.org/Jenni
BI_Ch18_100,Note,18,Chapter 18: India’s Christian Umma,100,URL,"(Arul, 1998)",BI_B041,BI_Ch18_100_Arul_Journalism,"Arul, Jennifer. ‘Journalism, Truth, and the Public Square’. Gegraoha. 1998. Jennifer Arul, http://www.gegrapha.org/JenniferArulinLondon.asp (accessed 10 January 2009).",http://www.gegrapha.org/JenniferArulinLondon.asp,https://web.archive.org/web/20040819190550/http://www.gegrapha.org:80/JenniferArulinLondon.asp,Snapshot found,On OneDrive,,BI_B041_Arul_Journalism_gegrapha-org.pdf,https://1drv.ms/b/c/ACD215A5F926CFCE/IQAJdH8xy_ThTammD1sD-u3SAfbb-ceR28VZq0WuJd7twZ4?download=1,,,Page saved as PDF (cover page + copy) from Wayback snapshot on 2026-10-09
BI_Ch18_101,Note,18,Chapter 18: India’s Christian Umma,101,Unlinked note,"(Shashikuniar, VK, 2004)",,BI_Ch18_101,,,,,To do,,,,,,"No source matched: either a comment by the author, or a source to identify by hand"
BI_Ch18_102,Note,18,Chapter 18: India’s Christian Umma,102,Book/Print,"(Shashikumar, VK, 2004)",BI_B736,BI_Ch18_102_Shashikumar_Bush-s-ConA-ersion-Agenda-for-India,"Shashikumar, VK. ‘Bush’s ConA'ersion Agenda for India; Preparing for the Harvest’. Tehelka, February 2004.",,,,To do,,,,,https://www.google.com/search?tbm=bks&q=Bush%20s%20ConA%20ersion%20Agenda%20for%20India%20Preparing%20for%20Shashikumar,
BI_Ch18_103,Note,18,Chapter 18: India’s Christian Umma,103,Unlinked note,"(Joshua Project, 2000:2009)",,BI_Ch18_103,,,,,To do,,,,,,"No source matched: either a comment by the author, or a source to identify by hand"
BI_Ch18_104,Note,18,Chapter 18: India’s Christian Umma,104,Unlinked note,"(Joshua Project, 2000:2009)",,BI_Ch18_104,,,,,To do,,,,,,"No source matched: either a comment by the author, or a source to identify by hand"
BI_Ch18_105,Note,18,Chapter 18: India’s Christian Umma,105,URL,"(Arora, 2007)",BI_B038,BI_Ch18_105_Review-Of_May-2007,"— Review of John Dayal’s book A Matter of Equity: Freedom of faith in Secular India,' John D ayal’s webpage at Sulekha.com. May 2007. http://johndayal.sulekha.com/blog/post/2007/05/john-dayal-s-ncw-book.htm (accessed August 2008).",http://johndayal.sulekha.com/blog/post/2007/05/john-dayal-s-new-book.htm,https://web.archive.org/web/20071230175056/http://johndayal.sulekha.com:80/blog/post/2007/05/john-dayal-s-new-book.htm,Snapshot found,On OneDrive,,BI_B038_Review-Of_May-2007_johndayal-sulekha-com.pdf,https://1drv.ms/b/c/ACD215A5F926CFCE/IQCcHW5QBIShTJOFACINkDQ_AcBACz_5Jcy72CXjnSuLzek?download=1,,,Web address corrected from the earlier audit (the book's text read: http://johndayal.sulekha.com/blog/post/2007/05/john-dayal-s-ncw-book.htm) | Page saved as PDF (cover page + copy) from Wayback snapshot on 2026-10-09
BI_Ch18_106,Note,18,Chapter 18: India’s Christian Umma,106,Book/Print,"(Shashikumar, VK, 2004)",BI_B736,BI_Ch18_106_Shashikumar_Bush-s-ConA-ersion-Agenda-for-India,"Shashikumar, VK. ‘Bush’s ConA'ersion Agenda for India; Preparing for the Harvest’. Tehelka, February 2004.",,,,To do,,,,,https://www.google.com/search?tbm=bks&q=Bush%20s%20ConA%20ersion%20Agenda%20for%20India%20Preparing%20for%20Shashikumar,
BI_Ch18_107,Note,18,Chapter 18: India’s Christian Umma,107,Unlinked note,"(Joshua Project, 2001)",,BI_Ch18_107,,,,,To do,,,,,,"No source matched: either a comment by the author, or a source to identify by hand"
BI_Ch18_108,Note,18,Chapter 18: India’s Christian Umma,108,Unlinked note,"(Joshua Project, 2001:2009)",,BI_Ch18_108,,,,,To do,,,,,,"No source matched: either a comment by the author, or a source to identify by hand"
BI_Ch18_109,Note,18,Chapter 18: India’s Christian Umma,109,Unlinked note,"{The Neiv Indian Express, 4 March 2007)",,BI_Ch18_109,,,,,To do,,,,,,"No source matched: either a comment by the author, or a source to identify by hand"
BI_Ch18_110,Note,18,Chapter 18: India’s Christian Umma,110,URL,"(BTI, 1999:2008)",BI_B096,BI_Ch18_110_Bti_Boston-Theological-Institute-Mission-statement,BTI. Boston Theological Institute: Mission statement. 1999:2008. http://www.bostontheological.org/about_the_bti/mission_statement_and_history.htm (accessed 10 January 2009).,http://www.bostontheological.org/about_the_bti/mission_statement_and_history.htm,,,To do,,,,2008,,download failed - live page: web server answered HTTP 404
BI_Ch18_111,Note,18,Chapter 18: India’s Christian Umma,111,URL,"(BTI, 2006)",BI_B097,BI_Ch18_111_Christian-Origins_2-7-June-2006,"— ‘Christian Origins and Witness in India, 2006’. 2 7 June 2006. http://www.bostontheological.org/programs/india/june27.pdf (accessed 21 January 2009).",http://www.bostontheological.org/programs/india/june27.pdf,https://web.archive.org/web/20081015204411/http://www.bostontheological.org/programs/india/june27.pdf,Snapshot found,To do,,,,,,"Also cites: BI_B098 | download failed - live page: web server answered HTTP 404 / Wayback snapshot: IncompleteRead(130824 bytes read, 1689523 more expected)"
BI_Ch18_112,Note,18,Chapter 18: India’s Christian Umma,112,URL,"{Christian Post, 2007)",BI_B127,BI_Ch18_112_Christian-Post_Center-for-World-s-Unreached-in-India,"Christian Post. ‘Center for World’s Unreached in India, Says Global Church Expert’. 16 September 2007. http://www.christianpost.com/article/20070916/center-for-world-s-unreache d-in-india-says-global- church-expert.htm (accessed 10 January 2009).",http://www.christianpost.com/article/20070916/center-for-world-s-unreached-in-india-says-global-church-expert.htm,,,On OneDrive,,BI_B127_Christian-Post_Center-for-World-s-Unreached-in-India_christianpost-com.pdf,https://1drv.ms/b/c/ACD215A5F926CFCE/IQBT586dcpL6SqOHCX93NHo4AXRGYkCuFJj0p8pQc9cnjUk?download=1,,,Web address corrected from the earlier audit (the book's text read: http://www.christianpost.com/article/20070916/center-for-world-s-unreache) | Page saved as PDF (cover page + copy) from live page on 2026-10-09
BI_Ch18_113,Note,18,Chapter 18: India’s Christian Umma,113,URL,"(BTI 2006, 4)",BI_B097,BI_Ch18_113_Christian-Origins_2-7-June-2006,"— ‘Christian Origins and Witness in India, 2006’. 2 7 June 2006. http://www.bostontheological.org/programs/india/june27.pdf (accessed 21 January 2009).",http://www.bostontheological.org/programs/india/june27.pdf,https://web.archive.org/web/20081015204411/http://www.bostontheological.org/programs/india/june27.pdf,Snapshot found,To do,,,,4,,"Also cites: BI_B098 | download failed - live page: web server answered HTTP 404 / Wayback snapshot: IncompleteRead(130824 bytes read, 1689523 more expected)"
BI_Ch18_114,Note,18,Chapter 18: India’s Christian Umma,114,Book/Print,"(Daniel, 2002)",BI_B162,BI_Ch18_114_Daniel_Missionary-Attempts-of-the-Tamil-Protestant-Christians,"Daniel, Jeyaraj. ‘Missionary Attempts of the Tamil Protestant Christians in the East [i.e. Tanzania] and in the West [i.e. Myanmar/Burma] During the Nineteenth Century’. In Transcontinental Links in the History of Non-Western Christianity, by Klaus Koschorke, 131-144. Wiesbaden: Harrassowitz Verlag, 2002.",,,,To do,,,,,https://www.google.com/search?tbm=bks&q=Missionary%20Attempts%20of%20the%20Tamil%20Protestant%20Christians%20in%20the%20Daniel,
BI_Ch18_115,Note,18,Chapter 18: India’s Christian Umma,115,URL,"(Daniel, 2006). See also (Robert, 2007, 8)",BI_B163,BI_Ch18_115_Making-Missionary,— ‘Making Missionary Heritage Alive through Archival Research: Experiences of a Researcher-Archivist 26 August 2006. http://www.missionstudies.org/archive/rescue/jeyaraj.htm (accessed 30 January 2009).,http://www.missionstudies.org/archive/rescue/jeyaraj.htm,https://web.archive.org/web/20230308111802/https://missionstudies.org/archive/rescue/jeyaraj.htm,Snapshot found,On OneDrive,,BI_B163_Making-Missionary_missionstudies-org.pdf,https://1drv.ms/b/c/ACD215A5F926CFCE/IQD2YSePLeLGQbJr4UwJhWvOAd-tjLpxAyzkhVLJ_InTPYk?download=1,8,,Also cites: BI_B698 | Page saved as PDF (cover page + copy) from live page on 2026-10-09
BI_Ch18_116,Note,18,Chapter 18: India’s Christian Umma,116,URL,"(BTI, 2006)",BI_B097,BI_Ch18_116_Christian-Origins_2-7-June-2006,"— ‘Christian Origins and Witness in India, 2006’. 2 7 June 2006. http://www.bostontheological.org/programs/india/june27.pdf (accessed 21 January 2009).",http://www.bostontheological.org/programs/india/june27.pdf,https://web.archive.org/web/20081015204411/http://www.bostontheological.org/programs/india/june27.pdf,Snapshot found,To do,,,,,,"Also cites: BI_B098 | download failed - live page: web server answered HTTP 404 / Wayback snapshot: IncompleteRead(130824 bytes read, 1689523 more expected)"
BI_Ch18_117,Note,18,Chapter 18: India’s Christian Umma,117,URL,"(BTI, 2002)",BI_B100,BI_Ch18_117_Programs-India_Boston-Theological-Institute,— ‘Programs India’. Boston Theological Institute. July 2002. www.bostontheological.org/programs/india/july02.pdf (accessed 10 May 2009).,http://www.bostontheological.org/programs/india/july02.pdf,,,To do,,,,,,download failed - live page: web server answered HTTP 404
BI_Ch18_118,Note,18,Chapter 18: India’s Christian Umma,118,Book/Print,"(BTI, 1998, 3) The word ‘mission’ here does not necessarily mean missionary work, or evangelism. The institutions described in this section, such as FIarvard Divinity School and Andover Theological Sschool, work within an upper-class intellectual/establishment nexus quite different from the right-wing missionary fundamentalism described elsewhere in this chapter. Again, as we have seen elsewhere, Americans who would be barely on speaking terms at home can find common cause in India.",BI_B099,BI_Ch18_118_Newsletter_Vol,"— ‘Newsletter’. Vol. XXVIII . no. 6. Boston Theological Institute, October 1998.",,,,To do,,,,3,https://www.google.com/search?tbm=bks&q=Vol%20XXVIII%20no%206%20Boston%20Theological%20Institute%20October%201998%20%E2%80%94%20%E2%80%98Newsletter%E2%80%99,
BI_Ch18_119,Note,18,Chapter 18: India’s Christian Umma,119,Book/Print,"(Venugopal, P, 2004)",BI_B909,BI_Ch18_119_Venugopal_Necessity-and-Validity-of-an-Act-Banning,"Venugopal, P. ‘Necessity and Validity of an Act Banning Convejsion’. Organiser., 7 November 2004.",,,,To do,,,,,https://www.google.com/search?tbm=bks&q=Necessity%20and%20Validity%20of%20an%20Act%20Banning%20Convejsion%20Organiser%20Venugopal,
BI_Ch18_120,Note,18,Chapter 18: India’s Christian Umma,120,Book/Print,"(Jeevaraj, V, 1981)",BI_B401,BI_Ch18_120_Jeevaraj_Muthukutti-Narayana-Swami,"Jeevaraj, V. Muthukutti Narayana Swami. Nagerkovil: Diocese Press, 1981.",,,,To do,,,,,https://www.google.com/search?tbm=bks&q=Muthukutti%20Narayana%20Swami%20Nagerkovil%20Diocese%20Press%201981%20Jeevaraj,
BI_Ch18_121,Note,18,Chapter 18: India’s Christian Umma,121,Unlinked note,"(McGavran, 1983)",,BI_Ch18_121,,,,,To do,,,,,,"No source matched: either a comment by the author, or a source to identify by hand"
BI_Ch18_122,Note,18,Chapter 18: India’s Christian Umma,122,Book/Print,"http://www.ad2000.org/uters4.htm : quoted in (Thomas, 2008, 144)",BI_B853,BI_Ch18_122_Thomas_Strong-Religion,"Thomas, Pradip Ninan. Strong Religion, Zealous Media: Christian Fundamentalism and Communication in India. New Delhi: Sage , Publications India, 2008.",,,,To do,,,,144,https://www.google.com/search?tbm=bks&q=Strong%20Religion%20Zealous%20Media%20Christian%20Fundamentalism%20and%20Communication%20in%20Thomas,
BI_Ch18_123,Note,18,Chapter 18: India’s Christian Umma,123,URL,"(Chick publications, 1990)",BI_B126,BI_Ch18_123_Chick-Publications_The-Traitor,Chick publications. ‘The Traitor’. Chick publications. 1990. http://www.chick.com/reading/tracts/0070/0070_01.asp (accessed 20 June 2007).,http://www.chick.com/reading/tracts/0070/0070_01.asp,https://web.archive.org/web/20181125183958/http://www.chick.com:80/reading/tracts/0070/0070_01.asp,Snapshot found,On OneDrive,,BI_B126_Chick-Publications_The-Traitor_chick-com.pdf,https://1drv.ms/b/c/ACD215A5F926CFCE/IQC9koPzx8YcRLnPKuM-pARVAec_ZlbCplxBGqKyqWupkXg?download=1,,,Page saved as PDF (cover page + copy) from live page on 2026-10-09
BI_Ch18_124,Note,18,Chapter 18: India’s Christian Umma,124,Book/Print,"{The Hindu, 8 January 1999)",BI_B806,BI_Ch18_124_The-Hindu_Church-Apologises-for-Distortions-in-Translation,"The Hindu. ‘Church Apologises for Distortions in Translation'. News, 8 January 1999.",,,,To do,,,,,https://www.google.com/search?tbm=bks&q=Church%20Apologises%20for%20Distortions%20in%20Translation%20News%208%20January%20The%20Hindu,
BI_Ch18_125,Note,18,Chapter 18: India’s Christian Umma,125,Book/Print,"(IANS, 2008)",BI_B352,BI_Ch18_125_Ians_Children-in-Kerala-Initiated-into-The-World,"IANS. ‘Children in Kerala Initiated into The World of Letters’. News, 9 October 2008.",,,,To do,,,,,https://www.google.com/search?tbm=bks&q=Children%20in%20Kerala%20Initiated%20into%20The%20World%20of%20Letters%20IANS,Also cites: BI_B354
BI_Ch18_126,Note,18,Chapter 18: India’s Christian Umma,126,Unlinked note,Sahdeo was a freedom fighter and is revered by the people of Jharkhand. His statues have been installed at several places across the state. The book portrays him as an oppressor.,,BI_Ch18_126,,,,,To do,,,,,,"No source matched: either a comment by the author, or a source to identify by hand"
BI_Ch18_127,Note,18,Chapter 18: India’s Christian Umma,127,URL,"{The Hindu, 2007)",BI_B802,BI_Ch18_127_The-Hindu_Proselytisation-Angle-to-Student-s-Suicide,The Hindu. ‘Proselytisation’ Angle to Student’s Suicide?’ 19 May 2007. http://www.hindu.com/2007/03/19/stories/2007031910180500.htm (accessed 25 May 2007).,http://www.hindu.com/2007/03/19/stories/2007031910180500.htm,,,To do,,,,,,"Also cites: BI_B807, BI_B820 | download failed - live page: Page.goto: net::ERR_NAME_NOT_RESOLVED at http://www.hindu.com/2007/03/"
BI_Ch18_128,Note,18,Chapter 18: India’s Christian Umma,128,URL,"(Nitharsanam.net, 29 February 2008)",BI_B580,BI_Ch18_128_Nitharsanam_Young-woman-Committed-Suicide-due-to-Conversion,"Nitharsanam.net. ‘Young woman Committed Suicide due to Conversion Trauma’. (Tamil) News, http://nitharsanam.net/?p=13680, 29 February 2008.",http://nitharsanam.net/?p=13680,,,To do,,,,,,download failed - live page: web server answered HTTP 404
BI_Ch18_129,Note,18,Chapter 18: India’s Christian Umma,129,Book/Print,"(Nagarajan, R, 26 Febuary 2009)",BI_B554,BI_Ch18_129_Nagarajan_Girl-Suicide-Religious-Conversion-Torture-in-School,"Nagarajan, R. ‘Girl Suicide: Religious Conversion Torture in School?’ (Tamil). Investigative Report, Chennai: Tamilan Express, 26 February 2009.",,,,To do,,,,,https://www.google.com/search?tbm=bks&q=Girl%20Suicide%20Religious%20Conversion%20Torture%20in%20School%20Tamil%20Investigative%20Nagarajan,
BI_Ch18_130,Note,18,Chapter 18: India’s Christian Umma,130,Book/Print,"(HinduHumanist, 2006) The hatred for Hindus and the violent campaign to get Christian majority villages free of Hindus are strikingly similar to the concept of ‘Judenfrei’ - Christian town or villages free of Jews in pre-Holocaust Germany. (Stackelberg, 2007, 279)",BI_B750,BI_Ch18_130_Stackelberg_The-Routledge-Companion-to-Nazi-Germany,"Stackelberg, Roderick. The Routledge Companion to Nazi Germany, Routledge, 2007.",,,,To do,,,,279,https://www.google.com/search?tbm=bks&q=The%20Routledge%20Companion%20to%20Nazi%20Germany%20Routledge%202007%20Stackelberg,
BI_Ch18_131,Note,18,Chapter 18: India’s Christian Umma,131,Unlinked note,"From 2 007 t o 2 008, several templ e vandali zations have been reported in Kanyakumari district by local editions of Dinakaran and Tamil Murasu - both pro DMK newspapers.",,BI_Ch18_131,,,,,To do,,,,,,"No source matched: either a comment by the author, or a source to identify by hand"
BI_Ch18_132,Note,18,Chapter 18: India’s Christian Umma,132,Unlinked note,"(Oberman, 5 April 2010)",,BI_Ch18_132,,,,,To do,,,,,,"No source matched: either a comment by the author, or a source to identify by hand"
BI_Ch18_133,Note,18,Chapter 18: India’s Christian Umma,133,Unlinked note,"{The Times of India, G April 2010)",,BI_Ch18_133,,,,,To do,,,,,,"No source matched: either a comment by the author, or a source to identify by hand"
BI_Ch18_134,Note,18,Chapter 18: India’s Christian Umma,134,Unlinked note,(Shetty 2010),,BI_Ch18_134,,,,,To do,,,,,,"No source matched: either a comment by the author, or a source to identify by hand"
BI_Ch18_135,Note,18,Chapter 18: India’s Christian Umma,135,Unlinked note,"(Kerala Kaumudi, 2010) In this south Indian state where Church is a key player in politics, many cases of abuses are hushed. The most famous case is that of Abhaya - whose death in 1992 was declared as a suicide by the state police but was later found to be a homicide in 1998 by Central Bureau of Investigations, and such was the power of the Church that it was found that the forensic reports were tampered with. It was only in 2008 that the accused priest and nun were arrested - only after the Kerala High Court had blamed the state investigating agency over the slow progress in its probe and asked the Kerala unit of the CBI to take over. (Asianet India, 2008)",,BI_Ch18_135,,,,,To do,,,,,,"No source matched: either a comment by the author, or a source to identify by hand"
BI_Ch18_136,Note,18,Chapter 18: India’s Christian Umma,136,Book/Print,(Junior Vikatan February 2010),BI_B417,BI_Ch18_136_Junior-Vikatan_Something-in-the-summer-camp,Junior Vikatan. ‘Something in the summer camp’. (Tamil) 23 May 20G7.,,,,To do,,,,,https://www.google.com/search?tbm=bks&q=Something%20in%20the%20summer%20camp%20Tamil%2023%20May%2020G7%20Junior%20Vikatan,[match: author only (unique)]
BI_Ch18_137,Note,18,Chapter 18: India’s Christian Umma,137,Book/Print,"(Kumutham Reporter, 2008)",BI_B446,BI_Ch18_137_Kumutham-Reporter_Hyder-Ali-demolishing-Darghas,"Kumutham Reporter. ‘Hyder Ali demolishing Darghas?’. News, 23 November 2008.",,,,To do,,,,,https://www.google.com/search?tbm=bks&q=Hyder%20Ali%20demolishing%20Darghas%20News%2023%20November%202008%20Kumutham%20Reporter,Also cites: BI_B447
BI_Ch18_138,Note,18,Chapter 18: India’s Christian Umma,138,Book/Print,"(Dinamalar, 23 October 2007)",BI_B206,BI_Ch18_138_Dinamalar_Chennai-based-Lashkar-Operatives-Planned-Rendezvous-with,"Dinamalar. ‘Chennai based Lashkar Operatives Planned Rendezvous with Sri Lankans’ (Tamil). News, 9 January 2007.",,,,To do,,,,,https://www.google.com/search?tbm=bks&q=Chennai%20based%20Lashkar%20Operatives%20Planned%20Rendezvous%20with%20Sri%20Lankans%20Dinamalar,
BI_Ch18_139,Note,18,Chapter 18: India’s Christian Umma,139,Book/Print,"(Dinamalar, 22 November 2006)",BI_B207,BI_Ch18_139_Dinamalar_State-Police-Feel-Harassed,"Dinamalar. ‘State Police Feel Harassed’ (Tamil). News, 4 September 2006.",,,,To do,,,,,https://www.google.com/search?tbm=bks&q=State%20Police%20Feel%20Harassed%20Tamil%20News%204%20September%202006%20Dinamalar,
BI_Ch18_140,Note,18,Chapter 18: India’s Christian Umma,140,Unlinked note,"(Tuglaq, 25 July 2007)",,BI_Ch18_140,,,,,To do,,,,,,"No source matched: either a comment by the author, or a source to identify by hand"
BI_Ch18_141,Note,18,Chapter 18: India’s Christian Umma,141,Book/Print,"(Dinamalar, 22 November 2006) •",BI_B207,BI_Ch18_141_Dinamalar_State-Police-Feel-Harassed,"Dinamalar. ‘State Police Feel Harassed’ (Tamil). News, 4 September 2006.",,,,To do,,,,,https://www.google.com/search?tbm=bks&q=State%20Police%20Feel%20Harassed%20Tamil%20News%204%20September%202006%20Dinamalar,
BI_Ch19_01,Note,19,Chapter 19: India in the Clash of Civilizations,1,Book/Print,"(Ambedkar and G, 2001)",BI_B021,BI_Ch19_01_Ambedkar_Bharata-Ratna-Dr-B,"Ambedkar, Bhimrao Ramji, and Bhat, S.G. Bharata Ratna Dr B.R. Ambedkar and the Indian Constitution. Pondicherry: Journal Society, Dr Ambedkar Govt. Law College, 2001.",,,,To do,,,,,https://www.google.com/search?tbm=bks&q=Bharata%20Ratna%20Dr%20B%20R%20Ambedkar%20and%20the%20Indian%20Ambedkar,
BI_Ch19_02,Note,19,Chapter 19: India in the Clash of Civilizations,2,Unlinked note,"Though the website itself has been now removed, the map and its variants have been making the rounds in various anti-Indian websites since its first appearance in late 1990s.",,BI_Ch19_02,,,,,To do,,,,,,"No source matched: either a comment by the author, or a source to identify by hand"
BI_Ch19_03,Note,19,Chapter 19: India in the Clash of Civilizations,3,URL,"(Mangalwadi, 2008)",BI_B498,BI_Ch19_03_Mangalwadi_A-Radical-Proposal-for-a-Very-Difficult,"Mangalwadi, Vishal. ‘A Radical Proposal for a Very Difficult Situation in Orissa’, www.vishalmangalwadi.com. 2008. http://www.vishalmangalwadi.com/vkmwebSite/orissa_pioposal.pdf (accessed 10 January 2009).",http://www.vishalmangalwadi.com/vkmWebSite/orissa_proposal.pdf | http://www.vishalmangalwadi.com/vkmwebSite/orissa_pioposal.pdf,https://web.archive.org/web/20210410210014/http://www.vishalmangalwadi.com/vkmWebSite/orissa_proposal.pdf,Snapshot found,On OneDrive,,BI_B498_Mangalwadi_A-Radical-Proposal-for-a-Very-Difficult_vishalmangalwadi-com.pdf,https://1drv.ms/b/c/ACD215A5F926CFCE/IQDPSfshhDSKQ6pPGzMr-20HASaEshM7Jz5tELRS0jhkPR8?download=1,,,"Also cites: BI_B500, BI_B502, BI_B503 | Web address corrected from the earlier audit (the book's text read: http://www.vishalmangalwadi.com) | Page saved as PDF (cover page + copy) from Wayback snapshot on 2026-10-09"
BI_Ch19_04,Note,19,Chapter 19: India in the Clash of Civilizations,4,Unlinked note,"Quoted in (Fn:ston, 2004, 91)",,BI_Ch19_04,,,,,To do,,,,,,"No source matched: either a comment by the author, or a source to identify by hand"
BI_Ch19_05,Note,19,Chapter 19: India in the Clash of Civilizations,5,Book/Print,"Paul Freston states: ‘(Christianity) helped to create the very identities used today as rallying, cries;. . . . Naga nationalism is a classic case of ethnic ‘invention’ aided by religion - even perhaps as a union of the “tribes” on the Israelite model.’ (Freston, 2004, 88-9)",BI_B272,BI_Ch19_05_Freston_Evangelicals-and-Poliiics-in-Asia,"Freston, Paul. Evangelicals and Poliiics in Asia, Africa and Latin America, Cambridge University Press, 2004.",,,,To do,,,,88,https://www.google.com/search?tbm=bks&q=Evangelicals%20and%20Poliiics%20in%20Asia%20Africa%20and%20Latin%20America%20Freston,
BI_Ch19_06,Note,19,Chapter 19: India in the Clash of Civilizations,6,Book/Print,"According to the former chief secretary of Assam, NSCN - the main Maoist-Christian insurgency movement gets ‘financial support from the World Council of Churches’, (Rajkhowa, JP, 2008)",BI_B660,BI_Ch19_06_Rajkhowa_Christian-Conversions-and-North-East-India,"Rajkhowa, J.P. ‘Christian Conversions and North East India’. The Sentinel, 12 May 2008.",,,,To do,,,,,https://www.google.com/search?tbm=bks&q=Christian%20Conversions%20and%20North%20East%20India%20The%20Sentinel%2012%20Rajkhowa,
BI_Ch19_07,Note,19,Chapter 19: India in the Clash of Civilizations,7,Book/Print,"Quoted in (Freston, 2004, 89)",BI_B272,BI_Ch19_07_Freston_Evangelicals-and-Poliiics-in-Asia,"Freston, Paul. Evangelicals and Poliiics in Asia, Africa and Latin America, Cambridge University Press, 2004.",,,,To do,,,,89,https://www.google.com/search?tbm=bks&q=Evangelicals%20and%20Poliiics%20in%20Asia%20Africa%20and%20Latin%20America%20Freston,
BI_Ch19_08,Note,19,Chapter 19: India in the Clash of Civilizations,8,Unlinked note,"Frontline, 19 June 1992, p.5O",,BI_Ch19_08,,,,,To do,,,,,,"No source matched: either a comment by the author, or a source to identify by hand"
BI_Ch19_09,Note,19,Chapter 19: India in the Clash of Civilizations,9,Unlinked note,"(Arpil 2005, 352)",,BI_Ch19_09,,,,,To do,,,,,,"No source matched: either a comment by the author, or a source to identify by hand"
BI_Ch19_10,Note,19,Chapter 19: India in the Clash of Civilizations,10,Book/Print,"(BBC, 21 June 2006)",BI_B065,BI_Ch19_10_Bbc_India-Faces-Maoist-Red-Salute,"BBC. ‘India Faces Maoist “Red Salute’”. News, BBC, 21 June 2006.",,,,To do,,,,,https://www.google.com/search?tbm=bks&q=India%20Faces%20Maoist%20Red%20Salute%20News%20BBC%2021%20June%20BBC,
BI_Ch19_11,Note,19,Chapter 19: India in the Clash of Civilizations,11,Book/Print,"{India Today, 20 December 2007)",BI_B381,BI_Ch19_11_India-Today_Red-Corridor,"India Today. Red Corridor. News, India Today^ 20-Dec-2007.",,,,To do,,,,,https://www.google.com/search?tbm=bks&q=Red%20Corridor%20News%20India%20Today%2020%20Dec%202007%20India%20Today,
BI_Ch19_12,Note,19,Chapter 19: India in the Clash of Civilizations,12,URL,"(Mangalwadi, 2008) Interestingly, with the I ndian gove rnment declaring that Maoist terrorism is its chief concern in recent times, this link became extinct and subsequently, the new form appeared with references to Maoists removed. However, the article by Vishal Mangalwadhi is available on another evangelical-website (Mangalwadi, 2008)",BI_B504,BI_Ch19_12_Yoga-Five_Website-of-Vishal-Mangalwadi,— ‘Yoga: Five ways of Salvation in Hinduism’. Website of Vishal Mangalwadi. 2001. http://www.vishalmangalwadi.com/files/yoga.pdf (accessed 10 January 2009).,http://www.vishalmangalwadi.com/files/yoga.pdf,https://web.archive.org/web/20240622071411/http://www.vishalmangalwadi.com/files/yoga.pdf,Snapshot found,To do,,,,,,"[match: author+title] | download failed - live page: page is empty or is an error page, not a real copy / Wayback snapshot: page is empty or is an error page, not a real copy"
BI_Ch19_13,Note,19,Chapter 19: India in the Clash of Civilizations,13,Book/Print,"(GIS Development, 2008) Mining operations in Orissa have often generated protests from act ivists, with multinational forces aligning themselves on both sides of the battle. Their own agenda has been to turn the local populations into puppets. Thus, when Vedanta, a controversial company, gained mining rights in a tribal area, the issue was taken to forums in Europe by one of the NGOs, Actionaid. Following this, the Church of England announced that it would sell its stakes in Vedanta, revealing how multinational forces have interests in the Indian resources and how the entire process of decision making has shifted its centre of gravity outside India by both the multinationals and the NGOs. {The Economic Times^ 8 February 2010)",BI_B800,BI_Ch19_13_The-Economic_Vedanta-Hurt-by-Church-of-England-Decision,"The Economic Times. ‘Vedanta Hurt by Church of England Decision to Sell Stake’. News, 8 February 2010.",,,,To do,,,,,https://www.google.com/search?tbm=bks&q=Vedanta%20Hurt%20by%20Church%20of%20England%20Decision%20to%20Sell%20The%20Economic%20Times,[match: author+title]
BI_Ch19_14,Note,19,Chapter 19: India in the Clash of Civilizations,14,Book/Print,"(India Today, 30 March 1998)",BI_B380,BI_Ch19_14_India-Today_Desparate-Acts-of-Faith,"India Today. ‘Desparate Acts of Faith’. News, 30-Mar-1998.",,,,To do,,,,,https://www.google.com/search?tbm=bks&q=Desparate%20Acts%20of%20Faith%20News%2030%20Mar%201998%20India%20Today,
BI_Ch19_15,Note,19,Chapter 19: India in the Clash of Civilizations,15,Book/Print,"(PTI, 6 February 2010)",BI_B649,BI_Ch19_15_Pti_Nepal-s-3-Maoist-Parties-Join-for,"PTI. ‘Nepal’s 3 Maoist Parties Join for Anti-India Campaign’. News, Press Trust of India, 5 February 2010.",,,,To do,,,,,https://www.google.com/search?tbm=bks&q=Nepal%20s%203%20Maoist%20Parties%20Join%20for%20Anti%20India%20PTI,Also cites: BI_B650
BI_Ch19_16,Note,19,Chapter 19: India in the Clash of Civilizations,16,Book/Print,"(PTI, 5 October 2008)",BI_B653,BI_Ch19_16_Pti_why-Swami-Ltxmanananda-was-Killed,"PTI. ‘why Swami Ltxmanananda was Killed?’ News, Press Trust of India, 5 October 2003.",,,,To do,,,,,https://www.google.com/search?tbm=bks&q=why%20Swami%20Ltxmanananda%20was%20Killed%20News%20Press%20Trust%20of%20PTI,[match: author+title]
BI_Ch19_17,Note,19,Chapter 19: India in the Clash of Civilizations,17,URL,"For example: (Barnabas Fund ,2009)",BI_B059,BI_Ch19_17_Barnabas-Fund_Persecution-Continues-against-Christian-Communities-in-O,Barnabas Fund. ‘Persecution Continues against Christian Communities in Orissa. Will you help?’ December 2009. http://www.barnabasfund.org' UK/News/Archives/Persecution-continues-against-Christian-communities- in-Orissa-Will-you-help.html (accessed 10 January 2010).,http://www.barnabasfund.org,,,On OneDrive,,BI_B059_Barnabas-Fund_Persecution-Continues-against-Christian-Communities-in-O_barnabasfund-org.pdf,https://1drv.ms/b/c/ACD215A5F926CFCE/IQB3TkldqcMbQK--3aXm5CRIASLp5SMmABLJkqPxnQYCxA4?download=1,,,Page saved as PDF (cover page + copy) from live page on 2026-10-09
BI_Ch19_18,Note,19,Chapter 19: India in the Clash of Civilizations,18,Book/Print,"(Mahapatra, 4 September 2008)",BI_B490,BI_Ch19_18_Mahapatra_Kandhmal-Mystery-Surrounds-Swami-s-Death,"Mahapatra, Sampad. Kandhmal: Mystery Surrounds Swami's Death. News, NDTV, 4 September 2008.",,,,To do,,,,,https://www.google.com/search?tbm=bks&q=Kandhmal%20Mystery%20Surrounds%20Swami%20s%20Death%20News%20NDTV%204%20Mahapatra,
BI_Ch19_19,Note,19,Chapter 19: India in the Clash of Civilizations,19,URL,"(www.nerve.in, 2008)",BI_B989,BI_Ch19_19_Www_Review-of-Maryland-Dance-Festival,www.narthaki.com. Review of Maryland Dance Festival. 2007. http://www.narthaki.com/info/rev07/rev479.htrnl (accessed 19 September 2009). www.nerve.in. ‘India Slams European Parliament Resolution on Dalitsk February 2007. http://www.nerve.in/news:25350032769 (accessed 10 January 2009).,http://www.narthaki.com | http://www.narthaki.com/info/rev07/rev479.htrnl | http://www.nerve.in | http://www.nerve.in/news:25350032769,,,On OneDrive,,BI_B989_Www_Review-of-Maryland-Dance-Festival_narthaki-com.pdf,https://1drv.ms/b/c/ACD215A5F926CFCE/IQCPa58FG85HS4WBFpVAGMJQASo6Vm36ZS08ANjXIprKk18?download=1,,,[match: same web address] | Page saved as PDF (cover page + copy) from live page on 2026-10-08
BI_Ch19_20,Note,19,Chapter 19: India in the Clash of Civilizations,20,URL,"(Mangalwadi, 2008)",BI_B498,BI_Ch19_20_Mangalwadi_A-Radical-Proposal-for-a-Very-Difficult,"Mangalwadi, Vishal. ‘A Radical Proposal for a Very Difficult Situation in Orissa’, www.vishalmangalwadi.com. 2008. http://www.vishalmangalwadi.com/vkmwebSite/orissa_pioposal.pdf (accessed 10 January 2009).",http://www.vishalmangalwadi.com/vkmWebSite/orissa_proposal.pdf | http://www.vishalmangalwadi.com/vkmwebSite/orissa_pioposal.pdf,https://web.archive.org/web/20210410210014/http://www.vishalmangalwadi.com/vkmWebSite/orissa_proposal.pdf,Snapshot found,On OneDrive,,BI_B498_Mangalwadi_A-Radical-Proposal-for-a-Very-Difficult_vishalmangalwadi-com.pdf,https://1drv.ms/b/c/ACD215A5F926CFCE/IQDPSfshhDSKQ6pPGzMr-20HASaEshM7Jz5tELRS0jhkPR8?download=1,,,"Also cites: BI_B500, BI_B502, BI_B503 | Web address corrected from the earlier audit (the book's text read: http://www.vishalmangalwadi.com) | Page saved as PDF (cover page + copy) from Wayback snapshot on 2026-10-09"
BI_Ch19_21,Note,19,Chapter 19: India in the Clash of Civilizations,21,Book/Print,"(The Economic Times, 1 October 2009)",BI_B794,BI_Ch19_21_The-Economic_Arms-Found-from-Rehab-Centre-in-Kandhamal,"The Economic Times. ‘Arms Found from Rehab Centre in Kandhamal’. News, The Economic Times, 1 October 2009.",,,,To do,,,,,https://www.google.com/search?tbm=bks&q=Arms%20Found%20from%20Rehab%20Centre%20in%20Kandhamal%20News%20The%20The%20Economic%20Times,"Also cites: BI_B796, BI_B797"
BI_Ch19_22,Note,19,Chapter 19: India in the Clash of Civilizations,22,URL,"(A. Bhattacharya, 2008)",BI_B079,BI_Ch19_22_Bhattacharya_China-and-Maoist-Nepal-Challenges-for-India,"Bhattacharya, Abanti. ‘China and Maoist Nepal: Challenges for India’. Institute for Defence Studies and Analyses: IDSA Strategic comments. 23 May 2008. http://www.idsa.in/publications/stratcGmments/AbantiBhattacharya230508.htm (accessed 23 August 2009).",http://www.idsa.in/publications/stratcomments/AbantiBhattacharya230508.htm,https://web.archive.org/web/20090416105335/http://www.idsa.in:80/publications/stratcomments/AbantiBhattacharya230508.htm,Snapshot found,On OneDrive,,BI_B079_Bhattacharya_China-and-Maoist-Nepal-Challenges-for-India_idsa-in.pdf,https://1drv.ms/b/c/ACD215A5F926CFCE/IQAYD_52cHqKTJY0o2SzIFuMAY1sY3LZ-QudLTd6kkHWVJU?download=1,,,Web address corrected from the earlier audit (the book's text read: http://www.idsa.in/publications/stratcGmments/AbantiBhattacharya230508.htm) | Page saved as PDF (cover page + copy) from Wayback snapshot on 2026-10-09
BI_Ch19_23,Note,19,Chapter 19: India in the Clash of Civilizations,23,Book/Print,"(The Times of India, 24 August 2008)",BI_B858,BI_Ch19_23_The-Times_Cops-had-SIMI-Email-Intercepts-in-2001,"The Times of India. ‘Cops had SIMI Email Intercepts in 2001’. News, 23 August 2008.",,,,To do,,,,,https://www.google.com/search?tbm=bks&q=Cops%20had%20SIMI%20Email%20Intercepts%20in%202001%20News%2023%20The%20Times%20of%20India,"Also cites: BI_B864, BI_B870"
BI_Ch19_24,Note,19,Chapter 19: India in the Clash of Civilizations,24,URL,"(www.telegraphnepal.com, 2009)",BI_B1010,BI_Ch19_24_Www_India-Nepal-China-Roti-Beti-Vs-Latta,www.telegraphnepal.com. India-Nepal-China: Roti-Beti Vs Latta-Kapada. 8 April 2009. http://www.telegraphnepal.com/news_det.phpPnews_id=5169 (accessed 10 May 2009).,http://www.telegraphnepal.com | http://www.telegraphnepal.com/news_det.phpPnews_id=5169,,,On OneDrive,,BI_B1010_Www_India-Nepal-China-Roti-Beti-Vs-Latta_telegraphnepal-com.pdf,https://1drv.ms/b/c/ACD215A5F926CFCE/IQCttusV-DnASYUjflwdLM3LAdtrtjgcukSPaaFoex-fykA?download=1,,,Also cites: BI_B1011 | Page saved as PDF (cover page + copy) from live page on 2026-10-09
BI_Ch19_25,Note,19,Chapter 19: India in the Clash of Civilizations,25,URL,"(Gumaste, 2009)",BI_B312,BI_Ch19_25_Gumaste_Are-Nepal-s-Maoists-a-threat-to,"Gumaste, Vivek. ‘Are Nepal’s Maoists a threat to India?’ Rediff News. 15 September 2009. http://news.rediff.com/column/2009/sep/15/gITest-are-nepal-maoists-a-threat-to-india.htm (accessed 2 October 2009).",http://news.rediff.com/column/2009/sep/15/guest-are-nepal-maoists-a-threat-to-india.htm,,,On OneDrive,,BI_B312_Gumaste_Are-Nepal-s-Maoists-a-threat-to_news-rediff-com.pdf,https://1drv.ms/b/c/ACD215A5F926CFCE/IQCsR4-6GH_rRbEIyx9A39RkAcTWnjh_f2vT3RNe1j67Krw?download=1,,,Web address corrected from the earlier audit (the book's text read: http://news.rediff.com/column/2009/sep/15/gITest-are-nepal-maoists-a-threat-to-india.htm) | Page saved as PDF (cover page + copy) from live page on 2026-10-09
BI_Ch19_26,Note,19,Chapter 19: India in the Clash of Civilizations,26,Book/Print,"(Daily News Agency, 4 January 2009)",BI_B153,BI_Ch19_26_Daily-News_Sacking-of-Indian-priests-in-Nepal-sparks,"Daily News Agency. ‘Sacking of Indian priests in Nepal sparks protests’. News, Daily News Agency, 4 January 2009.",,,,To do,,,,,https://www.google.com/search?tbm=bks&q=Sacking%20of%20Indian%20priests%20in%20Nepal%20sparks%20protests%20News%20Daily%20News%20Agency,
BI_Ch19_27,Note,19,Chapter 19: India in the Clash of Civilizations,27,Book/Print,(The Times of India 5 September 2009),BI_B859,BI_Ch19_27_The-Times_Caste-Bias-Can-t-be-Equated-with,"The Times of India. ‘Caste Bias Can’t be Equated with Racism: India’. News, 18 April 2009.",,,,To do,,,,,https://www.google.com/search?tbm=bks&q=Caste%20Bias%20Can%20t%20be%20Equated%20with%20Racism%20India%20The%20Times%20of%20India,"Also cites: BI_B860, BI_B862, BI_B863, BI_B865, BI_B866, BI_B867, BI_B869, BI_B874"
BI_Ch19_28,Note,19,Chapter 19: India in the Clash of Civilizations,28,URL,"(Nayak, 2009)",BI_B564,BI_Ch19_28_Nayak_Nepal-New-Strategic-Partner-of-China,"Nayak, Nihar. ‘Nepal: New ‘Strategic Partner’ of China?’ Institute for Defense Studies and Analyses: IDS A Strategic comments. 30 March 2009. http://www.idsa.in/publications/stratcomments/NiharNayak300309.html (accessed 15 May 2009).",http://www.idsa.in/publications/stratcomments/NiharNayak300309.html,https://web.archive.org/web/20090425134817/http://idsa.in:80/publications/stratcomments/NiharNayak300309.html,Snapshot found,On OneDrive,,BI_B564_Nayak_Nepal-New-Strategic-Partner-of-China_idsa-in.pdf,https://1drv.ms/b/c/ACD215A5F926CFCE/IQD4BXppUDIjRqKKWs1yTTUxAc4IARgOCFJw9JIO11jI668?download=1,,,Page saved as PDF (cover page + copy) from Wayback snapshot on 2026-10-09
BI_Ch19_29,Note,19,Chapter 19: India in the Clash of Civilizations,29,Book/Print,"(Margolis, 2000, 213)",BI_B508,BI_Ch19_29_Margolis_War-at-the-Top-of-the-World,"Margolis, Eric'S. War at the Top of the World: The Struggle for /Afghanistan, Kashmir, and Tibet.. Routledge, 2000.",,,,To do,,,,213,https://www.google.com/search?tbm=bks&q=War%20at%20the%20Top%20of%20the%20World%20The%20Struggle%20Margolis,
BI_Ch19_30,Note,19,Chapter 19: India in the Clash of Civilizations,30,URL,"(www.telegraphnepal.com, 2009)",BI_B1010,BI_Ch19_30_Www_India-Nepal-China-Roti-Beti-Vs-Latta,www.telegraphnepal.com. India-Nepal-China: Roti-Beti Vs Latta-Kapada. 8 April 2009. http://www.telegraphnepal.com/news_det.phpPnews_id=5169 (accessed 10 May 2009).,http://www.telegraphnepal.com | http://www.telegraphnepal.com/news_det.phpPnews_id=5169,,,On OneDrive,,BI_B1010_Www_India-Nepal-China-Roti-Beti-Vs-Latta_telegraphnepal-com.pdf,https://1drv.ms/b/c/ACD215A5F926CFCE/IQCttusV-DnASYUjflwdLM3LAdtrtjgcukSPaaFoex-fykA?download=1,,,Also cites: BI_B1011 | Page saved as PDF (cover page + copy) from live page on 2026-10-09
BI_Ch19_31,Note,19,Chapter 19: India in the Clash of Civilizations,31,Book/Print,"(The Wall Street Journal, 3 October 2009)",BI_B846,BI_Ch19_31_The-Wall_With-Increasing-Water-Needs,"The Wall Street Journal. ‘With Increasing Water Needs, Will China Dehydrate India?’. Online News, 3 October 2009.",,,,To do,,,,,https://www.google.com/search?tbm=bks&q=With%20Increasing%20Water%20Needs%20Will%20China%20Dehydrate%20India%20Online%20The%20Wall%20Street%20Journal,
BI_Ch19_32,Note,19,Chapter 19: India in the Clash of Civilizations,32,URL,"(Golder, 2008)",BI_B304,BI_Ch19_32_Golder_Maoists-and-the-church-Strange-Bedfellows-in,"Golder, Evan W. ‘Maoists and the church: Strange Bedfellows in an Emerging New Nepal’. 10 May 2008. http://www.globalministries.org/news/sasia/maoists-and-the-church.html (accessed 11 December 2009).",http://www.globalministries.org/news/sasia/maoists-and-the-church.html,https://web.archive.org/web/20140723040302/http://globalministries.org/news/sasia/maoists-and-the-church.html,Snapshot found,On OneDrive,,BI_B304_Golder_Maoists-and-the-church-Strange-Bedfellows-in_globalministries-org.pdf,https://1drv.ms/b/c/ACD215A5F926CFCE/IQCgbY-UUFBYSID_iTAOdVGsAY_YLMbMA_Gi8a3BuoA1ZhA?download=1,,,Page saved as PDF (cover page + copy) from Wayback snapshot on 2026-10-09
BI_Ch19_33,Note,19,Chapter 19: India in the Clash of Civilizations,33,URL,"(NCCN, 2007)",BI_B569,BI_Ch19_33_Nccn_National-Council-of-Churches-of-Nepal-Activities,NCCN. ‘National Council of Churches of Nepal: Activities’. May 2007. http://nccnepal.org/activities/ (accessed 10 January 2010).,http://nccnepal.org/activities/,,,To do,,,,,,download failed - live page: Page.goto: net::ERR_NAME_NOT_RESOLVED at http://nccnepal.org/activitie
BI_Ch19_34,Note,19,Chapter 19: India in the Clash of Civilizations,34,Book/Print,"(Telegraph (UK), 29 September 2009)",BI_B777,BI_Ch19_34_Telegraph-Uk_UN-Says-Caste-System-is-a-Human,"Telegraph (UK). ‘UN Says Caste System is a Human Rights Abuse’. News, 29 September 2009.",,,,To do,,,,,https://www.google.com/search?tbm=bks&q=UN%20Says%20Caste%20System%20is%20a%20Human%20Rights%20Abuse%20Telegraph%20%28UK%29,
BI_Ch19_35,Note,19,Chapter 19: India in the Clash of Civilizations,35,Book/Print,"(The Indian Express, 28 July 2008)",BI_B830,BI_Ch19_35_The-Indian_Nepali-Maoists-Infiltrate-into-India,"The Indian Express. ‘Nepali Maoists Infiltrate into India, Spotted in Orissa’. News, Indian Express, 28 July 2008.",,,,To do,,,,,https://www.google.com/search?tbm=bks&q=Nepali%20Maoists%20Infiltrate%20into%20India%20Spotted%20in%20Orissa%20News%20The%20Indian%20Express,
BI_Ch19_36,Note,19,Chapter 19: India in the Clash of Civilizations,36,Book/Print,"(The Times of India, 3 November 2009)",BI_B863,BI_Ch19_36_The-Times_Nepal-Maoists-Admit-Link-v-lth-Indian,"The Times of India. ‘Nepal Maoists Admit Link v'lth Indian Naxals’. News, The Times of India, 3 November 2009.",,,,To do,,,,,https://www.google.com/search?tbm=bks&q=Nepal%20Maoists%20Admit%20Link%20v%20lth%20Indian%20Naxals%20News%20The%20Times%20of%20India,[match: author+title]
BI_Ch19_37,Note,19,Chapter 19: India in the Clash of Civilizations,37,Book/Print,"(Asia Times, 6 February 2010)",BI_B045,BI_Ch19_37_Asia-Times_Nepal-Trying-to-March-in-Step,Asia Times. ‘Nepal Trying to March in Step’. 6 February 2010.,,,,To do,,,,,https://www.google.com/search?tbm=bks&q=Nepal%20Trying%20to%20March%20in%20Step%206%20February%202010%20Asia%20Times,
BI_Ch19_38,Note,19,Chapter 19: India in the Clash of Civilizations,38,Book/Print,"(PTI, 5 February 2010)",BI_B649,BI_Ch19_38_Pti_Nepal-s-3-Maoist-Parties-Join-for,"PTI. ‘Nepal’s 3 Maoist Parties Join for Anti-India Campaign’. News, Press Trust of India, 5 February 2010.",,,,To do,,,,,https://www.google.com/search?tbm=bks&q=Nepal%20s%203%20Maoist%20Parties%20Join%20for%20Anti%20India%20PTI,Also cites: BI_B650
BI_Ch19_39,Note,19,Chapter 19: India in the Clash of Civilizations,39,Book/Print,"(Menon and Nigam, 2007, 144)",BI_B527,BI_Ch19_39_Menon_Power-and-Contestation-India-Since-1989,"Menon, Nivedita, and Aditya Nigam. Power and Contestation: India Since 1989. Zed Books, 2007.",,,,To do,,,,144,https://www.google.com/search?tbm=bks&q=Power%20and%20Contestation%20India%20Since%201989%20Zed%20Books%202007%20Menon,
BI_Ch19_40,Note,19,Chapter 19: India in the Clash of Civilizations,40,Book/Print,"(Capie, 2004, 204-5)",BI_B110,BI_Ch19_40_Capie_Trading-the-Tools-of-Terror-Armed-Groups,"Capie, David. ‘Trading the Tools of Terror: Armed Groups and Light Weapons Proliferation in Southeast Asia’. In Terrorism and Violence in Southeast Asia: Trans national C hallenges to States and Regional Stability, by Paul J. Smith and Sharpe, M.E., 2004.",,,,To do,,,,204,https://www.google.com/search?tbm=bks&q=Trading%20the%20Tools%20of%20Terror%20Armed%20Groups%20and%20Light%20Capie,
BI_Ch19_41,Note,19,Chapter 19: India in the Clash of Civilizations,41,Book/Print,"(Karim, 1993, 64-5)",BI_B423,BI_Ch19_41_Karim_Gen,"Karim, Afsir (Maj. Gen.) Transnational Terrorism, the Danger in the South. Lancer Publications, 1993.",,,,To do,,,,64,https://www.google.com/search?tbm=bks&q=Gen%20Transnational%20Terrorism%20the%20Danger%20in%20the%20South%20Lancer%20Karim,
BI_Ch19_42,Note,19,Chapter 19: India in the Clash of Civilizations,42,Book/Print,"(Maitra, 2003)",BI_B491,BI_Ch19_42_Maitra_India-s-Maoists-on-a-Growth-Spurt,"Maitra, Ramtanu. ‘India’s Maoists on a Growth Spurt’. Asia Times, 23 August 2003.",,,,To do,,,,,https://www.google.com/search?tbm=bks&q=India%20s%20Maoists%20on%20a%20Growth%20Spurt%20Asia%20Times%20Maitra,
BI_Ch19_43,Note,19,Chapter 19: India in the Clash of Civilizations,43,URL,"(Roy, 2009)",BI_B701,BI_Ch19_43_Roy_The-Heart-of-India-is-Under-Attack,"Roy, Arundhati. The Heart of India is Under Attack. 30 October 2009. http://www.guardian.co.uk/commentisfree/2009/oct/30/ (accessed March 2010).",http://www.guardian.co.uk/commentisfree/2009/oct/30/,,,On OneDrive,,BI_B701_Roy_The-Heart-of-India-is-Under-Attack_guardian-co-uk.pdf,https://1drv.ms/b/c/ACD215A5F926CFCE/IQDBHBh6NuviSpVXYWnOaSu9AdVypJKxlQm2x24gPmSoYe0?download=1,,,Page saved as PDF (cover page + copy) from live page on 2026-10-09
BI_Ch19_44,Note,19,Chapter 19: India in the Clash of Civilizations,44,URL,"(Parashar, 2009)",BI_B609,BI_Ch19_44_Parashar_A-Response-tu-Arundhati-Roy-The-heart,"Parashar, S\^ati. ‘A Response tu Arundhati Roy: The heart of India is under attack’. South Asian Analysis Group. 5 November 2009. http://www.southasiaanalysis.org//papers35/paper3489.html (accessed 20 March 2010).",http://www.southasiaanalysis.org//papers35/paper3489.html,,,To do,,,,,,download failed - live page: web server answered HTTP 522
BI_Ch19_45,Note,19,Chapter 19: India in the Clash of Civilizations,45,Book/Print,"(Singh and Diwan, 2010)",BI_B739,BI_Ch19_45_Singh_A-History-of-Ancient-and-Early-Medieval,"Singh, Upinder. A History of Ancient and Early Medieval India: From the Stone. Age to the 12th Century, Pearson Education India, 2009.",,,,To do,,,,,https://www.google.com/search?tbm=bks&q=A%20History%20of%20Ancient%20and%20Early%20Medieval%20India%20From%20Singh,[match: author only (unique)]
BI_Ch19_46,Note,19,Chapter 19: India in the Clash of Civilizations,46,URL,"(Roy, Walking With the Comrades, 2010)",BI_B701,BI_Ch19_46_Roy_The-Heart-of-India-is-Under-Attack,"Roy, Arundhati. The Heart of India is Under Attack. 30 October 2009. http://www.guardian.co.uk/commentisfree/2009/oct/30/ (accessed March 2010).",http://www.guardian.co.uk/commentisfree/2009/oct/30/,,,On OneDrive,,BI_B701_Roy_The-Heart-of-India-is-Under-Attack_guardian-co-uk.pdf,https://1drv.ms/b/c/ACD215A5F926CFCE/IQDBHBh6NuviSpVXYWnOaSu9AdVypJKxlQm2x24gPmSoYe0?download=1,,,Page saved as PDF (cover page + copy) from live page on 2026-10-09
BI_Ch19_47,Note,19,Chapter 19: India in the Clash of Civilizations,47,Book/Print,"(Singh and Diwan, 2010)",BI_B739,BI_Ch19_47_Singh_A-History-of-Ancient-and-Early-Medieval,"Singh, Upinder. A History of Ancient and Early Medieval India: From the Stone. Age to the 12th Century, Pearson Education India, 2009.",,,,To do,,,,,https://www.google.com/search?tbm=bks&q=A%20History%20of%20Ancient%20and%20Early%20Medieval%20India%20From%20Singh,[match: author only (unique)]
BI_Ch19_48,Note,19,Chapter 19: India in the Clash of Civilizations,48,Book/Print,"(Devji, 2010)",BI_B193,BI_Ch19_48_Devji_Why-the-Maoists-Want-Arundhati-Rcy,"Devji, Faisal. ‘Why the Maoists Want Arundhati Rcy’. The Guardian, 9 March 2010.",,,,To do,,,,,https://www.google.com/search?tbm=bks&q=Why%20the%20Maoists%20Want%20Arundhati%20Rcy%20The%20Guardian%209%20Devji,
BI_Ch19_49,Note,19,Chapter 19: India in the Clash of Civilizations,49,URL,"(Roy, 2010)",BI_B701,BI_Ch19_49_Roy_The-Heart-of-India-is-Under-Attack,"Roy, Arundhati. The Heart of India is Under Attack. 30 October 2009. http://www.guardian.co.uk/commentisfree/2009/oct/30/ (accessed March 2010).",http://www.guardian.co.uk/commentisfree/2009/oct/30/,,,On OneDrive,,BI_B701_Roy_The-Heart-of-India-is-Under-Attack_guardian-co-uk.pdf,https://1drv.ms/b/c/ACD215A5F926CFCE/IQDBHBh6NuviSpVXYWnOaSu9AdVypJKxlQm2x24gPmSoYe0?download=1,,,Page saved as PDF (cover page + copy) from live page on 2026-10-09
BI_Ch19_50,Note,19,Chapter 19: India in the Clash of Civilizations,50,Unlinked note,"(The Hi-adu, 20 February 2010)",,BI_Ch19_50,,,,,To do,,,,,,"No source matched: either a comment by the author, or a source to identify by hand"
BI_Ch19_51,Note,19,Chapter 19: India in the Clash of Civilizations,51,Book/Print,"{Hindustan Times, 07 April 2010)",BI_B336,BI_Ch19_51_Hindustan-Times_Ravana-is-a-hero-for-Sirihala-nationalists,"Hindustan Times. ‘Ravana is a hero for Sirihala nationalists’. Hindustan Times, 23 September 2007.",,,,To do,,,,,https://www.google.com/search?tbm=bks&q=Ravana%20is%20a%20hero%20for%20Sirihala%20nationalists%20Hindustan%20Times%20Hindustan%20Times,[match: author only (unique)]
BI_Ch19_52,Note,19,Chapter 19: India in the Clash of Civilizations,52,Book/Print,"(PTI, 30 March 2010)",BI_B649,BI_Ch19_52_Pti_Nepal-s-3-Maoist-Parties-Join-for,"PTI. ‘Nepal’s 3 Maoist Parties Join for Anti-India Campaign’. News, Press Trust of India, 5 February 2010.",,,,To do,,,,,https://www.google.com/search?tbm=bks&q=Nepal%20s%203%20Maoist%20Parties%20Join%20for%20Anti%20India%20PTI,Also cites: BI_B650
BI_Ch19_53,Note,19,Chapter 19: India in the Clash of Civilizations,53,Unlinked note,"(Cath Mews India, 2010)",,BI_Ch19_53,,,,,To do,,,,,,"No source matched: either a comment by the author, or a source to identify by hand"
BI_Ch19_54,Note,19,Chapter 19: India in the Clash of Civilizations,54,Unlinked note,"{The Times of India, 2010)",,BI_Ch19_54,,,,,To do,,,,,,"No source matched: either a comment by the author, or a source to identify by hand"
BI_Ch19_55,Note,19,Chapter 19: India in the Clash of Civilizations,55,Unlinked note,"(Crotty, 2005)",,BI_Ch19_55,,,,,To do,,,,,,"No source matched: either a comment by the author, or a source to identify by hand"
BI_Ch19_56,Note,19,Chapter 19: India in the Clash of Civilizations,56,Unlinked note,"For example, the article Ambrose Pinto wrote denouncing Indian government’s offensive against Maoists titled ‘why we Oppose Green Hunt.^’ w as first published in Mainstream, a Delhi-based left magazine and was later featured in JESA website (Pinto, 2010)",,BI_Ch19_56,,,,,To do,,,,,,"No source matched: either a comment by the author, or a source to identify by hand"
BI_Ch19_57,Note,19,Chapter 19: India in the Clash of Civilizations,57,Unlinked note,"(Pinto, 2010)",,BI_Ch19_57,,,,,To do,,,,,,"No source matched: either a comment by the author, or a source to identify by hand"
BI_Ch19_58,Note,19,Chapter 19: India in the Clash of Civilizations,58,Unlinked note,"(Cath News India, 2010)",,BI_Ch19_58,,,,,To do,,,,,,"No source matched: either a comment by the author, or a source to identify by hand"
BI_Ch19_59,Note,19,Chapter 19: India in the Clash of Civilizations,59,Unlinked note,"(Manjooran, 20C3) Despite the anti-imperialist postures of liberation theology in Asia, it has strong ties with US agencies. For example, when secular-left rebels threatened to overrun the corrupt Marcos rule in Philiphines, liberation theology was used by the Church to gain entry into and control the left-radical movement. US-funded Radio Veritas served the cause of liberation theologians and CIA played a proactive role in helping the liberation theologian Jesuit Cardinal Jaime Sin in the overthrow of Marcos and election of Aquino. This helped clergy to expand their interventions in the secular polty and prevent the left from take over. (Pomeroy, 1992, 280) Bastan wielenga an Asian Liberation Theologian explains that this led to ‘a political situation in which the Maoist-oriented left lost part of its influerce and is now facing a split. This has probably reduced the appeal of the “theology of struggle” as far as support for the armed struggle is concerned’ (wielenga, 2007, 72) Naturally for such theologically motivated radical cadre, countries like India can become an outlet and strategic playgrounds. As Wielenga candidly states, ‘the struggle for democratic rights is not enough just as the change of governments through parliamentary elections in India or Sri Lanka is not enough. The question is not only that of the use of violent or non violent means in the overthrow of a repressive government. The question is how and by whom ... to initiate a liberating transformation of society.’ (Wielenga, 2007, 72) The subtext here is that the secular . democracy is not enough for Asian countries and that the social problems the developing countries face should be used as opportunities to initiate ‘a liberating transformation of society’, which is of course Christianity in non-Christian countries, through the ‘use of violent or non-violent means’.",,BI_Ch19_59,,,,,To do,,,,,,"No source matched: either a comment by the author, or a source to identify by hand"
BI_Ch19_60,Note,19,Chapter 19: India in the Clash of Civilizations,60,Unlinked note,"(Ben, 2010)",,BI_Ch19_60,,,,,To do,,,,,,"No source matched: either a comment by the author, or a source to identify by hand"
BI_Ch19_61,Note,19,Chapter 19: India in the Clash of Civilizations,61,Book/Print,"(P. More, 1997, 176)",BI_B543,BI_Ch19_61_More_Political-Evolution-of-Muslims-in-Tamilnadu-and,"More, Prashant J.B. Political Evolution of Muslims in Tamilnadu and Madras 1930-1947. Hyderabad: Orient Blackswan, 1997.",,,,To do,,,,176,https://www.google.com/search?tbm=bks&q=Political%20Evolution%20of%20Muslims%20in%20Tamilnadu%20and%20Madras%201930%20More,
BI_Ch19_62,Note,19,Chapter 19: India in the Clash of Civilizations,62,Book/Print,"Mahomed Ali Jinnah, quoted in (Johari, J.C,, 1993, 198)",BI_B406,BI_Ch19_62_Johari_Voices-of-Indian-Freedom-Movement,"Johari, J.C. Voices of Indian Freedom Movement. New Delhi: Anmol Publications, 1993.",,,,To do,,,,198,https://www.google.com/search?tbm=bks&q=Voices%20of%20Indian%20Freedom%20Movement%20New%20Delhi%20Anmol%20Publications%20Johari,
BI_Ch19_63,Note,19,Chapter 19: India in the Clash of Civilizations,63,URL,"(R. Rao, 2009)",BI_B677,BI_Ch19_63_Rao_EVR,"Rao, Ramakrishna K.V. ‘EVR, Ambedkar and Jinnah: A Historically Important Meeting’. (Tamil) Thinnai. 15 January 2009. http://www.thinnai.com. » com/?module=displaystory&;story_id=20901159&:format=html&ceditiGn_ id=20090115 (accessed 20 January 2009).",http://www.thinnai.com,,,On OneDrive,,BI_B677_Rao_EVR_thinnai-com.pdf,https://1drv.ms/b/c/ACD215A5F926CFCE/IQCtiVHoVJ3GSq2ZRSaap4yIAbLtNHWUI2ml3keF-NwQT4I?download=1,,,Also cites: BI_B678 | Page saved as PDF (cover page + copy) from live page on 2026-10-09
BI_Ch19_64,Note,19,Chapter 19: India in the Clash of Civilizations,64,Book/Print,"(Menon, V.P., 1998, 106)",BI_B528,BI_Ch19_64_Menon_Transfer-of-Power-in-India,"Menon, V.P. Transfer of Power in India. Hyderabad: Orient Longman, 1998.",,,,To do,,,,106,https://www.google.com/search?tbm=bks&q=Transfer%20of%20Power%20in%20India%20Hyderabad%20Orient%20Longman%201998%20Menon,
BI_Ch19_65,Note,19,Chapter 19: India in the Clash of Civilizations,65,Book/Print,"(P. More, 1997, 179)",BI_B543,BI_Ch19_65_More_Political-Evolution-of-Muslims-in-Tamilnadu-and,"More, Prashant J.B. Political Evolution of Muslims in Tamilnadu and Madras 1930-1947. Hyderabad: Orient Blackswan, 1997.",,,,To do,,,,179,https://www.google.com/search?tbm=bks&q=Political%20Evolution%20of%20Muslims%20in%20Tamilnadu%20and%20Madras%201930%20More,
BI_Ch19_66,Note,19,Chapter 19: India in the Clash of Civilizations,66,Unlinked note,"DMK is an abbreviation of Dravida Munnetra Kazhakam, or Dravidian Upliftment Association.",,BI_Ch19_66,,,,,To do,,,,,,"No source matched: either a comment by the author, or a source to identify by hand"
BI_Ch19_67,Note,19,Chapter 19: India in the Clash of Civilizations,67,Unlinked note,"(Subramrniam, 1993, 271)",,BI_Ch19_67,,,,,To do,,,,,,"No source matched: either a comment by the author, or a source to identify by hand"
BI_Ch19_68,Note,19,Chapter 19: India in the Clash of Civilizations,68,Book/Print,"(CBCID, 1999)",BI_B115,BI_Ch19_68_Cbcid_Press-Note,"CBCID. ‘Press Note’. Chennai, (Coimbatore Camp): Office of the Inspector General of Police, Crime (SIT), CBCID, Admiralty House, 5 May 1999.",,,,To do,,,,,https://www.google.com/search?tbm=bks&q=Press%20Note%20Chennai%20Coimbatore%20Camp%20Office%20of%20the%20Inspector%20CBCID,
BI_Ch19_69,Note,19,Chapter 19: India in the Clash of Civilizations,69,Book/Print,"(Shourie, 1994)",BI_B738,BI_Ch19_69_Shourie_Muslims,"Shourie, Arun. ‘Muslims ... were looking to Pakistan for help ...’. The Observer, 16 December 1994.",,,,To do,,,,,https://www.google.com/search?tbm=bks&q=Muslims%20were%20looking%20to%20Pakistan%20for%20help%20The%20Observer%20Shourie,
BI_Ch19_70,Note,19,Chapter 19: India in the Clash of Civilizations,70,URL,"(Ludra, 2000)",BI_B475,BI_Ch19_70_Ludra_Inter-Services-Intelligence-Directorate-s-Fourth-Leg,"Ludra, Thakur Kuldip S. ‘Inter Services Intelligence Directorate’s Fourth Leg in India - The AI Ummah cited in (P. G. Rajamohan) Tamil Nadu: The Rise of Islamist Fundamentalism’. South Asia Terrorism Portal. 2000. htrp://www.satp.org/satporgtp/publication/faultlines/volumel67Article5. htm (accessed 10 March 2009).",http://www.satp.org/satporgtp/publication/faultlines/volumel67Article5,,,To do,,,,,,download failed - live page: web server answered HTTP 404
BI_Ch19_71,Note,19,Chapter 19: India in the Clash of Civilizations,71,Book/Print,"(Raman, B, 2002)",BI_B672,BI_Ch19_71_Raman_Islamic-Terrorism-in-India-Hydra-Headed-Monster,"Raman, B. Islamic Terrorism in India: Hydra Headed Monster. Paper No. 526, 03 October 2002, South Asia Analysis Group, 2002.",,,,To do,,,,,https://www.google.com/search?tbm=bks&q=Islamic%20Terrorism%20in%20India%20Hydra%20Headed%20Monster%20Paper%20No%20Raman,
BI_Ch19_72,Note,19,Chapter 19: India in the Clash of Civilizations,72,Book/Print,"{The Week, 12 August 1990)",BI_B848,BI_Ch19_72_The-Week_Fervour-of-the-Fanatics,"The Week. ‘Fervour of the Fanatics’. Investigative Report, 12 August 1990.",,,,To do,,,,,https://www.google.com/search?tbm=bks&q=Fervour%20of%20the%20Fanatics%20Investigative%20Report%2012%20August%201990%20The%20Week,
BI_Ch19_73,Note,19,Chapter 19: India in the Clash of Civilizations,73,Book/Print,"{The Week, 12 August 1990)",BI_B848,BI_Ch19_73_The-Week_Fervour-of-the-Fanatics,"The Week. ‘Fervour of the Fanatics’. Investigative Report, 12 August 1990.",,,,To do,,,,,https://www.google.com/search?tbm=bks&q=Fervour%20of%20the%20Fanatics%20Investigative%20Report%2012%20August%201990%20The%20Week,
BI_Ch19_74,Note,19,Chapter 19: India in the Clash of Civilizations,74,Book/Print,"(CBCID, 1998)",BI_B116,BI_Ch19_74_Press-Note_Chennai,"— ‘Press Note’. Chennai, (Coimbatore Camp): Office of the Inspector General of Police, Crime (SIT),CBCID, Admiralty House, 28 September 1998.",,,,To do,,,,,https://www.google.com/search?tbm=bks&q=Chennai%20Coimbatore%20Camp%20Office%20of%20the%20Inspector%20General%20of%20%E2%80%94%20%E2%80%98Press%20Note%E2%80%99,
BI_Ch19_75,Note,19,Chapter 19: India in the Clash of Civilizations,75,URL,"(Dhar, 2008)",BI_B199,BI_Ch19_75_Dhar_South-India-and-the-Enemies-Within,"Dhar, Maloy Krishna. ‘South India and the Enemies Within’, sify.com. 27 February 2008. http://sify.com/news/fullstory.php?id=14611728 (accessed 10 March 2009).",http://sify.com/news/fullstory.php?id=14611728,https://web.archive.org/web/20090208151110/http://sify.com:80/news/fullstory.php?id=14611728,Snapshot found,On OneDrive,,BI_B199_Dhar_South-India-and-the-Enemies-Within_sify-com.pdf,https://1drv.ms/b/c/ACD215A5F926CFCE/IQD1yEb_G9iRQ5a2eS6yAJpjAQ2mfrXEXBzTgsaAgEcoFzg?download=1,,,Page saved as PDF (cover page + copy) from Wayback snapshot on 2026-10-09
BI_Ch19_76,Note,19,Chapter 19: India in the Clash of Civilizations,76,Unlinked note,"Popularly known as TADA, this was the first and only legislative effort by the Union government of India to define and counter terrorist activities. The act, which was brought in 1987, was criticized by human rights organisations and political parties and was permitted to lapse in May, 1995.",,BI_Ch19_76,,,,,To do,,,,,,"No source matched: either a comment by the author, or a source to identify by hand"
BI_Ch19_77,Note,19,Chapter 19: India in the Clash of Civilizations,77,Book/Print,"(Dinamani, 4 July 1995)",BI_B211,BI_Ch19_77_Dinamani_Wife-of-Hindu-Activist-Killed-in-Parcel,"Dinamani. ‘Wife of Hindu Activist Killed in Parcel Bomb Blast’ (Tamil). News, 4 July 1995.",,,,To do,,,,,https://www.google.com/search?tbm=bks&q=Wife%20of%20Hindu%20Activist%20Killed%20in%20Parcel%20Bomb%20Blast%20Dinamani,
BI_Ch19_78,Note,19,Chapter 19: India in the Clash of Civilizations,78,URL,"(Tmpolitics.blogspot.com, 2007)",BI_B876,BI_Ch19_78_Tmpolitics_R-Jainulabdeen-A-Special-report,Tmpolitics.blogspot.com. ‘R Jainulabdeen: A Special report’. (Tamil) Tamil Muslim Political Platform. 11 June 2007. http://tmpolitics.wordpress.com/2007/06/special-report.htInl (accessed 14 March 2009).,http://tnpolitics.wordpress.com/2007/06/special-report.html,,,To do,,,,,,Web address corrected from the earlier audit (the book's text read: http://tmpolitics.wordpress.com/2007/06/special-report.htInl) | download failed - live page: web server answered HTTP 403
BI_Ch19_79,Note,19,Chapter 19: India in the Clash of Civilizations,79,Book/Print,"{India Today, 15 December 1997)",BI_B379,BI_Ch19_79_India-Today_Counting-the-dead,"India Today. ‘Counting the dead’. News, 15 December 1997.",,,,To do,,,,,https://www.google.com/search?tbm=bks&q=Counting%20the%20dead%20News%2015%20December%201997%20India%20Today,
BI_Ch19_80,Note,19,Chapter 19: India in the Clash of Civilizations,80,Book/Print,"{India Today, 15 December 1997)",BI_B379,BI_Ch19_80_India-Today_Counting-the-dead,"India Today. ‘Counting the dead’. News, 15 December 1997.",,,,To do,,,,,https://www.google.com/search?tbm=bks&q=Counting%20the%20dead%20News%2015%20December%201997%20India%20Today,
BI_Ch19_81,Note,19,Chapter 19: India in the Clash of Civilizations,81,Book/Print,"{Dinamani, 19 September 1997)",BI_B209,BI_Ch19_81_Dinamani_Five-Persons-Killed,"Dinamani. ‘Five Persons Killed’ (Tamil). News, 19 September 1997.",,,,To do,,,,,https://www.google.com/search?tbm=bks&q=Five%20Persons%20Killed%20Tamil%20News%2019%20September%201997%20Dinamani,[match: author+title]
BI_Ch19_82,Note,19,Chapter 19: India in the Clash of Civilizations,82,Book/Print,"{Malaimurasu, 9 December 1997)",BI_B493,BI_Ch19_82_Malaimurasu_Women-Killed-in-Bomb-Blast,"Malaimurasu. ‘Women Killed in Bomb Blast’. (Tamil) News, Coimbatore Edition, 9 December 1997.",,,,To do,,,,,https://www.google.com/search?tbm=bks&q=Women%20Killed%20in%20Bomb%20Blast%20Tamil%20News%20Coimbatore%20Edition%20Malaimurasu,[match: author+title]
BI_Ch19_83,Note,19,Chapter 19: India in the Clash of Civilizations,83,Book/Print,"(PTI, 31 December 1998)",BI_B646,BI_Ch19_83_Pti_9-Charge-Sheeted-for-Incident-that-led,"PTI. ‘9 Charge Sheeted for Incident that led to Coimbatore Riots’. News, Press Trust of India, 31 December 1998.",,,,To do,,,,,https://www.google.com/search?tbm=bks&q=9%20Charge%20Sheeted%20for%20Incident%20that%20led%20to%20Coimbatore%20PTI,
BI_Ch19_84,Note,19,Chapter 19: India in the Clash of Civilizations,84,Book/Print,"{Dinamani, 15 December 1997)",BI_B210,BI_Ch19_84_Dinamani_Two-Arrested-for-Provocative-Posters,"Dinamani. ‘Two Arrested for Provocative Posters’ (Tamil). News, Coimbatore, 15 December 1997.",,,,To do,,,,,https://www.google.com/search?tbm=bks&q=Two%20Arrested%20for%20Provocative%20Posters%20Tamil%20News%20Coimbatore%2015%20Dinamani,[match: author+title]
BI_Ch19_85,Note,19,Chapter 19: India in the Clash of Civilizations,85,Unlinked note,"{The Hindu, 19 February 1998)",,BI_Ch19_85,,,,,To do,,,,,,"No source matched: either a comment by the author, or a source to identify by hand"
BI_Ch19_86,Note,19,Chapter 19: India in the Clash of Civilizations,86,Book/Print,"(Subramanian, T.S., 1998)",BI_B756,BI_Ch19_86_Subramanian_A-Time-of-Troubles,"Subramanian, T.S. ‘A Time of Troubles’. Frontline, March 7-20, 1998.",,,,To do,,,,,https://www.google.com/search?tbm=bks&q=A%20Time%20of%20Troubles%20Frontline%20March%207%2020%201998%20Subramanian,
BI_Ch19_87,Note,19,Chapter 19: India in the Clash of Civilizations,87,Book/Print,"Some examples: There was a bomb blast inside the famous FIindu temple at Madurai, for which a leader of TMMK was arrested. {Dinamani, 22 May 1996). Another explosion in the state capital killed one person, and yet another bomb at Madras railway station injured twelve. Even a lodge directly opposite the state High C ourt was bombed injuring ten persons in Tamil Nadu. {Malaimurasu, 28 January 1997). There were seven incidents killing individuals, of which two attacks were on police personnel and a police station. A1 Ummah activists hacked to death one prison official in Madurai right in front of the prison, (tnpolice.gov.in, 2008) In one incident, two different express trains were bombed, killing six persons. (The Week, 1998). Earlier the state police, following a tip- off, had seized a huge cache of explosives from a house in Chennai. Two radicals belonging to Al Ummah, including the brother of its leader, were arrested. (Subramanian, T.S., 1998)",BI_B208,BI_Ch19_87_Dinamani_Bomb-Blast-in-Madurai-Temple-TMMK-Leader,"Dinamani. ‘Bomb Blast in Madurai Temple: TMMK Leader Arrested’ (Tamil). News, 22 May 1996.",,,,To do,,,,,https://www.google.com/search?tbm=bks&q=Bomb%20Blast%20in%20Madurai%20Temple%20TMMK%20Leader%20Arrested%20Tamil%20Dinamani,[match: author+title]
BI_Ch19_88,Note,19,Chapter 19: India in the Clash of Civilizations,88,Unlinked note,"(Shamsi, 2004, 359)",,BI_Ch19_88,,,,,To do,,,,,,"No source matched: either a comment by the author, or a source to identify by hand"
BI_Ch19_89,Note,19,Chapter 19: India in the Clash of Civilizations,89,URL,"(www.satp.org, 2002)",BI_B1003,BI_Ch19_89_Student-Islamic_South-Asian-Terrorism-portal,— ‘Student Islamic Movement of India’. South Asian Terrorism portal . 2002. http://www.satp.org/satporgtp/countries/india/terroristoutfits/simi. htm (accessed 21 August 2009).,http://www.satp.org/satporgtp/countries/india/terroristoutfits/simi,,,To do,,,,,,download failed - live page: web server answered HTTP 404
BI_Ch19_90,Note,19,Chapter 19: India in the Clash of Civilizations,90,Book/Print,"(The Hindu, 9 March 2008)",BI_B816,BI_Ch19_90_The-Hindu_Terror-Trail-Links-Kerala-With-Kashmir,"The Hindu. ‘Terror Trail Links Kerala With Kashmir’. News, 10 October 2008.",,,,To do,,,,,https://www.google.com/search?tbm=bks&q=Terror%20Trail%20Links%20Kerala%20With%20Kashmir%20News%2010%20October%20The%20Hindu,Also cites: BI_B819
BI_Ch19_91,Note,19,Chapter 19: India in the Clash of Civilizations,91,Book/Print,"(Frontline, 20 March 1998)",BI_B274,BI_Ch19_91_Frontline_News,"Frontline, ‘Concern in Kerala’. News, 20 March 1998.",,,,To do,,,,,https://www.google.com/search?tbm=bks&q=News%2020%20March%201998%20Frontline,
BI_Ch19_92,Note,19,Chapter 19: India in the Clash of Civilizations,92,Book/Print,"(UNI, 6-Dec-1997).",BI_B890,BI_Ch19_92_Uni_10-Killed-64-Hurt-in-3-Train,"UNI. ‘10 Killed 64 Hurt in 3 Train Blasts’. News, UNI, 6 December 1997.",,,,To do,,,,,https://www.google.com/search?tbm=bks&q=10%20Killed%2064%20Hurt%20in%203%20Train%20Blasts%20News%20UNI,
BI_Ch19_93,Note,19,Chapter 19: India in the Clash of Civilizations,93,Unlinked note,"» (tnpoiice.gov.in, 2003)",,BI_Ch19_93,,,,,To do,,,,,,"No source matched: either a comment by the author, or a source to identify by hand"
BI_Ch19_94,Note,19,Chapter 19: India in the Clash of Civilizations,94,URL,"Rediff reported: ‘Fifteen cinema theatres v/ere set ablaze in Malappuram district in 1993 and 1994. Explosive-fitted cigarettes are believed to have been used for the purpose. The police suspect the ISI-aided Al Umma of involvement in the incident . . . Large-scale manufacture of pipe bombs in Malappuram were unearthed in 1995 after a person was killed in an explosion at a manufacturing site. A number of Islamic extremists groups like the Islamic Defence Force are suspects ... Ninety one pipe bombs were recovered from the Kadalundi river in Malappuram district in 1996. The Islamic Dawa M ission is believed to be behind the incident . . . Four Hindu activists were killed in separate incidents in 1995 and 1996 in Thrissur, Palakkad and Malappuram districts. Suspects: The Al Umma, Jama Iyyathul Ihsania and Sunni Tiger Force. The police arrested P.A. Muhammad Sharief, Abdul Khader, Syed Alavi of the Al Umma and Husain Musaiiyar and P Subair of the Sunni Tiger Force.’ See: (Rediff News 2000)",BI_B683,BI_Ch19_94_Isi-Activities_Rediff,"— ‘ISI Activities in Malapuram’. Rediff. 28 July 2000. http://www.rediff.com/nev/s/2000/jul/28isii,h:m (accessed 30 November 2008).","http://www.rediff.com/nev/s/2000/jul/28isii,h:m",,,To do,,,,,,download failed - live page: web server answered HTTP 404
BI_Ch19_95,Note,19,Chapter 19: India in the Clash of Civilizations,95,Unlinked note,"NDF stands for either National Defense Force or National Democratic Front, The name was changed when the group attracted too much attention.",,BI_Ch19_95,,,,,To do,,,,,,"No source matched: either a comment by the author, or a source to identify by hand"
BI_Ch19_96,Note,19,Chapter 19: India in the Clash of Civilizations,96,Book/Print,(Frontline 20-Mar-1998),BI_B274,BI_Ch19_96_Frontline_News,"Frontline, ‘Concern in Kerala’. News, 20 March 1998.",,,,To do,,,,,https://www.google.com/search?tbm=bks&q=News%2020%20March%201998%20Frontline,
BI_Ch19_97,Note,19,Chapter 19: India in the Clash of Civilizations,97,Unlinked note,"See for example: (tnpoiice.gov.in, 2008)",,BI_Ch19_97,,,,,To do,,,,,,"No source matched: either a comment by the author, or a source to identify by hand"
BI_Ch19_98,Note,19,Chapter 19: India in the Clash of Civilizations,98,Book/Print,"(The Indian Express, 15 August 1999)",BI_B832,BI_Ch19_98_The-Indian_Plot-to-Kill-Kerala-CM,"The Indian Express. ‘Plot to Kill Kerala CM, Other Leaders Bared; ISI Men Held’. News, 15 August 1999.",,,,To do,,,,,https://www.google.com/search?tbm=bks&q=Plot%20to%20Kill%20Kerala%20CM%20Other%20Leaders%20Bared%20ISI%20The%20Indian%20Express,
BI_Ch19_99,Note,19,Chapter 19: India in the Clash of Civilizations,99,Unlinked note,"This shows how the destabilizing forces use the weakness of vote bank politics, with political parties sacrificing national security concerns before the vote bank politics, the secessionist and destabilizing forces gain strength using the ve ry democracy tha t they sec.k to destroy, what is more disheartening m this case is that this pampering of secessionist forces is done in the case of Kerala by national parties, namely CPRM) and Indian National Congress (INC).",,BI_Ch19_99,,,,,To do,,,,,,"No source matched: either a comment by the author, or a source to identify by hand"
BI_Ch19_100,Note,19,Chapter 19: India in the Clash of Civilizations,100,URL,"(lype, 2001)",BI_B392,BI_Ch19_100_Lype_He-is-the-Ultimate-Leader-of-the,"lype, George. ‘He is the Ultimate Leader of the Muslims’. Rediff News portal. 3 May 2001. http://www.rediff.com/news/2001/may/03spec.htm (accessed 10 March 2005).",http://www.rediff.com/news/2001/may/03spec.htm,,,On OneDrive,,BI_B392_Lype_He-is-the-Ultimate-Leader-of-the_rediff-com.pdf,https://1drv.ms/b/c/ACD215A5F926CFCE/IQAfr79DEbcST5HmAKiGDyfeAbbaaRACtRMKSffr9pNMZp0?download=1,,,Page saved as PDF (cover page + copy) from live page on 2026-10-09
BI_Ch19_101,Note,19,Chapter 19: India in the Clash of Civilizations,101,Book/Print,"(The Economic Times, 30 October 2008)",BI_B795,BI_Ch19_101_The-Economic_From-Kashmir-to-Kerala,"The Economic Times. ‘From Kashmir to Kerala, How did Terrorism Spread?’ News, 30 October 2008.",,,,To do,,,,,https://www.google.com/search?tbm=bks&q=From%20Kashmir%20to%20Kerala%20How%20did%20Terrorism%20Spread%20News%20The%20Economic%20Times,Also cites: BI_B798
BI_Ch19_102,Note,19,Chapter 19: India in the Clash of Civilizations,102,URL,"(Puthiya Kaatru, 2006)",BI_B655,BI_Ch19_102_Puthiya-Kaatru_Joint-declaration-of-writers-and-human-rights,Puthiya Kaatru. ‘Joint declaration of writers and human rights activists’. (Tamil) Keetru. September 2006. http://www.keetru.com/puthiyakaatru/sep06/writers.php (accessed 10 March 2009).,http://www.keetru.com/puthiyakaatru/sep06/writers.php,,,On OneDrive,,BI_B655_Puthiya-Kaatru_Joint-declaration-of-writers-and-human-rights_keetru-com.pdf,https://1drv.ms/b/c/ACD215A5F926CFCE/IQCxL4fovlgfTLX7tcp2PXjKAXc2UuKXtOyezGWLiiJKktI?download=1,,,Page saved as PDF (cover page + copy) from live page on 2026-10-09
BI_Ch19_103,Note,19,Chapter 19: India in the Clash of Civilizations,103,Book/Print,"(PTI, 15 March 2006).",BI_B647,BI_Ch19_103_Pti_Kerala-Assembly-Passes-Resolution-on-Madhani,"PTI. ‘Kerala Assembly Passes Resolution on Madhani’. News, Press Trust of India, 15 March 2006.",,,,To do,,,,,https://www.google.com/search?tbm=bks&q=Kerala%20Assembly%20Passes%20Resolution%20on%20Madhani%20News%20Press%20Trust%20PTI,
BI_Ch19_104,Note,19,Chapter 19: India in the Clash of Civilizations,104,URL,"{The Hindu, 11 June 2006) Also, The Indian Express revealed that following this, Madhani was provided by the DMK government with a 35-day Ayurvedic massage treatment, costing Rs 50,000, paid by the Tamil Nadu government itself. {The Indian Express, 23 July 2006) In a video taped interview, the father of a bomb blast victim who was stationed at the government hospital to serve Madhani alleged that the treatment was only a pretext for the jailed jihadis to meet their colleagues from outside, (webber, 2007)",BI_B802,BI_Ch19_104_The-Hindu_Proselytisation-Angle-to-Student-s-Suicide,The Hindu. ‘Proselytisation’ Angle to Student’s Suicide?’ 19 May 2007. http://www.hindu.com/2007/03/19/stories/2007031910180500.htm (accessed 25 May 2007).,http://www.hindu.com/2007/03/19/stories/2007031910180500.htm,,,To do,,,,,,"Also cites: BI_B804, BI_B805, BI_B807, BI_B808, BI_B814, BI_B817, BI_B820, BI_B824, BI_B826, BI_B827, BI_B828, BI_B829, BI_B831, BI_B833 | download failed - live page: Page.goto: net::ERR_NAME_NOT_RESOLVED at http://www.hindu.com/2007/03/"
BI_Ch19_105,Note,19,Chapter 19: India in the Clash of Civilizations,105,Book/Print,"See (DV Editorial, 2001), (DV Editorial, 2002) and (DV Editorial, 2004).",BI_B233,BI_Ch19_105_Dv-Editorial_Conspiracy-to-Keep-Madhani-in-Jail,"DV Editorial. ‘Conspiracy to Keep Madhani in Jail?’ Dalit Voice, 1 April 2004.",,,,To do,,,,,https://www.google.com/search?tbm=bks&q=Conspiracy%20to%20Keep%20Madhani%20in%20Jail%20Dalit%20Voice%201%20DV%20Editorial,"Also cites: BI_B234, BI_B235"
BI_Ch19_106,Note,19,Chapter 19: India in the Clash of Civilizations,106,URL,"(wikipedia, 2003)",BI_B928,BI_Ch19_106_Marad-Massacre_2003,— ‘Marad Massacre Page in Wikipedia'. 2003. http://en.wikipedia.org/wiki/Marad_massacre (accessed 10 January 2009).,http://en.wikipedia.org/wiki/Marad_massacre,https://web.archive.org/web/20260516201543/https://en.wikipedia.org/wiki/Marad_massacre,Snapshot found,On OneDrive,,BI_B928_Marad-Massacre_2003_en-wikipedia-org.pdf,https://1drv.ms/b/c/ACD215A5F926CFCE/IQDi_lvOxoBIS6C3U0YOx-tgAbG1Ri9vuDsKmMOkQ3NeNFE?download=1,,,Page saved as PDF (cover page + copy) from live page on 2026-10-09
BI_Ch19_107,Note,19,Chapter 19: India in the Clash of Civilizations,107,Book/Print,"{The Pioneer, 27 September 2006)",BI_B841,BI_Ch19_107_The-Pioneer_Kerala-Stunned-by-Revelations-on-Marad-Massacre,"The Pioneer. ‘Kerala Stunned by Revelations on Marad Massacre’. News, 27 September 2006.",,,,To do,,,,,https://www.google.com/search?tbm=bks&q=Kerala%20Stunned%20by%20Revelations%20on%20Marad%20Massacre%20News%2027%20The%20Pioneer,
BI_Ch19_108,Note,19,Chapter 19: India in the Clash of Civilizations,108,Book/Print,"(Krishnakumar, R., 2006)",BI_B437,BI_Ch19_108_Krishnakumar_Inquiry-commission-Marad-shocks,"Krishnakumar, R. ‘Inquiry commission: Marad shocks’. Frontline, 7-20 October 2006.",,,,To do,,,,,https://www.google.com/search?tbm=bks&q=Inquiry%20commission%20Marad%20shocks%20Frontline%207%2020%20October%202006%20Krishnakumar,
BI_Ch19_109,Note,19,Chapter 19: India in the Clash of Civilizations,109,URL,"(www.satp.org, 2002)",BI_B1003,BI_Ch19_109_Student-Islamic_South-Asian-Terrorism-portal,— ‘Student Islamic Movement of India’. South Asian Terrorism portal . 2002. http://www.satp.org/satporgtp/countries/india/terroristoutfits/simi. htm (accessed 21 August 2009).,http://www.satp.org/satporgtp/countries/india/terroristoutfits/simi,,,To do,,,,,,download failed - live page: web server answered HTTP 404
BI_Ch19_110,Note,19,Chapter 19: India in the Clash of Civilizations,110,Book/Print,"{The Hindu, 16 March 2006)",BI_B804,BI_Ch19_110_The-Hindu_Achuthanandan-Seeks-Treatment-for-Maudhany,"The Hindu. ‘ Achuthanandan Seeks Treatment for Maudhany’. News, II June 2006.",,,,To do,,,,,https://www.google.com/search?tbm=bks&q=Achuthanandan%20Seeks%20Treatment%20for%20Maudhany%20News%20II%20June%202006%20The%20Hindu,"Also cites: BI_B805, BI_B808, BI_B814, BI_B817"
BI_Ch19_111,Note,19,Chapter 19: India in the Clash of Civilizations,111,Book/Print,"For example, it was a former zonal SIMI president who founded the MNP; the leader of TMMK, who enjoys very close intimacy with the present DMK regime, was a state president of SIMI. Another president of a Tamil Nadu SIMI unit is now the general secretary of the Tamil Nadu Thouheed Jamat, which is close to AIADMK. {Frontline, 21 December 2007)",BI_B273,BI_Ch19_111_Frontline_Building-New-Bases,"Frontline. ‘Building New Bases’. News, 21 December 2007.",,,,To do,,,,,https://www.google.com/search?tbm=bks&q=Building%20New%20Bases%20News%2021%20December%202007%20Frontline,Also cites: BI_B277
BI_Ch19_112,Note,19,Chapter 19: India in the Clash of Civilizations,112,Book/Print,"{The Indian Express, 23 July 2006)",BI_B824,BI_Ch19_112_The-Indian_2500-Hindus-Converted-to-Islam-in-5,"The Indian Express. ‘2500 Hindus Converted to Islam in 5 Years in TN’. News, 27 July 2006.",,,,To do,,,,,https://www.google.com/search?tbm=bks&q=2500%20Hindus%20Converted%20to%20Islam%20in%205%20Years%20in%20The%20Indian%20Express,"Also cites: BI_B826, BI_B827, BI_B829, BI_B833"
BI_Ch19_113,Note,19,Chapter 19: India in the Clash of Civilizations,113,Book/Print,"{The Indian Express, 08 August 2006)",BI_B824,BI_Ch19_113_The-Indian_2500-Hindus-Converted-to-Islam-in-5,"The Indian Express. ‘2500 Hindus Converted to Islam in 5 Years in TN’. News, 27 July 2006.",,,,To do,,,,,https://www.google.com/search?tbm=bks&q=2500%20Hindus%20Converted%20to%20Islam%20in%205%20Years%20in%20The%20Indian%20Express,"Also cites: BI_B826, BI_B827, BI_B829, BI_B833"
BI_Ch19_114,Note,19,Chapter 19: India in the Clash of Civilizations,114,Book/Print,"{The Hindu, 29 October 2004)",BI_B810,BI_Ch19_114_The-Hindu_Fundamentalist-outfit-busted-at-Nellikuppam,"The Hindu. ‘Fundamentalist outfit busted at Nellikuppam’. News, 29 October 2004.",,,,To do,,,,,https://www.google.com/search?tbm=bks&q=Fundamentalist%20outfit%20busted%20at%20Nellikuppam%20News%2029%20October%202004%20The%20Hindu,Also cites: BI_B818
BI_Ch19_115,Note,19,Chapter 19: India in the Clash of Civilizations,115,Book/Print,"{The Indian Express, 27 July 2006)",BI_B824,BI_Ch19_115_The-Indian_2500-Hindus-Converted-to-Islam-in-5,"The Indian Express. ‘2500 Hindus Converted to Islam in 5 Years in TN’. News, 27 July 2006.",,,,To do,,,,,https://www.google.com/search?tbm=bks&q=2500%20Hindus%20Converted%20to%20Islam%20in%205%20Years%20in%20The%20Indian%20Express,"Also cites: BI_B826, BI_B827, BI_B829, BI_B833"
BI_Ch19_116,Note,19,Chapter 19: India in the Clash of Civilizations,116,Book/Print,"{Dinamalar, 4 September 2006)",BI_B207,BI_Ch19_116_Dinamalar_State-Police-Feel-Harassed,"Dinamalar. ‘State Police Feel Harassed’ (Tamil). News, 4 September 2006.",,,,To do,,,,,https://www.google.com/search?tbm=bks&q=State%20Police%20Feel%20Harassed%20Tamil%20News%204%20September%202006%20Dinamalar,
BI_Ch19_117,Note,19,Chapter 19: India in the Clash of Civilizations,117,Book/Print,"{Dinakaran, 20 July 2006)",BI_B205,BI_Ch19_117_Dinakaran_Police-Attacked-by-Extremist,"Dinakaran. ‘Police Attacked by Extremist’ (Tamil). News, Thirunelveli, 20 July 2006.",,,,To do,,,,,https://www.google.com/search?tbm=bks&q=Police%20Attacked%20by%20Extremist%20Tamil%20News%20Thirunelveli%2020%20July%20Dinakaran,
BI_Ch19_118,Note,19,Chapter 19: India in the Clash of Civilizations,118,URL,"For example, see: (tnpolice.gov.in, 2008)",BI_B877,BI_Ch19_118_Tnpolice_Official-website-of-Tamil-Nadu-state-police,tnpolice.gov.in (a). ‘Official website of Tamil Nadu state police: webpage announcing wanted terrorists’. Tamil Nadu Police website: Extremists/ Terrorists. 22 November 2008. http://tnpolice.gov.in/Wanted/want8.html (accessed 10 March 2009).,http://tnpolice.gov.in/Wanted/want8.html,,,To do,,,,,,"Also cites: BI_B878, BI_B879 | download failed - live page: Page.goto: net::ERR_CONNECTION_TIMED_OUT at http://tnpolice.gov.in/Wan"
BI_Ch19_119,Note,19,Chapter 19: India in the Clash of Civilizations,119,Book/Print,"{The Indian Express, 26 March 2007)",BI_B833,BI_Ch19_119_The-Indian_Rajasthan-Cops-Launch-Hunt-for-Emmanuel-Foundation,"The Indian Express. ‘Rajasthan Cops Launch Hunt for Emmanuel Foundation Chief’. News, 25 March 2006.",,,,To do,,,,,https://www.google.com/search?tbm=bks&q=Rajasthan%20Cops%20Launch%20Hunt%20for%20Emmanuel%20Foundation%20Chief%20News%20The%20Indian%20Express,[match: author+title]
BI_Ch19_120,Note,19,Chapter 19: India in the Clash of Civilizations,120,Book/Print,"(Aravindan, K.P., 2006, 135)",BI_B035,BI_Ch19_120_Aravindan_Kerala-Padanam,"Aravindan, K.P. Kerala Padanam. Kozhikode: Kerala Sastra Sahitya Parisliad, 2006.",,,,To do,,,,135,https://www.google.com/search?tbm=bks&q=Kerala%20Padanam%20Kozhikode%20Kerala%20Sastra%20Sahitya%20Parisliad%202006%20Aravindan,
BI_Ch19_121,Note,19,Chapter 19: India in the Clash of Civilizations,121,Book/Print,{Kumutham Reporter 23 November 2008),BI_B446,BI_Ch19_121_Kumutham-Reporter_Hyder-Ali-demolishing-Darghas,"Kumutham Reporter. ‘Hyder Ali demolishing Darghas?’. News, 23 November 2008.",,,,To do,,,,,https://www.google.com/search?tbm=bks&q=Hyder%20Ali%20demolishing%20Darghas%20News%2023%20November%202008%20Kumutham%20Reporter,[match: author+title]
BI_Ch19_122,Note,19,Chapter 19: India in the Clash of Civilizations,122,Book/Print,{Dinakaran 10 January 2007),BI_B204,BI_Ch19_122_Dinakaran_Arms-Haul-in-Ship-Container,"Dinakaran. ‘Arms Haul in Ship Container’ (Tamil). News, 10 January 2007.",,,,To do,,,,,https://www.google.com/search?tbm=bks&q=Arms%20Haul%20in%20Ship%20Container%20Tamil%20News%2010%20January%20Dinakaran,
BI_Ch19_123,Note,19,Chapter 19: India in the Clash of Civilizations,123,URL,"(www.state.gov, 2007)",BI_B1004,BI_Ch19_123_Www_2007-Country-Reports-on-Human-Rights-Practices,www.state.gov. ‘2007 Country Reports on Human Rights Practices - South and Central Asia - India’. U.S. Department of State. 2007. http://www.state.gov/g/drl/rls/hrrpt/2007/100614.htm (accessed 10 March 2009).,http://www.state.gov | http://www.state.gov/g/drl/rls/hrrpt/2007/100614.htm,,,On OneDrive,,BI_B1004_Www_2007-Country-Reports-on-Human-Rights-Practices_state-gov.pdf,https://1drv.ms/b/c/ACD215A5F926CFCE/IQAyFFuenJPkTrwE9-H4UfIZAU_oAkMEWhVMDEXhS6uj1Gw?download=1,,,Page saved as PDF (cover page + copy) from live page on 2026-10-09
BI_Ch19_124,Note,19,Chapter 19: India in the Clash of Civilizations,124,Book/Print,"{The Economic Times, 18 August 2008)",BI_B798,BI_Ch19_124_The-Economic_Kerala-Goes-Soft-on-SIMI,"The Economic Times. ‘Kerala Goes Soft on SIMI, Country Pays'. News, 18 August 2008.",,,,To do,,,,,https://www.google.com/search?tbm=bks&q=Kerala%20Goes%20Soft%20on%20SIMI%20Country%20Pays%20News%2018%20The%20Economic%20Times,[match: author+title]
BI_Ch19_125,Note,19,Chapter 19: India in the Clash of Civilizations,125,Book/Print,"{The Hindu, 10 October 2008)",BI_B816,BI_Ch19_125_The-Hindu_Terror-Trail-Links-Kerala-With-Kashmir,"The Hindu. ‘Terror Trail Links Kerala With Kashmir’. News, 10 October 2008.",,,,To do,,,,,https://www.google.com/search?tbm=bks&q=Terror%20Trail%20Links%20Kerala%20With%20Kashmir%20News%2010%20October%20The%20Hindu,Also cites: BI_B819
BI_Ch19_126,Note,19,Chapter 19: India in the Clash of Civilizations,126,URL,"(V. Kumar, 2008)",BI_B443,BI_Ch19_126_Kumar_Kerala-s-Emergence-as-a-Terror-Hub,"Kumar, Vined A. ‘Kerala’s Emergence as a Terror Hub: Repeated Warnings Ignored’. Institute for Defense Studies and Analyses. 11 November 2008. http://www.idsa.in/publications/stratcomments/VinodKumarl 1110 8 .htm (accessed December 2, 2008).",http://www.idsa.in/publications/stratcomments/VinodKumar111108.htm,,,To do,,,,,,Web address corrected from the earlier audit (the book's text read: http://www.idsa.in/publications/stratcomments/VinodKumarl) | download failed - live page: Page.goto: net::ERR_CONNECTION_TIMED_OUT at http://www.idsa.in/publica
BI_Ch19_127,Note,19,Chapter 19: India in the Clash of Civilizations,127,URL,"(Rediff News, 2005)",BI_B685,BI_Ch19_127_Terror-Attack_28-December-2005,"— Terror Attack at IISc, Bengaluru: 1 Killed, 4 Injured. 28 December 2005. http://www.rediff.com/news/2005/dec/28bang..htm (accessed 4 December 2008).",http://www.rediff.com/news/2005/dec/28bang.htm,,,On OneDrive,,BI_B685_Terror-Attack_28-December-2005_rediff-com.pdf,https://1drv.ms/b/c/ACD215A5F926CFCE/IQBD6BVb7yBiRIHvLf_H1sKQASGYivUAIxesjXekw14_qsA?download=1,,,Web address corrected from the earlier audit (the book's text read: http://www.rediff.com/news/2005/dec/28bang..htm) | Page saved as PDF (cover page + copy) from live page on 2026-10-09
BI_Ch19_128,Note,19,Chapter 19: India in the Clash of Civilizations,128,Book/Print,"{The Hindu, 10 January 2006)",BI_B804,BI_Ch19_128_The-Hindu_Achuthanandan-Seeks-Treatment-for-Maudhany,"The Hindu. ‘ Achuthanandan Seeks Treatment for Maudhany’. News, II June 2006.",,,,To do,,,,,https://www.google.com/search?tbm=bks&q=Achuthanandan%20Seeks%20Treatment%20for%20Maudhany%20News%20II%20June%202006%20The%20Hindu,"Also cites: BI_B805, BI_B808, BI_B814, BI_B817"
BI_Ch19_129,Note,19,Chapter 19: India in the Clash of Civilizations,129,URL,"(Raman, B, 2006)",BI_B671,BI_Ch19_129_Raman_Arrest-of-Al-Badr-Terrorists-in-Mysore,"Raman, B. ‘Arrest of Al Badr Terrorists in Mysore: International Terrorism Monitor’. South Asia Analysis Group. 28 October 2006. http://www.southasiaanalysis.org/%5(3papers21%5Cpaper2007.html (accessed 4 December 2008).",http://www.southasiaanalysis.org/%5Cpapers21%5Cpaper2007.html,,,To do,,,,,,Web address corrected from the earlier audit (the book's text read: http://www.southasiaanalysis.org/%5(3papers21%5Cpaper2007.html) | download failed - live page: web server answered HTTP 522
BI_Ch19_130,Note,19,Chapter 19: India in the Clash of Civilizations,130,Book/Print,"{Dinathanthi, 20 January 2007)",BI_B212,BI_Ch19_130_Dinathanthi_Saddam-Rally-Violence-in-Bengaluru,Dinathanthi. ‘Saddam Rally Violence in Bengaluru’ (Tamil). 20 January 2007.,,,,To do,,,,,https://www.google.com/search?tbm=bks&q=Saddam%20Rally%20Violence%20in%20Bengaluru%20Tamil%2020%20January%202007%20Dinathanthi,
BI_Ch19_131,Note,19,Chapter 19: India in the Clash of Civilizations,131,Book/Print,"{The Indian Express, 17 February 2007)",BI_B828,BI_Ch19_131_The-Indian_In-Tamil-Nadu-Town,"The Indian Express. ‘In Tamil Nadu Town, Fundamentalists Play Moral Cops, Even Kill to Have Way’. News, 26 Mar 2007.",,,,To do,,,,,https://www.google.com/search?tbm=bks&q=In%20Tamil%20Nadu%20Town%20Fundamentalists%20Play%20Moral%20Cops%20Even%20The%20Indian%20Express,Also cites: BI_B831
BI_Ch19_132,Note,19,Chapter 19: India in the Clash of Civilizations,132,Book/Print,"(The Hindu, 08 July 2008)",BI_B821,BI_Ch19_132_The-Hindu_Was-Car-Bomb-Designed-in-Bengaluru,"The Hindu. ‘Was Car Bomb Designed in Bengaluru?’ News, 8 July 2003.",,,,To do,,,,,https://www.google.com/search?tbm=bks&q=Was%20Car%20Bomb%20Designed%20in%20Bengaluru%20News%208%20July%20The%20Hindu,[match: author+title]
BI_Ch19_133,Note,19,Chapter 19: India in the Clash of Civilizations,133,Book/Print,"(The Indian Express, 7 Feb 2009)",BI_B825,BI_Ch19_133_The-Indian_Bengaluru-Serial-Blasts-Case-Cracked,"The Indian Express. ‘Bengaluru Serial Blasts Case Cracked’. News, 07 February 2009.",,,,To do,,,,,https://www.google.com/search?tbm=bks&q=Bengaluru%20Serial%20Blasts%20Case%20Cracked%20News%2007%20February%202009%20The%20Indian%20Express,Also cites: BI_B834
BI_Ch19_134,Note,19,Chapter 19: India in the Clash of Civilizations,134,Book/Print,"(The Indian Express, 4 November 2006)",BI_B829,BI_Ch19_134_The-Indian_Mysore-Terrorist-Got-Driving-License-from-Chennai,"The Indian Express. ‘Mysore Terrorist Got Driving License from Chennai’. News, 04 November 2006.",,,,To do,,,,,https://www.google.com/search?tbm=bks&q=Mysore%20Terrorist%20Got%20Driving%20License%20from%20Chennai%20News%2004%20The%20Indian%20Express,[match: author+title]
BI_Ch19_135,Note,19,Chapter 19: India in the Clash of Civilizations,135,URL,"(The Hindu, 1 January 2007)",BI_B802,BI_Ch19_135_The-Hindu_Proselytisation-Angle-to-Student-s-Suicide,The Hindu. ‘Proselytisation’ Angle to Student’s Suicide?’ 19 May 2007. http://www.hindu.com/2007/03/19/stories/2007031910180500.htm (accessed 25 May 2007).,http://www.hindu.com/2007/03/19/stories/2007031910180500.htm,,,To do,,,,,,"Also cites: BI_B807, BI_B820 | download failed - live page: Page.goto: net::ERR_NAME_NOT_RESOLVED at http://www.hindu.com/2007/03/"
BI_Ch19_136,Note,19,Chapter 19: India in the Clash of Civilizations,136,Unlinked note,"(The New Indian Express, 8 January 2007)",,BI_Ch19_136,,,,,To do,,,,,,"No source matched: either a comment by the author, or a source to identify by hand"
BI_Ch19_137,Note,19,Chapter 19: India in the Clash of Civilizations,137,Book/Print,"(Dinamalar, 9 January 2007)",BI_B206,BI_Ch19_137_Dinamalar_Chennai-based-Lashkar-Operatives-Planned-Rendezvous-with,"Dinamalar. ‘Chennai based Lashkar Operatives Planned Rendezvous with Sri Lankans’ (Tamil). News, 9 January 2007.",,,,To do,,,,,https://www.google.com/search?tbm=bks&q=Chennai%20based%20Lashkar%20Operatives%20Planned%20Rendezvous%20with%20Sri%20Lankans%20Dinamalar,
BI_Ch19_138,Note,19,Chapter 19: India in the Clash of Civilizations,138,Unlinked note,"(Erontline, 21 December 2007) This is further elucidated by the Letter of Samsunisha Ansari of Charitable Trust of Minorities dated 7 June 2006 which is available with the authors.",,BI_Ch19_138,,,,,To do,,,,,,"No source matched: either a comment by the author, or a source to identify by hand"
BI_Ch19_139,Note,19,Chapter 19: India in the Clash of Civilizations,139,Book/Print,"(The Times of India, 6 December 2008)",BI_B858,BI_Ch19_139_The-Times_Cops-had-SIMI-Email-Intercepts-in-2001,"The Times of India. ‘Cops had SIMI Email Intercepts in 2001’. News, 23 August 2008.",,,,To do,,,,,https://www.google.com/search?tbm=bks&q=Cops%20had%20SIMI%20Email%20Intercepts%20in%202001%20News%2023%20The%20Times%20of%20India,"Also cites: BI_B864, BI_B870"
BI_Ch19_140,Note,19,Chapter 19: India in the Clash of Civilizations,140,Unlinked note,"(The New Indian Express, 28 July 2008)",,BI_Ch19_140,,,,,To do,,,,,,"No source matched: either a comment by the author, or a source to identify by hand"
BI_Ch19_141,Note,19,Chapter 19: India in the Clash of Civilizations,141,Book/Print,"(Frontline, 16 August 2008)",BI_B276,BI_Ch19_141_Frontline_Plot-Unraveled,"Frontline. ‘Plot Unraveled’. News, 16 August 2008.",,,,To do,,,,,https://www.google.com/search?tbm=bks&q=Plot%20Unraveled%20News%2016%20August%202008%20Frontline,
BI_Ch19_142,Note,19,Chapter 19: India in the Clash of Civilizations,142,URL,"(Rediff News, 2008)",BI_B683,BI_Ch19_142_Isi-Activities_Rediff,"— ‘ISI Activities in Malapuram’. Rediff. 28 July 2000. http://www.rediff.com/nev/s/2000/jul/28isii,h:m (accessed 30 November 2008).","http://www.rediff.com/nev/s/2000/jul/28isii,h:m",,,To do,,,,,,"Also cites: BI_B684, BI_B685 | download failed - live page: web server answered HTTP 404"
BI_Ch19_143,Note,19,Chapter 19: India in the Clash of Civilizations,143,Book/Print,"(Frontline, 21 December 2007)",BI_B273,BI_Ch19_143_Frontline_Building-New-Bases,"Frontline. ‘Building New Bases’. News, 21 December 2007.",,,,To do,,,,,https://www.google.com/search?tbm=bks&q=Building%20New%20Bases%20News%2021%20December%202007%20Frontline,Also cites: BI_B277
BI_Ch19_144,Note,19,Chapter 19: India in the Clash of Civilizations,144,Book/Print,"(Frontline, 21 December 2007)",BI_B273,BI_Ch19_144_Frontline_Building-New-Bases,"Frontline. ‘Building New Bases’. News, 21 December 2007.",,,,To do,,,,,https://www.google.com/search?tbm=bks&q=Building%20New%20Bases%20News%2021%20December%202007%20Frontline,Also cites: BI_B277
BI_Ch19_145,Note,19,Chapter 19: India in the Clash of Civilizations,145,Book/Print,"(The Times of India, 18 December 2009)",BI_B859,BI_Ch19_145_The-Times_Caste-Bias-Can-t-be-Equated-with,"The Times of India. ‘Caste Bias Can’t be Equated with Racism: India’. News, 18 April 2009.",,,,To do,,,,,https://www.google.com/search?tbm=bks&q=Caste%20Bias%20Can%20t%20be%20Equated%20with%20Racism%20India%20The%20Times%20of%20India,"Also cites: BI_B860, BI_B862, BI_B863, BI_B865, BI_B866, BI_B867, BI_B869, BI_B874"
BI_Ch19_146,Note,19,Chapter 19: India in the Clash of Civilizations,146,Book/Print,"(The Pioneer, 19 December 2009)",BI_B840,BI_Ch19_146_The-Pioneer_After-Sufiya-Arrest,"The Pioneer. ‘After Sufiya Arrest, Madani a Liability for Cong, CPM’. News, 19 December 2009.",,,,To do,,,,,https://www.google.com/search?tbm=bks&q=After%20Sufiya%20Arrest%20Madani%20a%20Liability%20for%20Cong%20CPM%20The%20Pioneer,
BI_Ch19_147,Note,19,Chapter 19: India in the Clash of Civilizations,147,Book/Print,"(The Peninsula, 11 January 2010)",BI_B839,BI_Ch19_147_The-Peninsula_Police-Yet-to-Nab-Attackers-of-Kerala,"The Peninsula. ‘Police Yet to Nab Attackers *of Kerala writer’. News, 11 January 2010.",,,,To do,,,,,https://www.google.com/search?tbm=bks&q=Police%20Yet%20to%20Nab%20Attackers%20of%20Kerala%20writer%20News%20The%20Peninsula,
BI_Ch19_148,Note,19,Chapter 19: India in the Clash of Civilizations,148,Book/Print,"(The Economic Times, 30 December 2009)",BI_B794,BI_Ch19_148_The-Economic_Arms-Found-from-Rehab-Centre-in-Kandhamal,"The Economic Times. ‘Arms Found from Rehab Centre in Kandhamal’. News, The Economic Times, 1 October 2009.",,,,To do,,,,,https://www.google.com/search?tbm=bks&q=Arms%20Found%20from%20Rehab%20Centre%20in%20Kandhamal%20News%20The%20The%20Economic%20Times,"Also cites: BI_B796, BI_B797"
BI_Ch19_149,Note,19,Chapter 19: India in the Clash of Civilizations,149,Book/Print,"(Deccan Herald, T1 December 2009)",BI_B172,BI_Ch19_149_Deccan-Herald_Kerala-Government-on-Collision-Course-With-NIA,"Deccan Herald. ‘Kerala Government on Collision Course With NIA’. News, 27 December 2009.",,,,To do,,,,,https://www.google.com/search?tbm=bks&q=Kerala%20Government%20on%20Collision%20Course%20With%20NIA%20News%2027%20Deccan%20Herald,[match: author+title]
BI_Ch19_150,Note,19,Chapter 19: India in the Clash of Civilizations,150,Book/Print,"(Headlines Today, 03 November 2009)",BI_B326,BI_Ch19_150_Headlines-Today_Jamjat-Issues-Fatwa-Against-Singing-Vande-Mataram,"Headlines Today. ‘Jamjat Issues Fatwa Against Singing Vande Mataram’. News, 03 November 2009.",,,,To do,,,,,https://www.google.com/search?tbm=bks&q=Jamjat%20Issues%20Fatwa%20Against%20Singing%20Vande%20Mataram%20News%2003%20Headlines%20Today,
BI_Ch19_151,Note,19,Chapter 19: India in the Clash of Civilizations,151,Unlinked note,"(Deccan Fleraid, 12 November 2009)",,BI_Ch19_151,,,,,To do,,,,,,"No source matched: either a comment by the author, or a source to identify by hand"
BI_Ch19_152,Note,19,Chapter 19: India in the Clash of Civilizations,152,Unlinked note,"(D^tJca/i Chronicle, 13 December 2009)",,BI_Ch19_152,,,,,To do,,,,,,"No source matched: either a comment by the author, or a source to identify by hand"
BI_Ch19_153,Note,19,Chapter 19: India in the Clash of Civilizations,153,Book/Print,"(Deccan Chronicle, 13 December 2009)",BI_B170,BI_Ch19_153_Deccan-Chronicle_Ahmed-Refuses-to-Light-Lamp,"Deccan Chronicle. ‘Ahmed Refuses to Light Lamp’. News, 13 December 2009.",,,,To do,,,,,https://www.google.com/search?tbm=bks&q=Ahmed%20Refuses%20to%20Light%20Lamp%20News%2013%20December%202009%20Deccan%20Chronicle,
BI_Ch19_154,Note,19,Chapter 19: India in the Clash of Civilizations,154,URL,"(CNN-I3N, 6 July 2010)",BI_B136,BI_Ch19_154_Cnn_US-Charges-8-over-Tiger-Plot,"CNN. ‘US Charges 8 over “Tiger Plot”, edition.cnn.com. 21 August 2006. http://edition.cnn.com/2006/US/08/21/srilanka.terrGr/index.html (accessed 10 August 2009).",http://edition.cnn.com/2006/US/08/21/srilanka.terror/index.html,https://web.archive.org/web/20240604001440/http://edition.cnn.com/2006/US/08/21/srilanka.terror/index.html,Snapshot found,On OneDrive,,BI_B136_Cnn_US-Charges-8-over-Tiger-Plot_edition-cnn-com.pdf,https://1drv.ms/b/c/ACD215A5F926CFCE/IQBOWd8bWEr9T4AvN3tMmPC9AfpD2_Z5KsyNDEog0Be1fco?download=1,,,[match: author only (unique)] | Web address corrected from the earlier audit (the book's text read: http://edition.cnn.com/2006/US/08/21/srilanka.terrGr/index.html) | Page saved as PDF (cover page + copy) from live page on 2026-10-08
BI_Ch19_155,Note,19,Chapter 19: India in the Clash of Civilizations,155,Unlinked note,"(The Times of India, 18 July 2010)",,BI_Ch19_155,,,,,To do,,,,,,"No source matched: either a comment by the author, or a source to identify by hand"
BI_Ch19_156,Note,19,Chapter 19: India in the Clash of Civilizations,156,Unlinked note,"(The Times of India, 18 July 2010)",,BI_Ch19_156,,,,,To do,,,,,,"No source matched: either a comment by the author, or a source to identify by hand"
BI_Ch19_157,Note,19,Chapter 19: India in the Clash of Civilizations,157,Unlinked note,"(The Indian Express, IS July 2010)",,BI_Ch19_157,,,,,To do,,,,,,"No source matched: either a comment by the author, or a source to identify by hand"
BI_Ch19_158,Note,19,Chapter 19: India in the Clash of Civilizations,158,Unlinked note,"(Radhakrishnan. M.G., 2010)",,BI_Ch19_158,,,,,To do,,,,,,"No source matched: either a comment by the author, or a source to identify by hand"
BI_Ch19_159,Note,19,Chapter 19: India in the Clash of Civilizations,159,Book/Print,"(The Hindu, 15 July 2010)",BI_B812,BI_Ch19_159_The-Hindu_Intellectual-Support-Stands-in-the-way-of,"The Hindu. ‘Intellectual Support Stands in the way of Tackling Maoists: Chidambaram’. News, 20 February 2010.",,,,To do,,,,,https://www.google.com/search?tbm=bks&q=Intellectual%20Support%20Stands%20in%20the%20way%20of%20Tackling%20Maoists%20The%20Hindu,
BI_Ch19_160,Note,19,Chapter 19: India in the Clash of Civilizations,160,Book/Print,"(The Indian Express, 31 July 2008)",BI_B830,BI_Ch19_160_The-Indian_Nepali-Maoists-Infiltrate-into-India,"The Indian Express. ‘Nepali Maoists Infiltrate into India, Spotted in Orissa’. News, Indian Express, 28 July 2008.",,,,To do,,,,,https://www.google.com/search?tbm=bks&q=Nepali%20Maoists%20Infiltrate%20into%20India%20Spotted%20in%20Orissa%20News%20The%20Indian%20Express,
BI_Ch19_161,Note,19,Chapter 19: India in the Clash of Civilizations,161,Unlinked note,"(Naam Tamilar, 2010)",,BI_Ch19_161,,,,,To do,,,,,,"No source matched: either a comment by the author, or a source to identify by hand"
BI_Ch19_162,Note,19,Chapter 19: India in the Clash of Civilizations,162,Unlinked note,"(The Hindu, 27 November 2009)",,BI_Ch19_162,,,,,To do,,,,,,"No source matched: either a comment by the author, or a source to identify by hand"
BI_Ch19_163,Note,19,Chapter 19: India in the Clash of Civilizations,163,Unlinked note,"(Naam Tamilar, 2010) and (Naam Tamilar, 2010)",,BI_Ch19_163,,,,,To do,,,,,,"No source matched: either a comment by the author, or a source to identify by hand"
BI_Ch19_164,Note,19,Chapter 19: India in the Clash of Civilizations,164,Unlinked note,"(The New Indian Express, 3 May 2010)",,BI_Ch19_164,,,,,To do,,,,,,"No source matched: either a comment by the author, or a source to identify by hand"
BI_Ch19_165,Note,19,Chapter 19: India in the Clash of Civilizations,165,Unlinked note,"Times, 13 June 2010)",,BI_Ch19_165,,,,,To do,,,,,,"No source matched: either a comment by the author, or a source to identify by hand"
BI_Ch19_166,Note,19,Chapter 19: India in the Clash of Civilizations,166,Unlinked note,Session on I'amil Philosophy (24 July 2010: world Classical Tami’ Confeernce) Paper by Professor V. Siva Prakasam (WCTC10 2010),,BI_Ch19_166,,,,,To do,,,,,,"No source matched: either a comment by the author, or a source to identify by hand"
BI_Ch19_167,Note,19,Chapter 19: India in the Clash of Civilizations,167,Unlinked note,Session on Tamil Philosophy (24 July 2010: world Classical Tamil Confeernce) Paper by Professor A. Karunandham (WCTCIO 2010),,BI_Ch19_167,,,,,To do,,,,,,"No source matched: either a comment by the author, or a source to identify by hand"
BI_Ch19_168,Note,19,Chapter 19: India in the Clash of Civilizations,168,Unlinked note,Session on Religion and Tamil (24 July 2010: world Classical Tamil Confeernce) Paper by Bishop Ezra Sargunam (WCTC2010 2010),,BI_Ch19_168,,,,,To do,,,,,,"No source matched: either a comment by the author, or a source to identify by hand"
BI_Ch19_169,Note,19,Chapter 19: India in the Clash of Civilizations,169,URL,"For more details on the One versus Two Nation Theories, see ‘The Roots of India-Pakistan Conflicts,’ by Rajiv Malhotra, posted at: http://rajivmalhotra.sulekha.com/blog/post/2002/02/the-root-of-india-pakistan-conflicts.htm",,BI_Ch19_169_rajivmalhotra-sulekha-com_the-root-of-india-pakistan-conflicts,,http://rajivmalhotra.sulekha.com/blog/post/2002/02/the-root-of-india-pakistan-conflicts.htm,,,To do,,,,,,"No source matched: either a comment by the author, or a source to identify by hand | download failed - live page: web server answered HTTP 404"
BI_Ch20_01,Note,20,Appendix A: A Short History of Racism from the Nasal Index to the Y-Chromosome,1,Book/Print,"(Ambedkar, 1948)",BI_B022,BI_Ch20_01_Ambedkar_The-Untouchables-Who-Were-They-And-Why,"Ambedkar, Dr. The Untouchables Who Were They And Why They Became Untouchables^ Part III, Chapter VIII. 1948.",,,,To do,,,,,https://www.google.com/search?tbm=bks&q=The%20Untouchables%20Who%20Were%20They%20And%20Why%20They%20Became%20Ambedkar,
BI_Ch20_02,Note,20,Appendix A: A Short History of Racism from the Nasal Index to the Y-Chromosome,2,Book/Print,"(Bamshad, et al, 2001)",BI_B707,BI_Ch20_02_Sahoo-Et_A-prehistory-of-Indian-Y-chromosomes-Evaluating,"Sahoo et al, Sanghamitra. ‘A prehistory of Indian Y chromosomes: Evaluating demic diffusion scenarios’. PNAS, 24 January 2006: 843-848.",,,,To do,,,,,https://www.google.com/search?tbm=bks&q=A%20prehistory%20of%20Indian%20Y%20chromosomes%20Evaluating%20demic%20diffusion%20Sahoo%20et%20al,[match: author only (unique)]
BI_Ch20_03,Note,20,Appendix A: A Short History of Racism from the Nasal Index to the Y-Chromosome,3,Book/Print,"(Ananthaswamy, 2001).",BI_B025,BI_Ch20_03_Ananthaswamy_Written-in-Blood,"Ananthaswamy, Anil. 'Written in Blood’. New Scientist^ 19 May 2001.",,,,To do,,,,,https://www.google.com/search?tbm=bks&q=Written%20in%20Blood%20New%20Scientist%2019%20May%202001%20Ananthaswamy,
BI_Ch20_04,Note,20,Appendix A: A Short History of Racism from the Nasal Index to the Y-Chromosome,4,Book/Print,"(Ananthaswamy, 2001)",BI_B025,BI_Ch20_04_Ananthaswamy_Written-in-Blood,"Ananthaswamy, Anil. 'Written in Blood’. New Scientist^ 19 May 2001.",,,,To do,,,,,https://www.google.com/search?tbm=bks&q=Written%20in%20Blood%20New%20Scientist%2019%20May%202001%20Ananthaswamy,
BI_Ch20_05,Note,20,Appendix A: A Short History of Racism from the Nasal Index to the Y-Chromosome,5,Book/Print,"(Ramachandran, R., 2001)",BI_B665,BI_Ch20_05_Ramachandran_The-Genetics-of-Caste,"Ramachandran, R. ‘The Genetics of Caste’. Frontline, 09-22 June 2001.",,,,To do,,,,,https://www.google.com/search?tbm=bks&q=The%20Genetics%20of%20Caste%20Frontline%2009%2022%20June%202001%20Ramachandran,
BI_Ch20_06,Note,20,Appendix A: A Short History of Racism from the Nasal Index to the Y-Chromosome,6,Book/Print,"(Ramachandran, R., 2001)",BI_B665,BI_Ch20_06_Ramachandran_The-Genetics-of-Caste,"Ramachandran, R. ‘The Genetics of Caste’. Frontline, 09-22 June 2001.",,,,To do,,,,,https://www.google.com/search?tbm=bks&q=The%20Genetics%20of%20Caste%20Frontline%2009%2022%20June%202001%20Ramachandran,
BI_Ch20_07,Note,20,Appendix A: A Short History of Racism from the Nasal Index to the Y-Chromosome,7,Book/Print,"(Cordaux, 2004)",BI_B139,BI_Ch20_07_Cordaux_Independent-Origins-of-Indian-Caste-and-Tribal,"Cordaux, Richard. ‘Independent Origins of Indian Caste and Tribal Paternal Lineages’. Current Biology, 3 February 2004: 231-235.",,,,To do,,,,,https://www.google.com/search?tbm=bks&q=Independent%20Origins%20of%20Indian%20Caste%20and%20Tribal%20Paternal%20Lineages%20Cordaux,
BI_Ch20_08,Note,20,Appendix A: A Short History of Racism from the Nasal Index to the Y-Chromosome,8,Book/Print,"(Cordaux, 2004)",BI_B139,BI_Ch20_08_Cordaux_Independent-Origins-of-Indian-Caste-and-Tribal,"Cordaux, Richard. ‘Independent Origins of Indian Caste and Tribal Paternal Lineages’. Current Biology, 3 February 2004: 231-235.",,,,To do,,,,,https://www.google.com/search?tbm=bks&q=Independent%20Origins%20of%20Indian%20Caste%20and%20Tribal%20Paternal%20Lineages%20Cordaux,
BI_Ch20_09,Note,20,Appendix A: A Short History of Racism from the Nasal Index to the Y-Chromosome,9,Book/Print,"(Bezbaruah and Samrat, 2001)",BI_B076,BI_Ch20_09_Bezbaruah_white-India,"Bezbaruah, Supriya, and Choudhury Samrat. ‘white India’. India Today, 30 July 2001.",,,,To do,,,,,https://www.google.com/search?tbm=bks&q=white%20India%20India%20Today%2030%20July%202001%20Bezbaruah,
BI_Ch20_10,Note,20,Appendix A: A Short History of Racism from the Nasal Index to the Y-Chromosome,10,Book/Print,"(Bezbaruah and Samrat, 2001)",BI_B076,BI_Ch20_10_Bezbaruah_white-India,"Bezbaruah, Supriya, and Choudhury Samrat. ‘white India’. India Today, 30 July 2001.",,,,To do,,,,,https://www.google.com/search?tbm=bks&q=white%20India%20India%20Today%2030%20July%202001%20Bezbaruah,
BI_Ch20_11,Note,20,Appendix A: A Short History of Racism from the Nasal Index to the Y-Chromosome,11,Book/Print,"(Bezbaruah and Samrat, 2001)",BI_B076,BI_Ch20_11_Bezbaruah_white-India,"Bezbaruah, Supriya, and Choudhury Samrat. ‘white India’. India Today, 30 July 2001.",,,,To do,,,,,https://www.google.com/search?tbm=bks&q=white%20India%20India%20Today%2030%20July%202001%20Bezbaruah,
BI_Ch20_12,Note,20,Appendix A: A Short History of Racism from the Nasal Index to the Y-Chromosome,12,Book/Print,"(Bezbaruah and Samrat, 2001) The article said, ‘All the blood samples for the different castes were from a specific geographic area in Andhra Pradesh, and the saimple size in some castes was as small as ten. “If more samples are studied, the'results could be different,” points out Shrivastava. Caste itself is also highly elastic. B.N. Chattopadhyaya, professor of ancient history at Jawaharlal Nehru University, Delhi, cites the example of the Boya tribe of Andhra Pradesh. They became warriors and claimed the status of Kshatriyas. Those among them who performed religious rituals even became Brahmins. In the 1960s, anthropologists Karve and Malhotra compared four Brahmin sub castes with four peasant sub-castes. They found that the variation within the Brahminrsub-castes was greater than the variations between Brahmin and peasant castes. Caste mobility happens even today, though post-Mandal the traffic is bidirectional.’",BI_B076,BI_Ch20_12_Bezbaruah_white-India,"Bezbaruah, Supriya, and Choudhury Samrat. ‘white India’. India Today, 30 July 2001.",,,,To do,,,,,https://www.google.com/search?tbm=bks&q=white%20India%20India%20Today%2030%20July%202001%20Bezbaruah,
BI_Ch20_13,Note,20,Appendix A: A Short History of Racism from the Nasal Index to the Y-Chromosome,13,Book/Print,"(Bezbaruah and Samrat, 2001)",BI_B076,BI_Ch20_13_Bezbaruah_white-India,"Bezbaruah, Supriya, and Choudhury Samrat. ‘white India’. India Today, 30 July 2001.",,,,To do,,,,,https://www.google.com/search?tbm=bks&q=white%20India%20India%20Today%2030%20July%202001%20Bezbaruah,
BI_Ch20_14,Note,20,Appendix A: A Short History of Racism from the Nasal Index to the Y-Chromosome,14,Book/Print,"(Sahoo, et al, 2006)",BI_B707,BI_Ch20_14_Sahoo-Et_A-prehistory-of-Indian-Y-chromosomes-Evaluating,"Sahoo et al, Sanghamitra. ‘A prehistory of Indian Y chromosomes: Evaluating demic diffusion scenarios’. PNAS, 24 January 2006: 843-848.",,,,To do,,,,,https://www.google.com/search?tbm=bks&q=A%20prehistory%20of%20Indian%20Y%20chromosomes%20Evaluating%20demic%20diffusion%20Sahoo%20et%20al,
BI_Ch20_15,Note,20,Appendix A: A Short History of Racism from the Nasal Index to the Y-Chromosome,15,Book/Print,"(Sengupta, et al, 2006)",BI_B707,BI_Ch20_15_Sahoo-Et_A-prehistory-of-Indian-Y-chromosomes-Evaluating,"Sahoo et al, Sanghamitra. ‘A prehistory of Indian Y chromosomes: Evaluating demic diffusion scenarios’. PNAS, 24 January 2006: 843-848.",,,,To do,,,,,https://www.google.com/search?tbm=bks&q=A%20prehistory%20of%20Indian%20Y%20chromosomes%20Evaluating%20demic%20diffusion%20Sahoo%20et%20al,Also cites: BI_B726
BI_Ch20_16,Note,20,Appendix A: A Short History of Racism from the Nasal Index to the Y-Chromosome,16,Book/Print,"(Sengupta, et al, 2006)",BI_B707,BI_Ch20_16_Sahoo-Et_A-prehistory-of-Indian-Y-chromosomes-Evaluating,"Sahoo et al, Sanghamitra. ‘A prehistory of Indian Y chromosomes: Evaluating demic diffusion scenarios’. PNAS, 24 January 2006: 843-848.",,,,To do,,,,,https://www.google.com/search?tbm=bks&q=A%20prehistory%20of%20Indian%20Y%20chromosomes%20Evaluating%20demic%20diffusion%20Sahoo%20et%20al,Also cites: BI_B726
BI_Ch20_17,Note,20,Appendix A: A Short History of Racism from the Nasal Index to the Y-Chromosome,17,Book/Print,"(Sengupta, et al, 2006)",BI_B707,BI_Ch20_17_Sahoo-Et_A-prehistory-of-Indian-Y-chromosomes-Evaluating,"Sahoo et al, Sanghamitra. ‘A prehistory of Indian Y chromosomes: Evaluating demic diffusion scenarios’. PNAS, 24 January 2006: 843-848.",,,,To do,,,,,https://www.google.com/search?tbm=bks&q=A%20prehistory%20of%20Indian%20Y%20chromosomes%20Evaluating%20demic%20diffusion%20Sahoo%20et%20al,Also cites: BI_B726
BI_Ch20_18,Note,20,Appendix A: A Short History of Racism from the Nasal Index to the Y-Chromosome,18,Book/Print,"(Reich, et al, 2009)",BI_B687,BI_Ch20_18_Reich_Reconstructing-Indian-population-history,"Reich, David, Kumarasamy Thangaraj, Nick Patterson, Alkes L Price, and Laiji Singh. ‘Reconstructing Indian population history’. Nature, 24 September 2009: 489-494.",,,,To do,,,,,https://www.google.com/search?tbm=bks&q=Reconstructing%20Indian%20population%20history%20Nature%2024%20September%202009%20489%20Reich,
BI_Ch20_19,Note,20,Appendix A: A Short History of Racism from the Nasal Index to the Y-Chromosome,19,URL,"(The Times of India, 2009) The report was widely circulated by NGOs campaigning against India in UN, as in: (sainatha.in, 2009), (indianchristians.in., 2009) and (dalitnetwork.org, 2009)",BI_B161,BI_Ch20_19_Dalitnetwork_UN-Set-to-Treat-Caste-as-FIuman,dalitnetwork.org. ‘UN Set to Treat Caste as FIuman Rights Violation’. Septemper 2009. http://www.dalitnetwork.org/go?/dfn/news/2009/09/ (accessed December 2009).,http://www.dalitnetwork.org/go?/dfn/news/2009/09/,,,To do,,,,,,"Also cites: BI_B382, BI_B383, BI_B384, BI_B859, BI_B860, BI_B862, BI_B863, BI_B865, BI_B866, BI_B867, BI_B869, BI_B874 | download failed - live page: page is empty or is an error page, not a real copy"
BI_Ch20_20,Note,20,Appendix A: A Short History of Racism from the Nasal Index to the Y-Chromosome,20,Book/Print,"(Kumarasamy, 2009)",BI_B445,BI_Ch20_20_Kumarasamy_Email-respons,"Kumarasamy, Thangaraj. Email respons’. 19 October 2009.",,,,To do,,,,,https://www.google.com/search?tbm=bks&q=Email%20respons%2019%20October%202009%20Kumarasamy,
BI_Ch20_21,Note,20,Appendix A: A Short History of Racism from the Nasal Index to the Y-Chromosome,21,Book/Print,"(Science Daily, 2009)",BI_B720,BI_Ch20_21_Science-Daily_Ancestral-Populations-of-India-and-Relationships-to,Science Daily. ‘Ancestral Populations of India and Relationships to Modern Groups Revealed’. Science Daily. 24 September 2009.,,,,To do,,,,,https://www.google.com/search?tbm=bks&q=Ancestral%20Populations%20of%20India%20and%20Relationships%20to%20Modern%20Groups%20Science%20Daily,
BI_Ch21_01,Note,21,Appendix B: Ancient Tamil Religion in Sangam Literature,1,Book/Print,"(Sen, 1999, 204)",BI_B725,BI_Ch21_01_Sen_Ancient-Indian-History-and-Civilization,"Sen, Sailendra Nath. Ancient Indian History and Civilization. New Age International, 1999.",,,,To do,,,,204,https://www.google.com/search?tbm=bks&q=Ancient%20Indian%20History%20and%20Civilization%20New%20Age%20International%201999%20Sen,
BI_Ch21_02,Note,21,Appendix B: Ancient Tamil Religion in Sangam Literature,2,Book/Print,"(These groupings within them consisted of such core works of ancient Tamil literature like Aha nannuru. Pur a nannurn, Patiinappalai, Maiuraikanci., Paripadal, Thirumurukarruppatai) (S. Pillai, 1996)",BI_B626,BI_Ch21_02_Pillai_Cankattamllarin-Valipatum-Catankukalum,"Pillai, Shanmukham M. Cankattamllarin Valipatum Catankukalum (Worship and Rituals of Tamils in Sangham age) [Tamil]. Chennai: International Institute of Tamil Studies, 1996. /",,,,To do,,,,,https://www.google.com/search?tbm=bks&q=Cankattamllarin%20Valipatum%20Catankukalum%20Worship%20and%20Rituals%20of%20Tamils%20in%20Pillai,
BI_Ch21_03,Note,21,Appendix B: Ancient Tamil Religion in Sangam Literature,3,Book/Print,"Pwanannuru quoted in (S. Pillai, 1996, verse:166:l)",BI_B626,BI_Ch21_03_Pillai_Cankattamllarin-Valipatum-Catankukalum,"Pillai, Shanmukham M. Cankattamllarin Valipatum Catankukalum (Worship and Rituals of Tamils in Sangham age) [Tamil]. Chennai: International Institute of Tamil Studies, 1996. /",,,,To do,,,,,https://www.google.com/search?tbm=bks&q=Cankattamllarin%20Valipatum%20Catankukalum%20Worship%20and%20Rituals%20of%20Tamils%20in%20Pillai,
BI_Ch21_04,Note,21,Appendix B: Ancient Tamil Religion in Sangam Literature,4,Book/Print,"Puranannuru quoted in. (S. Pillai, 1996, verse:26:13;93:7;362)",BI_B626,BI_Ch21_04_Pillai_Cankattamllarin-Valipatum-Catankukalum,"Pillai, Shanmukham M. Cankattamllarin Valipatum Catankukalum (Worship and Rituals of Tamils in Sangham age) [Tamil]. Chennai: International Institute of Tamil Studies, 1996. /",,,,To do,,,,,https://www.google.com/search?tbm=bks&q=Cankattamllarin%20Valipatum%20Catankukalum%20Worship%20and%20Rituals%20of%20Tamils%20in%20Pillai,
BI_Ch21_05,Note,21,Appendix B: Ancient Tamil Religion in Sangam Literature,5,Book/Print,"Puranannuru quoted in (S. Pillai, 1996, verse:2:18; 15:17)",BI_B626,BI_Ch21_05_Pillai_Cankattamllarin-Valipatum-Catankukalum,"Pillai, Shanmukham M. Cankattamllarin Valipatum Catankukalum (Worship and Rituals of Tamils in Sangham age) [Tamil]. Chennai: International Institute of Tamil Studies, 1996. /",,,,To do,,,,,https://www.google.com/search?tbm=bks&q=Cankattamllarin%20Valipatum%20Catankukalum%20Worship%20and%20Rituals%20of%20Tamils%20in%20Pillai,
BI_Ch21_06,Note,21,Appendix B: Ancient Tamil Religion in Sangam Literature,6,Book/Print,"(Ramachandran, S., 2007, 94)",BI_B666,BI_Ch21_06_Ramachandran_Maraiyum-Maraiyavarkal-The-Disappearing-Brahmins-and-Othe,"Ramachandran, S. Maraiyum Maraiyavarkal {The Disappearing Brahmins and Other Essays. [Tamil]). Chennai: Anyindian Publication, 2007.",,,,To do,,,,94,https://www.google.com/search?tbm=bks&q=Maraiyum%20Maraiyavarkal%20The%20Disappearing%20Brahmins%20and%20Other%20Essays%20Tamil%20Ramachandran,
BI_Ch21_07,Note,21,Appendix B: Ancient Tamil Religion in Sangam Literature,7,Book/Print,"Puranannuru quoted in (S. Pillai, 1996, verse:363:8,9)",BI_B626,BI_Ch21_07_Pillai_Cankattamllarin-Valipatum-Catankukalum,"Pillai, Shanmukham M. Cankattamllarin Valipatum Catankukalum (Worship and Rituals of Tamils in Sangham age) [Tamil]. Chennai: International Institute of Tamil Studies, 1996. /",,,,To do,,,,,https://www.google.com/search?tbm=bks&q=Cankattamllarin%20Valipatum%20Catankukalum%20Worship%20and%20Rituals%20of%20Tamils%20in%20Pillai,
BI_Ch21_08,Note,21,Appendix B: Ancient Tamil Religion in Sangam Literature,8,Book/Print,"Maduraikanchi quoted in (S. Pillai, 1996, ver‘;e:655-6)",BI_B626,BI_Ch21_08_Pillai_Cankattamllarin-Valipatum-Catankukalum,"Pillai, Shanmukham M. Cankattamllarin Valipatum Catankukalum (Worship and Rituals of Tamils in Sangham age) [Tamil]. Chennai: International Institute of Tamil Studies, 1996. /",,,,To do,,,,,https://www.google.com/search?tbm=bks&q=Cankattamllarin%20Valipatum%20Catankukalum%20Worship%20and%20Rituals%20of%20Tamils%20in%20Pillai,
BI_Ch21_09,Note,21,Appendix B: Ancient Tamil Religion in Sangam Literature,9,Book/Print,"Paripatal quoted in (S. Pillai, 1996, verse:9:12-13)",BI_B626,BI_Ch21_09_Pillai_Cankattamllarin-Valipatum-Catankukalum,"Pillai, Shanmukham M. Cankattamllarin Valipatum Catankukalum (Worship and Rituals of Tamils in Sangham age) [Tamil]. Chennai: International Institute of Tamil Studies, 1996. /",,,,To do,,,,,https://www.google.com/search?tbm=bks&q=Cankattamllarin%20Valipatum%20Catankukalum%20Worship%20and%20Rituals%20of%20Tamils%20in%20Pillai,
BI_Ch21_10,Note,21,Appendix B: Ancient Tamil Religion in Sangam Literature,10,Book/Print,"Paripatal quoted in (S. Pillai, 1996, verse:2:24-5)",BI_B626,BI_Ch21_10_Pillai_Cankattamllarin-Valipatum-Catankukalum,"Pillai, Shanmukham M. Cankattamllarin Valipatum Catankukalum (Worship and Rituals of Tamils in Sangham age) [Tamil]. Chennai: International Institute of Tamil Studies, 1996. /",,,,To do,,,,,https://www.google.com/search?tbm=bks&q=Cankattamllarin%20Valipatum%20Catankukalum%20Worship%20and%20Rituals%20of%20Tamils%20in%20Pillai,
BI_Ch21_11,Note,21,Appendix B: Ancient Tamil Religion in Sangam Literature,11,Book/Print,"Perumpannatrupadai quoted in (S. Pillai, 1996, verse:300-l)",BI_B626,BI_Ch21_11_Pillai_Cankattamllarin-Valipatum-Catankukalum,"Pillai, Shanmukham M. Cankattamllarin Valipatum Catankukalum (Worship and Rituals of Tamils in Sangham age) [Tamil]. Chennai: International Institute of Tamil Studies, 1996. /",,,,To do,,,,,https://www.google.com/search?tbm=bks&q=Cankattamllarin%20Valipatum%20Catankukalum%20Worship%20and%20Rituals%20of%20Tamils%20in%20Pillai,
BI_Ch21_12,Note,21,Appendix B: Ancient Tamil Religion in Sangam Literature,12,Book/Print,"(Madhava and Tapasyananda, 1996, 81)",BI_B484,BI_Ch21_12_Madhava_Sankara-dig-vijaya-The-Traditional-Life-cf,"Madhava, and Tapasyananda. Sankara dig vijaya: The Traditional Life cf Sri Sankaracharya. Chennai: Sri Ramakrishna Math, 1996.",,,,To do,,,,81,https://www.google.com/search?tbm=bks&q=Sankara%20dig%20vijaya%20The%20Traditional%20Life%20cf%20Sri%20Sankaracharya%20Madhava,
BI_Ch21_13,Note,21,Appendix B: Ancient Tamil Religion in Sangam Literature,13,Book/Print,"Thirumurkattrrupatah quoted in (S. Pdlai, 1996, verse: 179-80); Perumpannatrnpattai quoted in (S. Pillai, 1996, verse:297, 310)",BI_B626,BI_Ch21_13_Pillai_Cankattamllarin-Valipatum-Catankukalum,"Pillai, Shanmukham M. Cankattamllarin Valipatum Catankukalum (Worship and Rituals of Tamils in Sangham age) [Tamil]. Chennai: International Institute of Tamil Studies, 1996. /",,,,To do,,,,,https://www.google.com/search?tbm=bks&q=Cankattamllarin%20Valipatum%20Catankukalum%20Worship%20and%20Rituals%20of%20Tamils%20in%20Pillai,
BI_Ch21_14,Note,21,Appendix B: Ancient Tamil Religion in Sangam Literature,14,Book/Print,"Puranannuru quoted in (S. Pillai, 1996, verse: 113)",BI_B626,BI_Ch21_14_Pillai_Cankattamllarin-Valipatum-Catankukalum,"Pillai, Shanmukham M. Cankattamllarin Valipatum Catankukalum (Worship and Rituals of Tamils in Sangham age) [Tamil]. Chennai: International Institute of Tamil Studies, 1996. /",,,,To do,,,,,https://www.google.com/search?tbm=bks&q=Cankattamllarin%20Valipatum%20Catankukalum%20Worship%20and%20Rituals%20of%20Tamils%20in%20Pillai,
BI_Ch21_15,Note,21,Appendix B: Ancient Tamil Religion in Sangam Literature,15,Book/Print,"Ahanannuru quoted in (S. Pillai, 1996, verse: 24:1-3)",BI_B626,BI_Ch21_15_Pillai_Cankattamllarin-Valipatum-Catankukalum,"Pillai, Shanmukham M. Cankattamllarin Valipatum Catankukalum (Worship and Rituals of Tamils in Sangham age) [Tamil]. Chennai: International Institute of Tamil Studies, 1996. /",,,,To do,,,,,https://www.google.com/search?tbm=bks&q=Cankattamllarin%20Valipatum%20Catankukalum%20Worship%20and%20Rituals%20of%20Tamils%20in%20Pillai,
BI_Ch21_16,Note,21,Appendix B: Ancient Tamil Religion in Sangam Literature,16,Book/Print,"Puranannuru quoted in (S. Pillai, 1996, verse:224:5 9)",BI_B626,BI_Ch21_16_Pillai_Cankattamllarin-Valipatum-Catankukalum,"Pillai, Shanmukham M. Cankattamllarin Valipatum Catankukalum (Worship and Rituals of Tamils in Sangham age) [Tamil]. Chennai: International Institute of Tamil Studies, 1996. /",,,,To do,,,,,https://www.google.com/search?tbm=bks&q=Cankattamllarin%20Valipatum%20Catankukalum%20Worship%20and%20Rituals%20of%20Tamils%20in%20Pillai,
BI_Ch21_17,Note,21,Appendix B: Ancient Tamil Religion in Sangam Literature,17,Book/Print,"Puranannuru quoted in (S. Pillai, 1996, v?rse:384:15 18)",BI_B626,BI_Ch21_17_Pillai_Cankattamllarin-Valipatum-Catankukalum,"Pillai, Shanmukham M. Cankattamllarin Valipatum Catankukalum (Worship and Rituals of Tamils in Sangham age) [Tamil]. Chennai: International Institute of Tamil Studies, 1996. /",,,,To do,,,,,https://www.google.com/search?tbm=bks&q=Cankattamllarin%20Valipatum%20Catankukalum%20Worship%20and%20Rituals%20of%20Tamils%20in%20Pillai,
BI_Ch21_18,Note,21,Appendix B: Ancient Tamil Religion in Sangam Literature,18,Book/Print,"Paripatal quoted in (S. Pillai, 1996, verse:2:60 68)",BI_B626,BI_Ch21_18_Pillai_Cankattamllarin-Valipatum-Catankukalum,"Pillai, Shanmukham M. Cankattamllarin Valipatum Catankukalum (Worship and Rituals of Tamils in Sangham age) [Tamil]. Chennai: International Institute of Tamil Studies, 1996. /",,,,To do,,,,,https://www.google.com/search?tbm=bks&q=Cankattamllarin%20Valipatum%20Catankukalum%20Worship%20and%20Rituals%20of%20Tamils%20in%20Pillai,
BI_Ch21_19,Note,21,Appendix B: Ancient Tamil Religion in Sangam Literature,19,Book/Print,"Thirumurkattrrupatai quoted in (S. Pillai, 1996, verse:94 98 )",BI_B626,BI_Ch21_19_Pillai_Cankattamllarin-Valipatum-Catankukalum,"Pillai, Shanmukham M. Cankattamllarin Valipatum Catankukalum (Worship and Rituals of Tamils in Sangham age) [Tamil]. Chennai: International Institute of Tamil Studies, 1996. /",,,,To do,,,,,https://www.google.com/search?tbm=bks&q=Cankattamllarin%20Valipatum%20Catankukalum%20Worship%20and%20Rituals%20of%20Tamils%20in%20Pillai,
BI_Ch21_20,Note,21,Appendix B: Ancient Tamil Religion in Sangam Literature,20,Book/Print,"Paripatal quoted in (S. Pillai, 1996, verse: 17:28 32)",BI_B626,BI_Ch21_20_Pillai_Cankattamllarin-Valipatum-Catankukalum,"Pillai, Shanmukham M. Cankattamllarin Valipatum Catankukalum (Worship and Rituals of Tamils in Sangham age) [Tamil]. Chennai: International Institute of Tamil Studies, 1996. /",,,,To do,,,,,https://www.google.com/search?tbm=bks&q=Cankattamllarin%20Valipatum%20Catankukalum%20Worship%20and%20Rituals%20of%20Tamils%20in%20Pillai,
BI_Ch21_21,Note,21,Appendix B: Ancient Tamil Religion in Sangam Literature,21,Book/Print,"Puranannuru quoted in (S. Pillai, 1996, verse:377 : 5 6)",BI_B626,BI_Ch21_21_Pillai_Cankattamllarin-Valipatum-Catankukalum,"Pillai, Shanmukham M. Cankattamllarin Valipatum Catankukalum (Worship and Rituals of Tamils in Sangham age) [Tamil]. Chennai: International Institute of Tamil Studies, 1996. /",,,,To do,,,,,https://www.google.com/search?tbm=bks&q=Cankattamllarin%20Valipatum%20Catankukalum%20Worship%20and%20Rituals%20of%20Tamils%20in%20Pillai,
BI_Ch21_22,Note,21,Appendix B: Ancient Tamil Religion in Sangam Literature,22,Book/Print,"Puranannuru quoted in (S. Pillai, 1996, verse:201 : S 12)",BI_B626,BI_Ch21_22_Pillai_Cankattamllarin-Valipatum-Catankukalum,"Pillai, Shanmukham M. Cankattamllarin Valipatum Catankukalum (Worship and Rituals of Tamils in Sangham age) [Tamil]. Chennai: International Institute of Tamil Studies, 1996. /",,,,To do,,,,,https://www.google.com/search?tbm=bks&q=Cankattamllarin%20Valipatum%20Catankukalum%20Worship%20and%20Rituals%20of%20Tamils%20in%20Pillai,
BI_Ch21_23,Note,21,Appendix B: Ancient Tamil Religion in Sangam Literature,23,Book/Print,"Pathirtupathu quoted in (S. Pillai, 1996, verse:21:13)",BI_B626,BI_Ch21_23_Pillai_Cankattamllarin-Valipatum-Catankukalum,"Pillai, Shanmukham M. Cankattamllarin Valipatum Catankukalum (Worship and Rituals of Tamils in Sangham age) [Tamil]. Chennai: International Institute of Tamil Studies, 1996. /",,,,To do,,,,,https://www.google.com/search?tbm=bks&q=Cankattamllarin%20Valipatum%20Catankukalum%20Worship%20and%20Rituals%20of%20Tamils%20in%20Pillai,
BI_Ch21_24,Note,21,Appendix B: Ancient Tamil Religion in Sangam Literature,24,Book/Print,"(S. Pillai, 1996, 11)",BI_B626,BI_Ch21_24_Pillai_Cankattamllarin-Valipatum-Catankukalum,"Pillai, Shanmukham M. Cankattamllarin Valipatum Catankukalum (Worship and Rituals of Tamils in Sangham age) [Tamil]. Chennai: International Institute of Tamil Studies, 1996. /",,,,To do,,,,11,https://www.google.com/search?tbm=bks&q=Cankattamllarin%20Valipatum%20Catankukalum%20Worship%20and%20Rituals%20of%20Tamils%20in%20Pillai,
BI_Ch21_25,Note,21,Appendix B: Ancient Tamil Religion in Sangam Literature,25,Book/Print,"Ahanannuru quoted in (S. Pillai, 1996, verse:220:5 9)",BI_B626,BI_Ch21_25_Pillai_Cankattamllarin-Valipatum-Catankukalum,"Pillai, Shanmukham M. Cankattamllarin Valipatum Catankukalum (Worship and Rituals of Tamils in Sangham age) [Tamil]. Chennai: International Institute of Tamil Studies, 1996. /",,,,To do,,,,,https://www.google.com/search?tbm=bks&q=Cankattamllarin%20Valipatum%20Catankukalum%20Worship%20and%20Rituals%20of%20Tamils%20in%20Pillai,
BI_Ch21_26,Note,21,Appendix B: Ancient Tamil Religion in Sangam Literature,26,Book/Print,"Puranannuru quoted in (S. Pillai, 1996, verse: 2:22, 367:13)",BI_B626,BI_Ch21_26_Pillai_Cankattamllarin-Valipatum-Catankukalum,"Pillai, Shanmukham M. Cankattamllarin Valipatum Catankukalum (Worship and Rituals of Tamils in Sangham age) [Tamil]. Chennai: International Institute of Tamil Studies, 1996. /",,,,To do,,,,,https://www.google.com/search?tbm=bks&q=Cankattamllarin%20Valipatum%20Catankukalum%20Worship%20and%20Rituals%20of%20Tamils%20in%20Pillai,
BI_Ch21_27,Note,21,Appendix B: Ancient Tamil Religion in Sangam Literature,27,Book/Print,"Kalithogai quoted in (S. Pillai, 1996, verse:69:5)",BI_B626,BI_Ch21_27_Pillai_Cankattamllarin-Valipatum-Catankukalum,"Pillai, Shanmukham M. Cankattamllarin Valipatum Catankukalum (Worship and Rituals of Tamils in Sangham age) [Tamil]. Chennai: International Institute of Tamil Studies, 1996. /",,,,To do,,,,,https://www.google.com/search?tbm=bks&q=Cankattamllarin%20Valipatum%20Catankukalum%20Worship%20and%20Rituals%20of%20Tamils%20in%20Pillai,
BI_Ch21_28,Note,21,Appendix B: Ancient Tamil Religion in Sangam Literature,28,Book/Print,"Paripatal quoted in (S. Pillai, 1996, verse:18:38 39)",BI_B626,BI_Ch21_28_Pillai_Cankattamllarin-Valipatum-Catankukalum,"Pillai, Shanmukham M. Cankattamllarin Valipatum Catankukalum (Worship and Rituals of Tamils in Sangham age) [Tamil]. Chennai: International Institute of Tamil Studies, 1996. /",,,,To do,,,,,https://www.google.com/search?tbm=bks&q=Cankattamllarin%20Valipatum%20Catankukalum%20Worship%20and%20Rituals%20of%20Tamils%20in%20Pillai,
BI_Ch21_29,Note,21,Appendix B: Ancient Tamil Religion in Sangam Literature,29,Book/Print,"Paripatal quoted in (S. Pillai, 1996, verse:19:50 53)",BI_B626,BI_Ch21_29_Pillai_Cankattamllarin-Valipatum-Catankukalum,"Pillai, Shanmukham M. Cankattamllarin Valipatum Catankukalum (Worship and Rituals of Tamils in Sangham age) [Tamil]. Chennai: International Institute of Tamil Studies, 1996. /",,,,To do,,,,,https://www.google.com/search?tbm=bks&q=Cankattamllarin%20Valipatum%20Catankukalum%20Worship%20and%20Rituals%20of%20Tamils%20in%20Pillai,
BI_Ch21_30,Note,21,Appendix B: Ancient Tamil Religion in Sangam Literature,30,Book/Print,"Pathirtupathu quoted in (S. Pillai, 1996, verse:143:6 8)",BI_B626,BI_Ch21_30_Pillai_Cankattamllarin-Valipatum-Catankukalum,"Pillai, Shanmukham M. Cankattamllarin Valipatum Catankukalum (Worship and Rituals of Tamils in Sangham age) [Tamil]. Chennai: International Institute of Tamil Studies, 1996. /",,,,To do,,,,,https://www.google.com/search?tbm=bks&q=Cankattamllarin%20Valipatum%20Catankukalum%20Worship%20and%20Rituals%20of%20Tamils%20in%20Pillai,
BI_Ch21_31,Note,21,Appendix B: Ancient Tamil Religion in Sangam Literature,31,Book/Print,"Natrtinai quoted in (S. Pillai, 1996, verse:356:3 4)",BI_B626,BI_Ch21_31_Pillai_Cankattamllarin-Valipatum-Catankukalum,"Pillai, Shanmukham M. Cankattamllarin Valipatum Catankukalum (Worship and Rituals of Tamils in Sangham age) [Tamil]. Chennai: International Institute of Tamil Studies, 1996. /",,,,To do,,,,,https://www.google.com/search?tbm=bks&q=Cankattamllarin%20Valipatum%20Catankukalum%20Worship%20and%20Rituals%20of%20Tamils%20in%20Pillai,
BI_Ch21_32,Note,21,Appendix B: Ancient Tamil Religion in Sangam Literature,32,Book/Print,"Paripatal quoted in (S. Pillai, 1996, verse:9:l 3)",BI_B626,BI_Ch21_32_Pillai_Cankattamllarin-Valipatum-Catankukalum,"Pillai, Shanmukham M. Cankattamllarin Valipatum Catankukalum (Worship and Rituals of Tamils in Sangham age) [Tamil]. Chennai: International Institute of Tamil Studies, 1996. /",,,,To do,,,,,https://www.google.com/search?tbm=bks&q=Cankattamllarin%20Valipatum%20Catankukalum%20Worship%20and%20Rituals%20of%20Tamils%20in%20Pillai,
BI_Ch21_33,Note,21,Appendix B: Ancient Tamil Religion in Sangam Literature,33,Book/Print,"Perumpannatrupadai quoted in (S. Pillai, 1996, verse:29 30)",BI_B626,BI_Ch21_33_Pillai_Cankattamllarin-Valipatum-Catankukalum,"Pillai, Shanmukham M. Cankattamllarin Valipatum Catankukalum (Worship and Rituals of Tamils in Sangham age) [Tamil]. Chennai: International Institute of Tamil Studies, 1996. /",,,,To do,,,,,https://www.google.com/search?tbm=bks&q=Cankattamllarin%20Valipatum%20Catankukalum%20Worship%20and%20Rituals%20of%20Tamils%20in%20Pillai,
BI_Ch21_34,Note,21,Appendix B: Ancient Tamil Religion in Sangam Literature,34,Book/Print,"Paripatal quoted in (S. Pillai, 1996, verse:29 30); (S. Pillai, 1996, verse:3:15 18)",BI_B626,BI_Ch21_34_Pillai_Cankattamllarin-Valipatum-Catankukalum,"Pillai, Shanmukham M. Cankattamllarin Valipatum Catankukalum (Worship and Rituals of Tamils in Sangham age) [Tamil]. Chennai: International Institute of Tamil Studies, 1996. /",,,,To do,,,,,https://www.google.com/search?tbm=bks&q=Cankattamllarin%20Valipatum%20Catankukalum%20Worship%20and%20Rituals%20of%20Tamils%20in%20Pillai,
BI_Ch21_35,Note,21,Appendix B: Ancient Tamil Religion in Sangam Literature,35,Book/Print,"Kalithogai quoted in (S. Pillai, 1996, verse: 103:74 75); (S. Pillai, 1996, verse:104:78)",BI_B626,BI_Ch21_35_Pillai_Cankattamllarin-Valipatum-Catankukalum,"Pillai, Shanmukham M. Cankattamllarin Valipatum Catankukalum (Worship and Rituals of Tamils in Sangham age) [Tamil]. Chennai: International Institute of Tamil Studies, 1996. /",,,,To do,,,,,https://www.google.com/search?tbm=bks&q=Cankattamllarin%20Valipatum%20Catankukalum%20Worship%20and%20Rituals%20of%20Tamils%20in%20Pillai,
BI_Ch21_36,Note,21,Appendix B: Ancient Tamil Religion in Sangam Literature,36,Book/Print,"Paripatal quoted in (S. Pillai, 1996, verse:2:16 19)",BI_B626,BI_Ch21_36_Pillai_Cankattamllarin-Valipatum-Catankukalum,"Pillai, Shanmukham M. Cankattamllarin Valipatum Catankukalum (Worship and Rituals of Tamils in Sangham age) [Tamil]. Chennai: International Institute of Tamil Studies, 1996. /",,,,To do,,,,,https://www.google.com/search?tbm=bks&q=Cankattamllarin%20Valipatum%20Catankukalum%20Worship%20and%20Rituals%20of%20Tamils%20in%20Pillai,
BI_Ch21_37,Note,21,Appendix B: Ancient Tamil Religion in Sangam Literature,37,Book/Print,"Mullai quoted in (S. Pillai, 1996, verse:3)",BI_B626,BI_Ch21_37_Pillai_Cankattamllarin-Valipatum-Catankukalum,"Pillai, Shanmukham M. Cankattamllarin Valipatum Catankukalum (Worship and Rituals of Tamils in Sangham age) [Tamil]. Chennai: International Institute of Tamil Studies, 1996. /",,,,To do,,,,,https://www.google.com/search?tbm=bks&q=Cankattamllarin%20Valipatum%20Catankukalum%20Worship%20and%20Rituals%20of%20Tamils%20in%20Pillai,
BI_Ch21_38,Note,21,Appendix B: Ancient Tamil Religion in Sangam Literature,38,Book/Print,"Paripatal quoted in (S. Pillai, 1996, verse:4:10 21)",BI_B626,BI_Ch21_38_Pillai_Cankattamllarin-Valipatum-Catankukalum,"Pillai, Shanmukham M. Cankattamllarin Valipatum Catankukalum (Worship and Rituals of Tamils in Sangham age) [Tamil]. Chennai: International Institute of Tamil Studies, 1996. /",,,,To do,,,,,https://www.google.com/search?tbm=bks&q=Cankattamllarin%20Valipatum%20Catankukalum%20Worship%20and%20Rituals%20of%20Tamils%20in%20Pillai,
BI_Ch21_39,Note,21,Appendix B: Ancient Tamil Religion in Sangam Literature,39,Book/Print,"Ahanannuru quoted in (S. Pillai, 1996, verse:220:5 9)",BI_B626,BI_Ch21_39_Pillai_Cankattamllarin-Valipatum-Catankukalum,"Pillai, Shanmukham M. Cankattamllarin Valipatum Catankukalum (Worship and Rituals of Tamils in Sangham age) [Tamil]. Chennai: International Institute of Tamil Studies, 1996. /",,,,To do,,,,,https://www.google.com/search?tbm=bks&q=Cankattamllarin%20Valipatum%20Catankukalum%20Worship%20and%20Rituals%20of%20Tamils%20in%20Pillai,
BI_Ch21_40,Note,21,Appendix B: Ancient Tamil Religion in Sangam Literature,40,Book/Print,"Puranannuru quoted in (S. Pillai, 1996, verse:378:9 22)",BI_B626,BI_Ch21_40_Pillai_Cankattamllarin-Valipatum-Catankukalum,"Pillai, Shanmukham M. Cankattamllarin Valipatum Catankukalum (Worship and Rituals of Tamils in Sangham age) [Tamil]. Chennai: International Institute of Tamil Studies, 1996. /",,,,To do,,,,,https://www.google.com/search?tbm=bks&q=Cankattamllarin%20Valipatum%20Catankukalum%20Worship%20and%20Rituals%20of%20Tamils%20in%20Pillai,
BI_Ch21_41,Note,21,Appendix B: Ancient Tamil Religion in Sangam Literature,41,Book/Print,"Ahanannuru quoted in (S. Pillai, 1996, verse:70:13 15)",BI_B626,BI_Ch21_41_Pillai_Cankattamllarin-Valipatum-Catankukalum,"Pillai, Shanmukham M. Cankattamllarin Valipatum Catankukalum (Worship and Rituals of Tamils in Sangham age) [Tamil]. Chennai: International Institute of Tamil Studies, 1996. /",,,,To do,,,,,https://www.google.com/search?tbm=bks&q=Cankattamllarin%20Valipatum%20Catankukalum%20Worship%20and%20Rituals%20of%20Tamils%20in%20Pillai,
BI_Ch21_42,Note,21,Appendix B: Ancient Tamil Religion in Sangam Literature,42,Book/Print,"Puranannuru quoted in (S. Pillai, 1996, verse:2:13 16)",BI_B626,BI_Ch21_42_Pillai_Cankattamllarin-Valipatum-Catankukalum,"Pillai, Shanmukham M. Cankattamllarin Valipatum Catankukalum (Worship and Rituals of Tamils in Sangham age) [Tamil]. Chennai: International Institute of Tamil Studies, 1996. /",,,,To do,,,,,https://www.google.com/search?tbm=bks&q=Cankattamllarin%20Valipatum%20Catankukalum%20Worship%20and%20Rituals%20of%20Tamils%20in%20Pillai,
BI_Ch21_43,Note,21,Appendix B: Ancient Tamil Religion in Sangam Literature,43,Book/Print,"(Ramakrishnan, S., 1971, 210)",BI_B669,BI_Ch21_43_Ramakrishnan_Inthiya-Panpaadum-Tamizharum-Indian-Culture-and-Tamils,"Ramakrishnan, S. Inthiya Panpaadum Tamizharum {Indian Culture and Tamils [Tamil]). Chennai: Meenakshi Puthaka Nilayam, 1971.",,,,To do,,,,210,https://www.google.com/search?tbm=bks&q=Inthiya%20Panpaadum%20Tamizharum%20Indian%20Culture%20and%20Tamils%20Tamil%20Chennai%20Ramakrishnan,
BI_Ch21_44,Note,21,Appendix B: Ancient Tamil Religion in Sangam Literature,44,Book/Print,"Perumpannatrupadai quoted in (S. Pillai, 1996, verse:415 420)",BI_B626,BI_Ch21_44_Pillai_Cankattamllarin-Valipatum-Catankukalum,"Pillai, Shanmukham M. Cankattamllarin Valipatum Catankukalum (Worship and Rituals of Tamils in Sangham age) [Tamil]. Chennai: International Institute of Tamil Studies, 1996. /",,,,To do,,,,,https://www.google.com/search?tbm=bks&q=Cankattamllarin%20Valipatum%20Catankukalum%20Worship%20and%20Rituals%20of%20Tamils%20in%20Pillai,
BI_Ch21_45,Note,21,Appendix B: Ancient Tamil Religion in Sangam Literature,45,Book/Print,"Kalithogai quoted in (S. Pillai, 1996, verse:104:57 9).",BI_B626,BI_Ch21_45_Pillai_Cankattamllarin-Valipatum-Catankukalum,"Pillai, Shanmukham M. Cankattamllarin Valipatum Catankukalum (Worship and Rituals of Tamils in Sangham age) [Tamil]. Chennai: International Institute of Tamil Studies, 1996. /",,,,To do,,,,,https://www.google.com/search?tbm=bks&q=Cankattamllarin%20Valipatum%20Catankukalum%20Worship%20and%20Rituals%20of%20Tamils%20in%20Pillai,
BI_Ch21_46,Note,21,Appendix B: Ancient Tamil Religion in Sangam Literature,46,Book/Print,"Maduraikanchi quoted in (S. Pillai, 1996, verse:70 74); Pathitrupathu quoted in (S. Pillai, 1996, verse:43:6 11)",BI_B626,BI_Ch21_46_Pillai_Cankattamllarin-Valipatum-Catankukalum,"Pillai, Shanmukham M. Cankattamllarin Valipatum Catankukalum (Worship and Rituals of Tamils in Sangham age) [Tamil]. Chennai: International Institute of Tamil Studies, 1996. /",,,,To do,,,,,https://www.google.com/search?tbm=bks&q=Cankattamllarin%20Valipatum%20Catankukalum%20Worship%20and%20Rituals%20of%20Tamils%20in%20Pillai,
BI_Ch21_47,Note,21,Appendix B: Ancient Tamil Religion in Sangam Literature,47,Book/Print,"Ahanannuru quoted in (S. Pillai, 1996, verse:265:l 3) and also Puranannuru quoted in (S. Pillai, 1996, verse:2:24)",BI_B626,BI_Ch21_47_Pillai_Cankattamllarin-Valipatum-Catankukalum,"Pillai, Shanmukham M. Cankattamllarin Valipatum Catankukalum (Worship and Rituals of Tamils in Sangham age) [Tamil]. Chennai: International Institute of Tamil Studies, 1996. /",,,,To do,,,,,https://www.google.com/search?tbm=bks&q=Cankattamllarin%20Valipatum%20Catankukalum%20Worship%20and%20Rituals%20of%20Tamils%20in%20Pillai,
BI_Ch21_48,Note,21,Appendix B: Ancient Tamil Religion in Sangam Literature,48,Book/Print,"Ahanannuru quoted in (S. Pillai, 1996, verse:70:13 14)",BI_B626,BI_Ch21_48_Pillai_Cankattamllarin-Valipatum-Catankukalum,"Pillai, Shanmukham M. Cankattamllarin Valipatum Catankukalum (Worship and Rituals of Tamils in Sangham age) [Tamil]. Chennai: International Institute of Tamil Studies, 1996. /",,,,To do,,,,,https://www.google.com/search?tbm=bks&q=Cankattamllarin%20Valipatum%20Catankukalum%20Worship%20and%20Rituals%20of%20Tamils%20in%20Pillai,
BI_Ch21_49,Note,21,Appendix B: Ancient Tamil Religion in Sangam Literature,49,Book/Print,"Puranannuru quoted in (S. Pillai, 1996, verse:67:6 * 7; 330:12); Pathitrupathu quoted in (S. Pillai, 1996, verse: 11:23 25; 43:6 8)",BI_B626,BI_Ch21_49_Pillai_Cankattamllarin-Valipatum-Catankukalum,"Pillai, Shanmukham M. Cankattamllarin Valipatum Catankukalum (Worship and Rituals of Tamils in Sangham age) [Tamil]. Chennai: International Institute of Tamil Studies, 1996. /",,,,To do,,,,,https://www.google.com/search?tbm=bks&q=Cankattamllarin%20Valipatum%20Catankukalum%20Worship%20and%20Rituals%20of%20Tamils%20in%20Pillai,
BI_Ch21_50,Note,21,Appendix B: Ancient Tamil Religion in Sangam Literature,50,Book/Print,"Puranannuru (S. Pillai, 1996, verse:17:18)",BI_B626,BI_Ch21_50_Pillai_Cankattamllarin-Valipatum-Catankukalum,"Pillai, Shanmukham M. Cankattamllarin Valipatum Catankukalum (Worship and Rituals of Tamils in Sangham age) [Tamil]. Chennai: International Institute of Tamil Studies, 1996. /",,,,To do,,,,,https://www.google.com/search?tbm=bks&q=Cankattamllarin%20Valipatum%20Catankukalum%20Worship%20and%20Rituals%20of%20Tamils%20in%20Pillai,
BI_Ch21_51,Note,21,Appendix B: Ancient Tamil Religion in Sangam Literature,51,Unlinked note,Thirumanthiram 1.118,,BI_Ch21_51,,,,,To do,,,,,,"No source matched: either a comment by the author, or a source to identify by hand"
BI_Ch21_52,Note,21,Appendix B: Ancient Tamil Religion in Sangam Literature,52,Unlinked note,Thiruvasagam: Sivapuranam,,BI_Ch21_52,,,,,To do,,,,,,"No source matched: either a comment by the author, or a source to identify by hand"
BI_Ch21_53,Note,21,Appendix B: Ancient Tamil Religion in Sangam Literature,53,Book/Print,"(Swamigal, verses 281-2)",BI_B760,BI_Ch21_53_Swamigal_Thiruvarutpa,"Swamigal, Ramalinga. Thiruvarutpa. Annamalai University, 1989.",,,,To do,,,,,https://www.google.com/search?tbm=bks&q=Thiruvarutpa%20Annamalai%20University%201989%20Swamigal,[match: author only (unique)]
BI_Ch21_54,Note,21,Appendix B: Ancient Tamil Religion in Sangam Literature,54,Unlinked note,"(Amazon, 1999)",,BI_Ch21_54,,,,,To do,,,,,,"No source matched: either a comment by the author, or a source to identify by hand"
BI_Ch21_55,Note,21,Appendix B: Ancient Tamil Religion in Sangam Literature,55,Book/Print,"(Hussein, 2002).",BI_B351,BI_Ch21_55_Hussein_Ancient-Tamil-Society-as-Reflected-in-Sangam,"Hussein, Asiff. ‘Ancient Tamil Society as Reflected in Sangam Literature’. Sunday Observer, 22 September 2002.",,,,To do,,,,,https://www.google.com/search?tbm=bks&q=Ancient%20Tamil%20Society%20as%20Reflected%20in%20Sangam%20Literature%20Sunday%20Hussein,
BI_Ch22_01,Note,22,Appendix C: Parallel Developments in Africa,1,Book/Print,"The German missionary Johann Ludwig Krapf (1810-81), was the first to use the term ‘Hamitic’ to refer to a class of languages, and he classified all African languages spoken by black people to be Hamitic. He made distinctions among African communities combining their languages with different degrees of darkness of skin. (See: (Krapf and Ravenstein, 1860, 144)",BI_B436,BI_Ch22_01_Krapf_Travels,"Krapf, Johann Ludwig, and Ernest George Ravenstein. Travels, Researches and Missionary Labours during an Eighteen Years Residence in Eastern Africa. London: Trubner, 1860.",,,,On OneDrive,,BI_B436_Krapf_Travels.pdf,https://1drv.ms/b/c/ACD215A5F926CFCE/IQCj0nwZLqESTK2vm9hrYbXvAR59tRHhMQSPPRCXXhJhapU?download=1,144,https://www.google.com/search?tbm=bks&q=Travels%20Researches%20and%20Missionary%20Labours%20during%20an%20Eighteen%20Years%20Krapf,"Earlier check: Public domain (pub. 1860, pre-1930). Downloaded from archive.org. | Carried over from the earlier backup (A430_Krapf_1860_Travels-Researches-Missionary-Labours.pdf)"
BI_Ch22_02,Note,22,Appendix C: Parallel Developments in Africa,2,Book/Print,"(Dubow, 1995, 84)",BI_B231,BI_Ch22_02_Dubow_Scientific-Racism-in-Modern-South-Africa,"Dubow, Saul. Scientific Racism in Modern South Africa. Cambridge University Press, 1995.",,,,To do,,,,84,https://www.google.com/search?tbm=bks&q=Scientific%20Racism%20in%20Modern%20South%20Africa%20Cambridge%20University%20Press%20Dubow,
BI_Ch22_03,Note,22,Appendix C: Parallel Developments in Africa,3,Book/Print,"(Dubow, 1995, 84)",BI_B231,BI_Ch22_03_Dubow_Scientific-Racism-in-Modern-South-Africa,"Dubow, Saul. Scientific Racism in Modern South Africa. Cambridge University Press, 1995.",,,,To do,,,,84,https://www.google.com/search?tbm=bks&q=Scientific%20Racism%20in%20Modern%20South%20Africa%20Cambridge%20University%20Press%20Dubow,
BI_Ch22_04,Note,22,Appendix C: Parallel Developments in Africa,4,URL,"The same process was at work in attempts to explain remnants of a great civilization in the Mississippi Valley region of what is now the United States. ‘A lost tribe of Israel’ was invented, since the Native Americans surely could not have built such enormous earthworks. For a brief summary see: (Hirst, 2005)",BI_B337,BI_Ch22_04_Hirst_Lost-Race-Myth,"Hirst, Kris K. ‘Lost Race Myth’. 2005. http://archaeology.about.com/o<J/Iterms/g/lostraces.htm (accessed 21 October 2009).",http://archaeology.about.com/od/Iterms/g/lostraces.htm,,,To do,,,,,,Web address corrected from the earlier audit (the book's text read: http://archaeology.about.com/o) | download failed - live page: Page.goto: net::ERR_NAME_NOT_RESOLVED at http://archaeology.about.com/
BI_Ch22_05,Note,22,Appendix C: Parallel Developments in Africa,5,Book/Print,"(Trigger, 198>, 197)",BI_B888,BI_Ch22_05_Trigger_A-History-of-Archaeological-Thought,"Trigger, Bruce G. A History of Archaeological Thought. Cambridge University Press, 1989.",,,,To do,,,,,https://www.google.com/search?tbm=bks&q=A%20History%20of%20Archaeological%20Thought%20Cambridge%20University%20Press%201989%20Trigger,[match: author only (unique)]
BI_Ch22_06,Note,22,Appendix C: Parallel Developments in Africa,6,Book/Print,"(Trigger, 1989, 131)",BI_B888,BI_Ch22_06_Trigger_A-History-of-Archaeological-Thought,"Trigger, Bruce G. A History of Archaeological Thought. Cambridge University Press, 1989.",,,,To do,,,,131,https://www.google.com/search?tbm=bks&q=A%20History%20of%20Archaeological%20Thought%20Cambridge%20University%20Press%201989%20Trigger,
BI_Ch22_07,Note,22,Appendix C: Parallel Developments in Africa,7,Book/Print,"(Frederikse, 1990, 10-11)",BI_B271,BI_Ch22_07_Frederikse_Before-the-war-Interview,"Frederikse, Julie. ‘Before the war:Interview (1982)’. In None But Ourselves, by Biddy Partridge. Harare: Oral Traditions Association of Zimbabwe with Anvil Press, 1990.",,,,To do,,,,10,https://www.google.com/search?tbm=bks&q=Before%20the%20war%20Interview%201982%20In%20None%20But%20Ourselves%20Frederikse,
BI_Ch22_08,Note,22,Appendix C: Parallel Developments in Africa,8,Book/Print,"(Trigger, 1989, 130)",BI_B888,BI_Ch22_08_Trigger_A-History-of-Archaeological-Thought,"Trigger, Bruce G. A History of Archaeological Thought. Cambridge University Press, 1989.",,,,To do,,,,130,https://www.google.com/search?tbm=bks&q=A%20History%20of%20Archaeological%20Thought%20Cambridge%20University%20Press%201989%20Trigger,
BI_Ch22_09,Note,22,Appendix C: Parallel Developments in Africa,9,Book/Print,"(Seligman and Seligman, 1911) The Veddhas are an indigenous tribal group in Sri Lanka. They include speakers of both Tamil and Sinhala. Tlielr religion is originally animist, with overlays of both Buddhism and Hinduism, but they are now being targeted by Christian evangelicals. They are also disputing among themselves over which group’s members are the original inhabitants. See various articles posted at: http://vedda.org/",BI_B724,BI_Ch22_09_The-Veddhas_Cambridge-University-Press,"— The Veddhas. Cambridge University Press, 1911.",,,,On OneDrive,https://archive.org/download/veddas__00seliuoft/veddas__00seliuoft.pdf,BI_B724_The-Veddhas_Cambridge-University-Press.pdf,https://1drv.ms/b/c/ACD215A5F926CFCE/IQAPZgWVwTzrRobth3CAPtpmARd6hcq2FJTtfkDQ1rYNqM4?download=1,,https://www.google.com/search?tbm=bks&q=Cambridge%20University%20Press%201911%20%E2%80%94%20The%20Veddhas,"Free copy found in the earlier audit (archive.org) | Earlier check: FOLLOW-UP 2026-10-02: Previously missing source now downloaded. Title page confirms C. G. and Brenda Z. Seligmann, Cambridge University Press, 1911; 636 scan pages. Download: https://archive.org/downl | Carried over from the earlier backup (A710_Seligmann_1911_The-Veddas.pdf)"
BI_Ch22_10,Note,22,Appendix C: Parallel Developments in Africa,10,Book/Print,"(Rigby, 1996, 68)",BI_B694,BI_Ch22_10_Rigby_African-Images-R-acism-and-the-End,"Rigby, Peter. African Images: R acism and the End of Anthropology. Oxford: Berg Publishers, 1996.",,,,To do,,,,68,https://www.google.com/search?tbm=bks&q=African%20Images%20R%20acism%20and%20the%20End%20of%20Anthropology%20Rigby,
BI_Ch22_11,Note,22,Appendix C: Parallel Developments in Africa,11,Book/Print,"(Seligman, Races of Africa, 1966, 100-1)",BI_B722,BI_Ch22_11_Seligman_Races-of-Africa,"Seligman, Charles G. Races of Africa. Oxford University Press, 1966.",,,,To do,,,,100,https://www.google.com/search?tbm=bks&q=Races%20of%20Africa%20Oxford%20University%20Press%201966%20Seligman,
BI_Ch22_12,Note,22,Appendix C: Parallel Developments in Africa,12,URL,"(Sharp, 2004)",BI_B735,BI_Ch22_12_Sharp_The-Hamitic-Hypothesis-A-Pseudo-Historical-Justification,"Sharp, Travis. ‘The Hamitic Hypothesis: A Pseudo Historical Justification for White Superiority’. Writing for a Real World 2004-2005: University of San Francisco. 2004. http://www.usfca.edu/rhetcomp/journal/wrwtoc04 05.html (accessed 8 July 2008).",http://www.usfca.edu/rhetcomp/journal/wrwtoc0405.html,,,To do,,,,,,Web address corrected from the earlier audit (the book's text read: http://www.usfca.edu/rhetcomp/journal/wrwtoc04) | download failed - live page: web server answered HTTP 404
BI_Ch22_13,Note,22,Appendix C: Parallel Developments in Africa,13,Book/Print,"(Rekdal, 1998, 20) quoted in (Sharp, 2004)",BI_B688,BI_Ch22_13_Rekdal_Ethnology,"Rekdal, Ole Bjorn, 'when hypothesis becomes myth: the Iraqi origin of the Iraq’. Ethnology. 1998: 17-32.",,,,To do,,,,20,https://www.google.com/search?tbm=bks&q=Ethnology%201998%2017%2032%20Rekdal,Also cites: BI_B735
BI_Ch22_14,Note,22,Appendix C: Parallel Developments in Africa,14,Book/Print,"(Seligman and Seligman, 1932, 4) quoted in (Rigby, 1996, 68). The invasion theory went as follows: ‘The Negro Hamitic people will be understood when it is realized that the incoming FIamites were pastoral Caucasians, arriving wave after wave, better armed and of sterner character than the agricultural Negroes.’",BI_B694,BI_Ch22_14_Rigby_African-Images-R-acism-and-the-End,"Rigby, Peter. African Images: R acism and the End of Anthropology. Oxford: Berg Publishers, 1996.",,,,To do,,,,4,https://www.google.com/search?tbm=bks&q=African%20Images%20R%20acism%20and%20the%20End%20of%20Anthropology%20Rigby,Also cites: BI_B723
BI_Ch22_15,Note,22,Appendix C: Parallel Developments in Africa,15,Book/Print,"All quotes that follow are from: (Rigby, 1996, 69,70/.To simplify the language, we have substituted Hutu and Tutsi as the names rather than the variations used in the original.",BI_B694,BI_Ch22_15_Rigby_African-Images-R-acism-and-the-End,"Rigby, Peter. African Images: R acism and the End of Anthropology. Oxford: Berg Publishers, 1996.",,,,To do,,,,69,https://www.google.com/search?tbm=bks&q=African%20Images%20R%20acism%20and%20the%20End%20of%20Anthropology%20Rigby,
BI_Ch22_16,Note,22,Appendix C: Parallel Developments in Africa,16,Unlinked note,Belgium took over Rwanda from Germany after the first World War.,,BI_Ch22_16,,,,,To do,,,,,,"No source matched: either a comment by the author, or a source to identify by hand"
BI_Ch22_17,Note,22,Appendix C: Parallel Developments in Africa,17,Book/Print,"(Lemarchand, 1999, 10-11)",BI_B459,BI_Ch22_17_Lemarchand_Ethnicity-as-Myth-The-View-from-the,"Lemarchand, Rene. ‘Ethnicity as Myth: The View from the Central Africa’. Copenhagen: University of Copenhagen: Centre of African Studies, 1999.",,,,To do,,,,10,https://www.google.com/search?tbm=bks&q=Ethnicity%20as%20Myth%20The%20View%20from%20the%20Central%20Africa%20Lemarchand,
BI_Ch22_18,Note,22,Appendix C: Parallel Developments in Africa,18,Book/Print,"(Longman, 2005, 87)",BI_B471,BI_Ch22_18_Longman_Churches-and-Social-Upheavel-in-Rwanda-and,"Longman, Timothy. ‘Churches and Social Upheavel in Rwanda and Burundi Explaining Failures to Oppose Ethnic Violence’. In Religion and African Civil Wars, by Niels Kastfelt. London: C. Hurst Co. Publishers, 2005.",,,,To do,,,,87,https://www.google.com/search?tbm=bks&q=Churches%20and%20Social%20Upheavel%20in%20Rwanda%20and%20Burundi%20Explaining%20Longman,
BI_Ch22_19,Note,22,Appendix C: Parallel Developments in Africa,19,Book/Print,"(Elisse, 2006, 176)",BI_B238,BI_Ch22_19_Elisse_The-Rwandan-Church-The-Challenge-of-Reconciliation,"Elisse, Rutagambwa. ‘The Rwandan Church: The Challenge of Reconciliation’. In The Catholic Church and the Nation State: Comparative Perspectives, by Paul Christopher Manuel, Lawrence Christopher P<eardon and Clyde wilcox. washington: Georgetown University Press, 2006.",,,,To do,,,,176,https://www.google.com/search?tbm=bks&q=The%20Rwandan%20Church%20The%20Challenge%20of%20Reconciliation%20In%20The%20Elisse,
BI_Ch22_20,Note,22,Appendix C: Parallel Developments in Africa,20,Book/Print,"(Kastfelt, 2005., 16)",BI_B425,BI_Ch22_20_Kastfelt_Religion-and-African-Civil-Wars,"Kastfelt, Niels. Religion and African Civil Wars. London: C. Hurst & Co. Publishers, 2005.",,,,To do,,,,,https://www.google.com/search?tbm=bks&q=Religion%20and%20African%20Civil%20Wars%20London%20C%20Hurst%20Co%20Kastfelt,
BI_Ch22_21,Note,22,Appendix C: Parallel Developments in Africa,21,Book/Print,"(Thompson an<l Annan, 2007, 28)",BI_B854,BI_Ch22_21_Thompson_The-Media-and-the-Rwanda-Genocide,"Thompson, Allan, and Koffi Annan. The Media and the Rwanda Genocide. London: Pluto Press, 2007.",,,,To do,,,,28,https://www.google.com/search?tbm=bks&q=The%20Media%20and%20the%20Rwanda%20Genocide%20London%20Pluto%20Press%20Thompson,
BI_Ch22_22,Note,22,Appendix C: Parallel Developments in Africa,22,Book/Print,"His remarks as summarized by a Catholic journalist, John L. Allen Jr. (Allen Jr, 2009).",BI_B018,BI_Ch22_22_Allen-Jr_Synod-for-Africa-Opens-to-High-Hopes,"Allen Jr, John L. ‘Synod for Africa Opens to High Hopes, but Realism’. National Catholic Reporter, 2 October 2009.",,,,To do,,,,,https://www.google.com/search?tbm=bks&q=Synod%20for%20Africa%20Opens%20to%20High%20Hopes%20but%20Realism%20Allen%20Jr,
BI_Ch22_23,Note,22,Appendix C: Parallel Developments in Africa,23,Book/Print,"(Longman, 2010)",BI_B470,BI_Ch22_23_Longman_Christianity-and-Genocide-in-Rwanda,"Longman, Timothy. Christianity and Genocide in Rwanda. Cambridge University Press, 2010.",,,,To do,,,,,https://www.google.com/search?tbm=bks&q=Christianity%20and%20Genocide%20in%20Rwanda%20Cambridge%20University%20Press%202010%20Longman,
BI_Ch22_24,Note,22,Appendix C: Parallel Developments in Africa,24,Book/Print,"(Longman, 2010. 151-2)",BI_B470,BI_Ch22_24_Longman_Christianity-and-Genocide-in-Rwanda,"Longman, Timothy. Christianity and Genocide in Rwanda. Cambridge University Press, 2010.",,,,To do,,,,,https://www.google.com/search?tbm=bks&q=Christianity%20and%20Genocide%20in%20Rwanda%20Cambridge%20University%20Press%202010%20Longman,
BI_Ch22_25,Note,22,Appendix C: Parallel Developments in Africa,25,Book/Print,"(Longman, 2010, 161)",BI_B470,BI_Ch22_25_Longman_Christianity-and-Genocide-in-Rwanda,"Longman, Timothy. Christianity and Genocide in Rwanda. Cambridge University Press, 2010.",,,,To do,,,,161,https://www.google.com/search?tbm=bks&q=Christianity%20and%20Genocide%20in%20Rwanda%20Cambridge%20University%20Press%202010%20Longman,
BI_Ch22_26,Note,22,Appendix C: Parallel Developments in Africa,26,Book/Print,"(Longman, 2010, 175)",BI_B470,BI_Ch22_26_Longman_Christianity-and-Genocide-in-Rwanda,"Longman, Timothy. Christianity and Genocide in Rwanda. Cambridge University Press, 2010.",,,,To do,,,,175,https://www.google.com/search?tbm=bks&q=Christianity%20and%20Genocide%20in%20Rwanda%20Cambridge%20University%20Press%202010%20Longman,
BI_Ch22_27,Note,22,Appendix C: Parallel Developments in Africa,27,Book/Print,"(Longman, 2010, 175-6)",BI_B470,BI_Ch22_27_Longman_Christianity-and-Genocide-in-Rwanda,"Longman, Timothy. Christianity and Genocide in Rwanda. Cambridge University Press, 2010.",,,,To do,,,,175,https://www.google.com/search?tbm=bks&q=Christianity%20and%20Genocide%20in%20Rwanda%20Cambridge%20University%20Press%202010%20Longman,
BI_Ch22_28,Note,22,Appendix C: Parallel Developments in Africa,28,Book/Print,"(Longman, 2010, 232-7)",BI_B470,BI_Ch22_28_Longman_Christianity-and-Genocide-in-Rwanda,"Longman, Timothy. Christianity and Genocide in Rwanda. Cambridge University Press, 2010.",,,,To do,,,,232,https://www.google.com/search?tbm=bks&q=Christianity%20and%20Genocide%20in%20Rwanda%20Cambridge%20University%20Press%202010%20Longman,
BI_Ch22_29,Note,22,Appendix C: Parallel Developments in Africa,29,Book/Print,"(Divakar, 2007, 38-42)",BI_B215,BI_Ch22_29_Divakar_Social-investments-of-district-Catholic-Diocese,"Divakar, Justin. ‘Social investments of district Catholic Diocese’. In Valikalil Chikkiyavan (Caught in the net) [Tamil], by Justin Divakar. Nagerkovil: Cape Education Trust, 2007.",,,,To do,,,,38,https://www.google.com/search?tbm=bks&q=Social%20investments%20of%20district%20Catholic%20Diocese%20In%20Valikalil%20Chikkiyavan%20Divakar,
BI_Ch23_01,Note,23,Appendix D: Thomas Hoax on Native Americans,1,Book/Print,"(Haase and Reinhold, 1994, 217)",BI_B313,BI_Ch23_01_Haase_The-Classical-Tradition-and-the-Americas-Myths,"Haase, Wolfgang, and Meyer Reinhold. The Classical Tradition and the Americas: Myths and Expansionism on American Continent. Berlin: waiter de Gruyter, 1994.",,,,To do,,,,217,https://www.google.com/search?tbm=bks&q=The%20Classical%20Tradition%20and%20the%20Americas%20Myths%20and%20Expansionism%20Haase,
BI_Ch23_02,Note,23,Appendix D: Thomas Hoax on Native Americans,2,Book/Print,"(McManners, 2001, 425)",BI_B525,BI_Ch23_02_Mcmanners_The-Oxford-Illustrated-History-of-Christianity,"McManners, John. The Oxford Illustrated History of Christianity. Oxford University Press, 2001.",,,,To do,,,,425,https://www.google.com/search?tbm=bks&q=The%20Oxford%20Illustrated%20History%20of%20Christianity%20Oxford%20University%20Press%20McManners,
BI_Ch25_01,Note,25,Appendix F: Case of the Disposable Epigraphist,1,Unlinked note,These fellowships are sponsored by the government of India.,,BI_Ch25_01,,,,,To do,,,,,,"No source matched: either a comment by the author, or a source to identify by hand"
BI_Ch25_02,Note,25,Appendix F: Case of the Disposable Epigraphist,2,Book/Print,"(Mahadevan, 1970)",BI_B487,BI_Ch25_02_Mahadevan_Dravidian-parallels-in-Proto-Indian-script,"Mahadevan, Iravatham. ‘Dravidian parallels in Proto Indian script’. Journal of Tamil Studies 2 (1970).",,,,To do,,,,,https://www.google.com/search?tbm=bks&q=Dravidian%20parallels%20in%20Proto%20Indian%20script%20Journal%20of%20Tamil%20Mahadevan,
BI_Ch25_03,Note,25,Appendix F: Case of the Disposable Epigraphist,3,Book/Print,"(Mahadevan, 2002)",BI_B485,BI_Ch25_03_Mahadevan_Aryan-or-Dravidian-or-Neither,"Mahadevan, Iravatham. ‘Aryan or Dravidian or Neither.^ A Study of Recent Attempts to Decipher the Indus Script (1995 2000)’. Edited by Michael witzel. Electronic Journal of Vedic Studies (EJVS) 8, no. 1 (March 2002): 3-19.",,,,To do,,,,,https://www.google.com/search?tbm=bks&q=Aryan%20or%20Dravidian%20or%20Neither%20A%20Study%20of%20Recent%20Mahadevan,
BI_Ch25_04,Note,25,Appendix F: Case of the Disposable Epigraphist,4,Book/Print,"(Chengappa, 2002)",BI_B122,BI_Ch25_04_Chengappa_The-Lost-Civilization,"Chengappa, Raj. ‘The Lost Civilization’. India Today, 11 February 2002.",,,,To do,,,,,https://www.google.com/search?tbm=bks&q=The%20Lost%20Civilization%20India%20Today%2011%20February%202002%20Chengappa,
BI_Ch25_05,Note,25,Appendix F: Case of the Disposable Epigraphist,5,URL,"(Ramachandran, S., 2006)",BI_B667,BI_Ch25_05_On-Recent,— ‘On recent archeological discoveries’. (Tamil) Thinnai. 11 May 2006. http://www.thinnai.com/?module=displaystory&:story_id=60605128&format=html (accessed 12 May 2006).,http://www.thinnai.com/?module=displaystory&story_id=60605128&format=html,,,On OneDrive,,BI_B667_On-Recent_thinnai-com.pdf,https://1drv.ms/b/c/ACD215A5F926CFCE/IQAxubvMXkW-S6FNnHIsgsmJAZEfoSoTz63mIO7MBj_SA_0?download=1,,,Web address corrected from the earlier audit (the book's text read: http://www.thinnai.com/?module=displaystory&:story_id=60605128&format=html) | Page saved as PDF (cover page + copy) from live page on 2026-10-09
BI_Ch25_06,Note,25,Appendix F: Case of the Disposable Epigraphist,6,Book/Print,"(Mahadevan, 2006)",BI_B486,BI_Ch25_06_Communication-To_30-April-2006,— Communication to his colleagues working on the celt. 30 April 2006.,,,,To do,,,,,https://www.google.com/search?tbm=bks&q=30%20April%202006%20%E2%80%94%20Communication%20to%20his%20colleagues%20working%20on%20the%20celt,Also cites: BI_B488
BI_Ch25_07,Note,25,Appendix F: Case of the Disposable Epigraphist,7,Book/Print,"(Mahadevan, 2006)",BI_B486,BI_Ch25_07_Communication-To_30-April-2006,— Communication to his colleagues working on the celt. 30 April 2006.,,,,To do,,,,,https://www.google.com/search?tbm=bks&q=30%20April%202006%20%E2%80%94%20Communication%20to%20his%20colleagues%20working%20on%20the%20celt,Also cites: BI_B488
BI_Ch25_08,Note,25,Appendix F: Case of the Disposable Epigraphist,8,Book/Print,"{The Hindu, 1 May 2006)",BI_B804,BI_Ch25_08_The-Hindu_Achuthanandan-Seeks-Treatment-for-Maudhany,"The Hindu. ‘ Achuthanandan Seeks Treatment for Maudhany’. News, II June 2006.",,,,To do,,,,,https://www.google.com/search?tbm=bks&q=Achuthanandan%20Seeks%20Treatment%20for%20Maudhany%20News%20II%20June%202006%20The%20Hindu,"Also cites: BI_B805, BI_B808, BI_B814, BI_B817"
BI_Ch25_09,Note,25,Appendix F: Case of the Disposable Epigraphist,9,Book/Print,"(Pande, B.M., 1971, 21)",BI_B607,BI_Ch25_09_Pande_Decipherment-of-the-Harappan-script,"Pande.P.M. ‘Decipherment of the Harappan script’. Conflux, May 1971.",,,,To do,,,,21,https://www.google.com/search?tbm=bks&q=Decipherment%20of%20the%20Harappan%20script%20Conflux%20May%201971%20Pande.P.M,
BI_Ch25_10,Note,25,Appendix F: Case of the Disposable Epigraphist,10,Book/Print,"(Rajshekar, V.T., and Rashidi, 1988)",BI_B664,BI_Ch25_10_Rajshekar_and-Runoko-Rashidi,"Rajshekar, V.T. and Runoko Rashidi. ‘Daits the Black Untouchables of India’. In African Presence in Early Asia, by Runoko Rashidi and Ivan Van Sertima, 233-249. Transaction Publishers, 1988.",,,,To do,,,,,https://www.google.com/search?tbm=bks&q=and%20Runoko%20Rashidi%20Daits%20the%20Black%20Untouchables%20of%20India%20Rajshekar,
BI_Ch25_11,Note,25,Appendix F: Case of the Disposable Epigraphist,11,Unlinked note,"(Farmer, Undated)",,BI_Ch25_11,,,,,To do,,,,,,"No source matched: either a comment by the author, or a source to identify by hand"
BI_Ch25_12,Note,25,Appendix F: Case of the Disposable Epigraphist,12,URL,"(Rao, P.N., 2009)",BI_B677,BI_Ch25_12_Rao_EVR,"Rao, Ramakrishna K.V. ‘EVR, Ambedkar and Jinnah: A Historically Important Meeting’. (Tamil) Thinnai. 15 January 2009. http://www.thinnai.com. » com/?module=displaystory&;story_id=20901159&:format=html&ceditiGn_ id=20090115 (accessed 20 January 2009).",http://www.thinnai.com,,,On OneDrive,,BI_B677_Rao_EVR_thinnai-com.pdf,https://1drv.ms/b/c/ACD215A5F926CFCE/IQCtiVHoVJ3GSq2ZRSaap4yIAbLtNHWUI2ml3keF-NwQT4I?download=1,,,Also cites: BI_B678 | Page saved as PDF (cover page + copy) from live page on 2026-10-09
BI_Ch25_13,Note,25,Appendix F: Case of the Disposable Epigraphist,13,URL,"(Callaway, 2009)",BI_B109,BI_Ch25_13_Callaway_Scholars-at-odds-over-mysterious-Indus-script,"Callaway, Ewen. ‘Scholars at odds over mysterious Indus script "".New Scientist April 23, 2009. http://www.newscientist.com/article/dnl7012-scho’ars-at-odds-over-mysterious-indus-script.html (accessed May 01, 2009).",http://www.newscientist.com/article/dn17012-scholars-at-odds-over-mysterious-indus-script.html,https://web.archive.org/web/20150325145409/http://www.newscientist.com/article/dn17012-scholars-at-odds-over-mysterious-indus-script.html,Snapshot found,On OneDrive,,BI_B109_Callaway_Scholars-at-odds-over-mysterious-Indus-script_newscientist-com.pdf,https://1drv.ms/b/c/ACD215A5F926CFCE/IQD7sFa9WAMmTo_iThxZhV81AWgK4Rjd_CXSo11Jvj01yOs?download=1,,,Web address corrected from the earlier audit (the book's text read: http://www.newscientist.com/article/dnl7012-scho’ars-at-odds-over-mysterious-indus-script.html) | Page saved as PDF (cover page + copy) from Wayback snapshot on 2026-10-09
BI_Ch25_14,Note,25,Appendix F: Case of the Disposable Epigraphist,14,Book/Print,"(Mahadevan, 2009)",BI_B489,BI_Ch25_14_The-Indus_The-Hindu,"— ‘The Indus ‘non-script’ is a Non-issue’. The Hindu, 3 May 2009.",,,,To do,,,,,https://www.google.com/search?tbm=bks&q=The%20Hindu%203%20May%202009%20%E2%80%94%20%E2%80%98The%20Indus%20%E2%80%98non-script%E2%80%99%20is%20a%20Non-issue%E2%80%99,
BI_Ch25_15,Note,25,Appendix F: Case of the Disposable Epigraphist,15,URL,"(S. Farmer, 2006)",BI_B257,BI_Ch25_15_Farmer_Discussion-Forum-Message,"Farmer, Steve. ‘Discussion Forum Message’. www.hallofmaat.com. 16 January 2006. http://www.hallofmaat.com/read.php?4,376713,378370#msg-378370 (accessed 17 January 2006).","http://www.hallofmaat.com/read.php?4,376713,378370#msg-378370 | http://www.hallofmaat.com/read.php?4,376713,378370#msg-378370",,,To do,,,,,,"Also cites: BI_B258, BI_B259 | Web address corrected from the earlier audit (the book's text read: http://www.hallofmaat.com) | download failed - live page: web server answered HTTP 404 | download failed - live page: web server answered HTTP 404"
BI_Ch25_16,Note,25,Appendix F: Case of the Disposable Epigraphist,16,Book/Print,"(Chakrabarti, 2009)",BI_B118,BI_Ch25_16_Chakrabarti_who-Owns-the-Indian-Past-The-Case,"Chakrabarti, Dilip K. ‘who Owns the Indian Past: The Case of the Indus Civilization’. 21 July 2009.",,,,To do,,,,,https://www.google.com/search?tbm=bks&q=who%20Owns%20the%20Indian%20Past%20The%20Case%20of%20the%20Chakrabarti,
BI_Ch26_01,Note,26,Appendix G: Monitoring Foreign Funds,1,Book/Print,"(Ministry of Defense, 2001, 45)",BI_B534,BI_Ch26_01_Ministry-Of_Reforming-the-National-Security-System-Recommendations-of,"Ministry of defense. Reforming the National Security System: Recommendations of the. Group of Ministers, Government of India. Security Report, government of India. 2001.",,,,To do,,,,45,https://www.google.com/search?tbm=bks&q=Reforming%20the%20National%20Security%20System%20Recommendations%20of%20the%20Group%20Ministry%20of%20defense,
BI_Ch26_02,Note,26,Appendix G: Monitoring Foreign Funds,2,Book/Print,"{The Hindu, 17 November 2001)",BI_B809,BI_Ch26_02_The-Hindu_FCRA-Bill,"The Hindu. ‘FCRA Bill, Anti Poor, Sys Christian Council’. News, 17 November 2001.",,,,To do,,,,,https://www.google.com/search?tbm=bks&q=FCRA%20Bill%20Anti%20Poor%20Sys%20Christian%20Council%20News%2017%20The%20Hindu,
BI_Ch26_03,Note,26,Appendix G: Monitoring Foreign Funds,3,Book/Print,"(BBC, 18 June 2003)",BI_B064,BI_Ch26_03_Bbc_India-Blacklists-800-NGOs,"BBC. ‘India Blacklists 800 NGOs’. News, BBC, 18 June 2003.",,,,To do,,,,,https://www.google.com/search?tbm=bks&q=India%20Blacklists%20800%20NGOs%20News%20BBC%2018%20June%202003%20BBC,Also cites: BI_B066
BI_Ch26_04,Note,26,Appendix G: Monitoring Foreign Funds,4,URL,"(Maranatha Christian Journal, 2004)",BI_B506,BI_Ch26_04_Maranatha-Christian_Thousands-of-Christian-Schools-Planned-in-India,"Maranatha Christian Journal. ‘Thousands of Christian Schools Planned in India, URL: MCJ Online. 1 June 2004. http://www.mcjoriline.com/news/04a/20040601e.shtml (accessed 21 February 2006).",http://www.mcjoriline.com/news/04a/20040601e.shtml,,,To do,,,,,,download failed - live page: Page.goto: net::ERR_NAME_NOT_RESOLVED at http://www.mcjoriline.com/new
BI_Ch26_05,Note,26,Appendix G: Monitoring Foreign Funds,5,Book/Print,"{The Financial Express, 18 October 2006)",BI_B801,BI_Ch26_05_The-Financial_NGO-Lobbying-Spurs-Centre-to-Review-Foreign,"The Financial Express. ‘NGO Lobbying Spurs Centre to Review Foreign Contributions Act’. News, The Financial Express, 18 October 2006.",,,,To do,,,,,https://www.google.com/search?tbm=bks&q=NGO%20Lobbying%20Spurs%20Centre%20to%20Review%20Foreign%20Contributions%20Act%20The%20Financial%20Express,
BI_Ch26_06,Note,26,Appendix G: Monitoring Foreign Funds,6,Book/Print,"(MHA, 2005-2006)",BI_B533,BI_Ch26_06_Mha_Receipt-of-Foreign-Contribution-by-Voluntary-Associations,"MHA. Receipt of Foreign Contribution by Voluntary Associations, Annual Report. Ministry for home affairs, government of India, 2005-2006.",,,,To do,,,,,https://www.google.com/search?tbm=bks&q=Receipt%20of%20Foreign%20Contribution%20by%20Voluntary%20Associations%20Annual%20Report%20MHA,
BI_Ch26_07,Note,26,Appendix G: Monitoring Foreign Funds,7,Book/Print,"(MHA, 2005-2006)",BI_B533,BI_Ch26_07_Mha_Receipt-of-Foreign-Contribution-by-Voluntary-Associations,"MHA. Receipt of Foreign Contribution by Voluntary Associations, Annual Report. Ministry for home affairs, government of India, 2005-2006.",,,,To do,,,,,https://www.google.com/search?tbm=bks&q=Receipt%20of%20Foreign%20Contribution%20by%20Voluntary%20Associations%20Annual%20Report%20MHA,
BI_Ch26_08,Note,26,Appendix G: Monitoring Foreign Funds,8,Book/Print,"(Aurora, 2008)'",BI_B052,BI_Ch26_08_Aurora_Foreign-Funds-Turning-Off-the-Tap,"Aurora, Bhavana Vij. ‘Foreign Funds: Turning Off the Tap’. India Today, 3 November 2008.",,,,To do,,,,,https://www.google.com/search?tbm=bks&q=Foreign%20Funds%20Turning%20Off%20the%20Tap%20India%20Today%203%20Aurora,
BI_Ch26_09,Note,26,Appendix G: Monitoring Foreign Funds,9,Book/Print,"{The Indian Express, 12 October 2009)",BI_B834,BI_Ch26_09_The-Indian_Two-Arrested-Tor-Swindling-Tsunami-Fund,"The Indian Express. ‘Two Arrested Tor Swindling Tsunami Fund’. News, Chennai, 12 October 2009.",,,,To do,,,,,https://www.google.com/search?tbm=bks&q=Two%20Arrested%20Tor%20Swindling%20Tsunami%20Fund%20News%20Chennai%2012%20The%20Indian%20Express,[match: author+title]
BI_Ch26_10,Note,26,Appendix G: Monitoring Foreign Funds,10,Book/Print,"(Daily News and Analysis, 5 November 2008)",BI_B154,BI_Ch26_10_Daily-News_Panel-Recommends-Monitoring-of-Foreign-Donations,"Daily News and Analysis. ‘Panel Recommends Monitoring of Foreign Donations’. , News, Mumbai: Daily News and Analysis, 05 November 2008.",,,,To do,,,,,https://www.google.com/search?tbm=bks&q=Panel%20Recommends%20Monitoring%20of%20Foreign%20Donations%20News%20Mumbai%20Daily%20Daily%20News%20and%20Analysis,
BI_Ch26_11,Note,26,Appendix G: Monitoring Foreign Funds,11,Book/Print,"(Aurora, 2008)",BI_B052,BI_Ch26_11_Aurora_Foreign-Funds-Turning-Off-the-Tap,"Aurora, Bhavana Vij. ‘Foreign Funds: Turning Off the Tap’. India Today, 3 November 2008.",,,,To do,,,,,https://www.google.com/search?tbm=bks&q=Foreign%20Funds%20Turning%20Off%20the%20Tap%20India%20Today%203%20Aurora,
BI_Ch26_12,Note,26,Appendix G: Monitoring Foreign Funds,12,Book/Print,"(MHA, 2007-8)",BI_B533,BI_Ch26_12_Mha_Receipt-of-Foreign-Contribution-by-Voluntary-Associations,"MHA. Receipt of Foreign Contribution by Voluntary Associations, Annual Report. Ministry for home affairs, government of India, 2005-2006.",,,,To do,,,,,https://www.google.com/search?tbm=bks&q=Receipt%20of%20Foreign%20Contribution%20by%20Voluntary%20Associations%20Annual%20Report%20MHA,[match: author only (unique)]
BI_Ch27_01,Note,27,Appendix H: Lutheran World Federation Targets India,1,URL,"Hov/ Lutheran world Federation and the WCC combine the right-wing and left-wing forces of the West in its fight against India is discussed in detail in Chapter 17. However, here we deal with the theological and colonial dextdopment of the Lutheran church in Lidia and the destabilizing activities where Lutheran organizations are involved in India.",BI_B917,BI_Ch27_01_Lutheran-World_2009,— Lutheran World Federation. 2009. http://www.oikoumene.org/en/member-churches/church-families/lutheran-churches/lwf.html (accessed 2009).,http://www.oikoumene.org/en/member-churches/church-families/lutheran-churches/lwf.html,,,To do,,,,,,[match: author+title] | download failed - live page: web server answered HTTP 404
BI_Ch27_02,Note,27,Appendix H: Lutheran World Federation Targets India,2,Book/Print,"(Hudson, 2000, 17)",BI_B346,BI_Ch27_02_Protestant-Origins_Grand-Rapids-MI-Wm,"— Protestant Origins in India: Tamil Evangelical Christians, 1706-1835. Grand Rapids MI: Wm. B. Eerdmans Publishing, 2000.",,,,To do,,,,17,https://www.google.com/search?tbm=bks&q=Grand%20Rapids%20MI%20Wm%20B%20Eerdmans%20Publishing%202000%20%E2%80%94%20Protestant%20Origins%20in%20India%3A%20Tamil%20Evangelical%20Christians,
BI_Ch27_03,Note,27,Appendix H: Lutheran World Federation Targets India,3,Book/Print,"(Hudson, 2000, 18)",BI_B346,BI_Ch27_03_Protestant-Origins_Grand-Rapids-MI-Wm,"— Protestant Origins in India: Tamil Evangelical Christians, 1706-1835. Grand Rapids MI: Wm. B. Eerdmans Publishing, 2000.",,,,To do,,,,18,https://www.google.com/search?tbm=bks&q=Grand%20Rapids%20MI%20Wm%20B%20Eerdmans%20Publishing%202000%20%E2%80%94%20Protestant%20Origins%20in%20India%3A%20Tamil%20Evangelical%20Christians,
BI_Ch27_04,Note,27,Appendix H: Lutheran World Federation Targets India,4,Book/Print,"Despite a vast network of printing presses established by missionaries, they published only missionary literature and never bothered to publish anything for the secular public welfare. Indian manufacture of paper started in 1760s, but a printing press owned by Hindus and Muslims was never allowed to materialize. However, a fully Indian-owned press brought out a Tamil book first time in 1819 by a Tamil Hindu from Kanchi. A government press took up for the public only at the end of East India Company rule in 1857. This legacy of the early native pioneers is being suppressed to glorify Ziegenbalg,, See: (More, 2004, 81)",BI_B542,BI_Ch27_04_More_Muslim-Identity,"More, Prashant J.B. Muslim Identity, Print Culture, and the Dravidian Factor in Tamil Nadu. Hyderabad: Orient Blackswan, 2004.",,,,To do,,,,81,https://www.google.com/search?tbm=bks&q=Muslim%20Identity%20Print%20Culture%20and%20the%20Dravidian%20Factor%20in%20More,
BI_Ch27_05,Note,27,Appendix H: Lutheran World Federation Targets India,5,Book/Print,"Daniel Jeyaraj ir Preface, (Ziegenbalg, 200,5)",BI_B1038,BI_Ch27_05_Ziegenbalg_Genealogy-of-the-South-Indian-deities-an,"Ziegenbalg, Bartholomaeus. Genealogy of the South Indian deities: an English Translation of Bartholomaeus Zie genbalg's Original German Manuscript With a Textual Analysis and Glossary. Translated by Daniel Jeyaraj. London: Routledge, 2005.",,,,To do,,,,,https://www.google.com/search?tbm=bks&q=Genealogy%20of%20the%20South%20Indian%20deities%20an%20English%20Translation%20Ziegenbalg,[match: author+title]
BI_Ch27_06,Note,27,Appendix H: Lutheran World Federation Targets India,6,Book/Print,"Daniel Jeyaraj in Preface, (Ziegenbalg, 2005)",BI_B1038,BI_Ch27_06_Ziegenbalg_Genealogy-of-the-South-Indian-deities-an,"Ziegenbalg, Bartholomaeus. Genealogy of the South Indian deities: an English Translation of Bartholomaeus Zie genbalg's Original German Manuscript With a Textual Analysis and Glossary. Translated by Daniel Jeyaraj. London: Routledge, 2005.",,,,To do,,,,,https://www.google.com/search?tbm=bks&q=Genealogy%20of%20the%20South%20Indian%20deities%20an%20English%20Translation%20Ziegenbalg,
BI_Ch27_07,Note,27,Appendix H: Lutheran World Federation Targets India,7,Book/Print,"(Hudson, 2000, 54)",BI_B346,BI_Ch27_07_Protestant-Origins_Grand-Rapids-MI-Wm,"— Protestant Origins in India: Tamil Evangelical Christians, 1706-1835. Grand Rapids MI: Wm. B. Eerdmans Publishing, 2000.",,,,To do,,,,54,https://www.google.com/search?tbm=bks&q=Grand%20Rapids%20MI%20Wm%20B%20Eerdmans%20Publishing%202000%20%E2%80%94%20Protestant%20Origins%20in%20India%3A%20Tamil%20Evangelical%20Christians,
BI_Ch27_08,Note,27,Appendix H: Lutheran World Federation Targets India,8,URL,(www.gltc.edu. 2006),BI_B968,BI_Ch27_08_Gurukul-Lutheran_2006,— Gurukul Lutheran Theologica l College & Research Institute. 2006. http://www.gltc.edu/ (accessed 10 January 2009).,http://www.gltc.edu/,https://web.archive.org/web/20260831170757/https://gltc.edu/,Snapshot found,On OneDrive,,BI_B968_Gurukul-Lutheran_2006_gltc-edu.pdf,https://1drv.ms/b/c/ACD215A5F926CFCE/IQDf0hExET5gTommw-5KS_MFAV7UIFV--vkyZWwtbyCWVYs?download=1,,,Also cites: BI_B971 | Page saved as PDF (cover page + copy) from live page on 2026-10-09
BI_Ch27_09,Note,27,Appendix H: Lutheran World Federation Targets India,9,Book/Print,"(Hudson, 2000, 50^ In his footnote, Hudson also points out that in the 1956 Christian literature Society translation of Ziegenbalg, the distinction between those sitting on mats and floor was removed and all were depleted as sitting on the mats.",BI_B346,BI_Ch27_09_Protestant-Origins_Grand-Rapids-MI-Wm,"— Protestant Origins in India: Tamil Evangelical Christians, 1706-1835. Grand Rapids MI: Wm. B. Eerdmans Publishing, 2000.",,,,To do,,,,50,https://www.google.com/search?tbm=bks&q=Grand%20Rapids%20MI%20Wm%20B%20Eerdmans%20Publishing%202000%20%E2%80%94%20Protestant%20Origins%20in%20India%3A%20Tamil%20Evangelical%20Christians,
BI_Ch27_10,Note,27,Appendix H: Lutheran World Federation Targets India,10,Book/Print,"(Kent, 2004, 24)",BI_B431,BI_Ch27_10_Kent_Converting-V-omen-Gender-and-Protestant-Christianity,"Kent, Eliza F. Converting V/omen: Gender and Protestant Christianity in Colonial South India. New York: Oxford University Press, 2004.",,,,To do,,,,24,https://www.google.com/search?tbm=bks&q=Converting%20V%20omen%20Gender%20and%20Protestant%20Christianity%20in%20Colonial%20Kent,
BI_Ch27_11,Note,27,Appendix H: Lutheran World Federation Targets India,11,URL,"(www.gltc.edu, 2006) Chapter 10 (Dravidian Academic-Activist Network Outside India) of this book explains how this missionary aspect has been used in building an academic network to support Tamil identity in Europe,",BI_B968,BI_Ch27_11_Gurukul-Lutheran_2006,— Gurukul Lutheran Theologica l College & Research Institute. 2006. http://www.gltc.edu/ (accessed 10 January 2009).,http://www.gltc.edu/,https://web.archive.org/web/20260831170757/https://gltc.edu/,Snapshot found,On OneDrive,,BI_B968_Gurukul-Lutheran_2006_gltc-edu.pdf,https://1drv.ms/b/c/ACD215A5F926CFCE/IQDf0hExET5gTommw-5KS_MFAV7UIFV--vkyZWwtbyCWVYs?download=1,,,Also cites: BI_B971 | Page saved as PDF (cover page + copy) from live page on 2026-10-09
BI_Ch27_12,Note,27,Appendix H: Lutheran World Federation Targets India,12,Book/Print,"(Cederlof, 2009, 197)",BI_B117,BI_Ch27_12_Cederlof_Anticipating-Independent-India-The-Idea-of-the,"Cederlof, Gunnel. ‘Anticipating Independent India: The Idea of the Lutheran Christian Nation and Indian Nationalism’. In India and the Indianness of Christianity: Essays on Understanding Historical,Theological, and Bibliographical in Honor of Robert Eric Erykenberg, by Robert Fox Young, wm. B. Eerdman’s Publishing, 2009.",,,,To do,,,,197,https://www.google.com/search?tbm=bks&q=Anticipating%20Independent%20India%20The%20Idea%20of%20the%20Lutheran%20Christian%20Cederlof,
BI_Ch27_13,Note,27,Appendix H: Lutheran World Federation Targets India,13,Book/Print,"(Cederlof, 2009, 197)",BI_B117,BI_Ch27_13_Cederlof_Anticipating-Independent-India-The-Idea-of-the,"Cederlof, Gunnel. ‘Anticipating Independent India: The Idea of the Lutheran Christian Nation and Indian Nationalism’. In India and the Indianness of Christianity: Essays on Understanding Historical,Theological, and Bibliographical in Honor of Robert Eric Erykenberg, by Robert Fox Young, wm. B. Eerdman’s Publishing, 2009.",,,,To do,,,,197,https://www.google.com/search?tbm=bks&q=Anticipating%20Independent%20India%20The%20Idea%20of%20the%20Lutheran%20Christian%20Cederlof,
BI_Ch27_14,Note,27,Appendix H: Lutheran World Federation Targets India,14,Book/Print,"(Cederlof, 2009, 215)",BI_B117,BI_Ch27_14_Cederlof_Anticipating-Independent-India-The-Idea-of-the,"Cederlof, Gunnel. ‘Anticipating Independent India: The Idea of the Lutheran Christian Nation and Indian Nationalism’. In India and the Indianness of Christianity: Essays on Understanding Historical,Theological, and Bibliographical in Honor of Robert Eric Erykenberg, by Robert Fox Young, wm. B. Eerdman’s Publishing, 2009.",,,,To do,,,,215,https://www.google.com/search?tbm=bks&q=Anticipating%20Independent%20India%20The%20Idea%20of%20the%20Lutheran%20Christian%20Cederlof,
BI_Ch27_15,Note,27,Appendix H: Lutheran World Federation Targets India,15,Book/Print,"(Fahlbusch and Bromiley, 2003, 357)",BI_B254,BI_Ch27_15_Fahlbusch_The-Encyclopedia-of-Christianity,"Fahlbusch, Erwin, and Geoffrey William Bromiley. The Encyclopedia of Christianity. Vol. 3. Grand Rapids MI: Wm. B. Eerdmans Publishing, 2003.",,,,To do,,,,357,https://www.google.com/search?tbm=bks&q=The%20Encyclopedia%20of%20Christianity%20Vol%203%20Grand%20Rapids%20MI%20Fahlbusch,
BI_Ch27_16,Note,27,Appendix H: Lutheran World Federation Targets India,16,Unlinked note,For a detailed study of Gurukul Lutheran Theological college v/ith respect to its being a part of the network of academic Dalit studies which facilitate continental European intervention in India see. Chapter 17.,,BI_Ch27_16,,,,,To do,,,,,,"No source matched: either a comment by the author, or a source to identify by hand"
BI_Ch27_17,Note,27,Appendix H: Lutheran World Federation Targets India,17,URL,"(www.gltc.edu, 2006)",BI_B968,BI_Ch27_17_Gurukul-Lutheran_2006,— Gurukul Lutheran Theologica l College & Research Institute. 2006. http://www.gltc.edu/ (accessed 10 January 2009).,http://www.gltc.edu/,https://web.archive.org/web/20260831170757/https://gltc.edu/,Snapshot found,On OneDrive,,BI_B968_Gurukul-Lutheran_2006_gltc-edu.pdf,https://1drv.ms/b/c/ACD215A5F926CFCE/IQDf0hExET5gTommw-5KS_MFAV7UIFV--vkyZWwtbyCWVYs?download=1,,,Also cites: BI_B971 | Page saved as PDF (cover page + copy) from live page on 2026-10-09
BI_Ch27_18,Note,27,Appendix H: Lutheran World Federation Targets India,18,Book/Print,"(Dravidian University, 2008-2009, 2)",BI_B221,BI_Ch27_18_Dravidian-University_Prospectus,Dravidian University. Prospectus. 2008-2009.,,,,To do,,,,2,https://www.google.com/search?tbm=bks&q=Prospectus%202008%202009%20Dravidian%20University,
BI_Ch27_19,Note,27,Appendix H: Lutheran World Federation Targets India,19,Book/Print,"(Devasahayam, S., 1992, 8-12)",BI_B192,BI_Ch27_19_Devasahayam_Outside-the-Camp-Bible-Studies-in-Dalit,"Devasahayam, S. Outside the Camp: Bible Studies in Dalit Perspective. Chennai: Gurukul Lutheran Theological College, 1992.",,,,To do,,,,8,https://www.google.com/search?tbm=bks&q=Outside%20the%20Camp%20Bible%20Studies%20in%20Dalit%20Perspective%20Chennai%20Devasahayam,
BI_Ch27_20,Note,27,Appendix H: Lutheran World Federation Targets India,20,Book/Print,"(Thirumaavalavan, 2004, 171)",BI_B852,BI_Ch27_20_Thirumaavalavan_Uproot-Hindutva-The-Fiery-Voice-of-the,"Thirumaavalavan. Uproot Hindutva: The Fiery Voice of the Liberation Panthers. Translated by Meena Kandasamy. Popular Prakashan, 2004.",,,,To do,,,,171,https://www.google.com/search?tbm=bks&q=Uproot%20Hindutva%20The%20Fiery%20Voice%20of%20the%20Liberation%20Panthers%20Thirumaavalavan,
BI_Ch27_21,Note,27,Appendix H: Lutheran World Federation Targets India,21,URL,"(Thiruma.net, 2009)",BI_B851,BI_Ch27_21_Thiruma_Thirumaavalavan-Awarded-Doctorate-by-Gurukul-Lutheran,Thiruma.nev. Thirumaavalavan Awarded Doctorate by Gurukul Lutheran. 2009. http://thirtima.net/node/1128 and http://thiruma.net/node/1123 (accessed 20 December 2009).,http://thirtima.net/node/1128 | http://thiruma.net/node/1123,,,To do,,,,,,download failed - live page: Page.goto: net::ERR_NAME_NOT_RESOLVED at http://thirtima.net/node/1128
BI_Ch27_22,Note,27,Appendix H: Lutheran World Federation Targets India,22,URL,"(www.uelci.org, 2007, 2)",BI_B1013,BI_Ch27_22_Www_The-Indian-Lutheran-E-News,www.uelci.org. The Indian Lutheran E News. Vol. 2: Issue 1. February-March 2007.,http://www.uelci.org,,,On OneDrive,,BI_B1013_Www_The-Indian-Lutheran-E-News_uelci-org.pdf,https://1drv.ms/b/c/ACD215A5F926CFCE/IQC6SeeCgCwERIEpuHEzaH0iAY1M5SSyDOYuUFiVDftIvZ0?download=1,2,,Also cites: BI_B1014 | Page saved as PDF (cover page + copy) from live page on 2026-10-09
BI_Ch27_23,Note,27,Appendix H: Lutheran World Federation Targets India,23,URL,"(www.uelci.org, 2007, 2)",BI_B1013,BI_Ch27_23_Www_The-Indian-Lutheran-E-News,www.uelci.org. The Indian Lutheran E News. Vol. 2: Issue 1. February-March 2007.,http://www.uelci.org,,,On OneDrive,,BI_B1013_Www_The-Indian-Lutheran-E-News_uelci-org.pdf,https://1drv.ms/b/c/ACD215A5F926CFCE/IQC6SeeCgCwERIEpuHEzaH0iAY1M5SSyDOYuUFiVDftIvZ0?download=1,2,,Also cites: BI_B1014 | Page saved as PDF (cover page + copy) from live page on 2026-10-09
BI_Ch27_24,Note,27,Appendix H: Lutheran World Federation Targets India,24,URL,"(www.uelci.org, 2008, 1)",BI_B1012,BI_Ch27_24_Www_The-Indian-Lutheran-E-News,www.uelci.org. The Indian Lutheran E News . Vol. 3: Issue 1. 1 January to 31 (sic) February 2008.,http://www.uelci.org,,,On OneDrive,,BI_B1012_Www_The-Indian-Lutheran-E-News_uelci-org.pdf,https://1drv.ms/b/c/ACD215A5F926CFCE/IQBAbJdlUIaXTaN0ixlC8x1HAeU8Y3O9J_h3n1wJegDPm4g?download=1,1,,Also cites: BI_B1015 | Page saved as PDF (cover page + copy) from live page on 2026-10-09
BI_Ch27_25,Note,27,Appendix H: Lutheran World Federation Targets India,25,URL,"(www.uelci.org, 2008, 3)",BI_B1012,BI_Ch27_25_Www_The-Indian-Lutheran-E-News,www.uelci.org. The Indian Lutheran E News . Vol. 3: Issue 1. 1 January to 31 (sic) February 2008.,http://www.uelci.org,,,On OneDrive,,BI_B1012_Www_The-Indian-Lutheran-E-News_uelci-org.pdf,https://1drv.ms/b/c/ACD215A5F926CFCE/IQBAbJdlUIaXTaN0ixlC8x1HAeU8Y3O9J_h3n1wJegDPm4g?download=1,3,,Also cites: BI_B1015 | Page saved as PDF (cover page + copy) from live page on 2026-10-09
BI_Ch27_26,Note,27,Appendix H: Lutheran World Federation Targets India,26,Book/Print,"(Junior Vikatan, 2007).",BI_B417,BI_Ch27_26_Junior-Vikatan_Something-in-the-summer-camp,Junior Vikatan. ‘Something in the summer camp’. (Tamil) 23 May 20G7.,,,,To do,,,,,https://www.google.com/search?tbm=bks&q=Something%20in%20the%20summer%20camp%20Tamil%2023%20May%2020G7%20Junior%20Vikatan,[match: author only (unique)]
BI_Ch27_27,Note,27,Appendix H: Lutheran World Federation Targets India,27,URL,"(www.uelci.org, 2009, 1) For an account of how militant Dalit insurgency and racial Dalit identities were encouraged in Bangkok conference of LWF, see Chapter 17 (under the sub-title: Dalit Panchayat+ Dalitology+ Dalit Theology > Dalitstan).",BI_B1016,BI_Ch27_27_Www_The-Indian-Lutheran-E-News,www.uelci.org. The Indian Lutheran E News. Vol. 4: Issue 2. March-April 2009.,http://www.uelci.org,,,On OneDrive,,BI_B1016_Www_The-Indian-Lutheran-E-News_uelci-org.pdf,https://1drv.ms/b/c/ACD215A5F926CFCE/IQCJcx__ETr3RKwGdDLG1guTAfi8XAfAiOp4SbL6GmcPKsk?download=1,1,,Page saved as PDF (cover page + copy) from live page on 2026-10-09
BI_Ch27_28,Note,27,Appendix H: Lutheran World Federation Targets India,28,Book/Print,"‘Our differences with Nandy Rana group’, PCC CPI(ML), 29. Quoted in (Karat, 1985).",BI_B422,BI_Ch27_28_Karat_Naxalism-Today-At-an-Ideological-Deadend,"Karat, Prakash. ‘Naxalism Today: At an Ideological Deadend’. The Marxist 3, no. 1 (January-March 1985).",,,,To do,,,,,https://www.google.com/search?tbm=bks&q=Naxalism%20Today%20At%20an%20Ideological%20Deadend%20The%20Marxist%203%20Karat,
BI_B003,Bibliography only,,,,Social post,"100, Huntley Street. ‘3000 Years of Slavery in India - 1,2 and 3: Talk with Joseph D’Souza. 27 March 2009. http://www.youtube.com/watch?v=WD32shDqFXw ; http://www.youtube.com/watch?v=chRCpatrsaM and ; http://www.youtube.com/watch?v=yJckGiQf8t8 (accessed 12 January 2010).",BI_B003,BI_B003_100_3000-Years-of-Slavery-in-India-1,"100, Huntley Street. ‘3000 Years of Slavery in India - 1,2 and 3: Talk with Joseph D’Souza. 27 March 2009. http://www.youtube.com/watch?v=WD32shDqFXw ; http://www.youtube.com/watch?v=chRCpatrsaM and ; http://www.youtube.com/watch?v=yJckGiQf8t8 (accessed 12 January 2010).",http://www.youtube.com/watch?v=WD32shDqFXw | http://www.youtube.com/watch?v=chRCpatrsaM | http://www.youtube.com/watch?v=yJckGiQf8t8,https://web.archive.org/web/20260420234615/https://www.youtube.com/watch?v=WD32shDqFXw,Snapshot found,On OneDrive,,BI_B003_100_3000-Years-of-Slavery-in-India-1_youtube-com.pdf,https://1drv.ms/b/c/ACD215A5F926CFCE/IQCoFA8hhICmQqhs4TXwMuI7AUfVuk9UETK8G6bfe8tAxPI?download=1,,,In the bibliography; no footnote matched to it | Page saved as PDF (cover page + copy) from live page on 2026-10-09
BI_B011,Bibliography only,,,,Book/Print,"AICC. ‘A Report on the Activities of the AICC’. Month Report, All India Christian Council, December 2007.",BI_B011,BI_B011_Aicc_A-Report-on-the-Activities-of-the,"AICC. ‘A Report on the Activities of the AICC’. Month Report, All India Christian Council, December 2007.",,,,To do,,,,,https://www.google.com/search?tbm=bks&q=A%20Report%20on%20the%20Activities%20of%20the%20AICC%20Month%20AICC,"Cited together with other sources in: BI_Ch13_79, BI_Ch13_81 (counted in 'most cited')"
BI_B013,Bibliography only,,,,Book/Print,"AICC. All India Ch rstian Council Press Release. All India Christian Council, 19 December 2008.",BI_B013,BI_B013_Aicc_All-India-Ch-rstian-Council-Press-Release,"AICC. All India Ch rstian Council Press Release. All India Christian Council, 19 December 2008.",,,,To do,,,,,https://www.google.com/search?tbm=bks&q=All%20India%20Ch%20rstian%20Council%20Press%20Release%20All%20India%20AICC,"Cited together with other sources in: BI_Ch13_84, BI_Ch14_70, BI_Ch15_52 (counted in 'most cited')"
BI_B014,Bibliography only,,,,Book/Print,"AICC. ‘Key Role in Visit by UN Special Rapporteur on Religious Freedom’. A report on activities of the AICC, AICC, March 2008.",BI_B014,BI_B014_Aicc_Key-Role-in-Visit-by-UN-Special,"AICC. ‘Key Role in Visit by UN Special Rapporteur on Religious Freedom’. A report on activities of the AICC, AICC, March 2008.",,,,To do,,,,,https://www.google.com/search?tbm=bks&q=Key%20Role%20in%20Visit%20by%20UN%20Special%20Rapporteur%20on%20AICC,"Cited together with other sources in: BI_Ch13_84, BI_Ch14_70, BI_Ch15_52 (counted in 'most cited')"
BI_B020,Bibliography only,,,,URL,Amazon.com. Product Description of translation of Tamil Classic Poetry by George Hart. 1999. http://www.amazon.com/Fcur-Hundred-Songs-War-wisdom/dp/product-description/0231T15636 (accessed 28 January 2009).,BI_B020,BI_B020_Amazon_Product-Description-of-translation-of-Tamil-Classic,Amazon.com. Product Description of translation of Tamil Classic Poetry by George Hart. 1999. http://www.amazon.com/Fcur-Hundred-Songs-War-wisdom/dp/product-description/0231T15636 (accessed 28 January 2009).,http://www.amazon.com/Fcur-Hundred-Songs-War-Wisdoni/dp/product-description/0231115626,,,On OneDrive,,BI_B020_Amazon_Product-Description-of-translation-of-Tamil-Classic_amazon-com.pdf,https://1drv.ms/b/c/ACD215A5F926CFCE/IQAKgsfm4fVTTJKKibG7E_TZAQMLS27LInAeDffdlbrSNlY?download=1,,,In the bibliography; no footnote matched to it | Web address corrected from the earlier audit (the book's text read: http://www.amazon.com/Fcur-Hundred-Songs-War-wisdom/dp/product-description/0231T15636) | Page saved as PDF (cover page + copy) from live page on 2026-10-09
BI_B024,Bibliography only,,,,Book/Print,"Anantha Vikatan. ‘Bharathanatyarn Removed from Hinduism?’ News, Chennai, 20 December 2006.",BI_B024,BI_B024_Anantha-Vikatan_Bharathanatyarn-Removed-from-Hinduism,"Anantha Vikatan. ‘Bharathanatyarn Removed from Hinduism?’ News, Chennai, 20 December 2006.",,,,To do,,,,,https://www.google.com/search?tbm=bks&q=Bharathanatyarn%20Removed%20from%20Hinduism%20News%20Chennai%2020%20December%202006%20Anantha%20Vikatan,In the bibliography; no footnote matched to it
BI_B032,Bibliography only,,,,Book/Print,"Appasamy, A.J. The Gospel and India's Heritage. London: Society for the Promotion of Christian Knowledge, 1942.",BI_B032,BI_B032_Appasamy_The-Gospel-and-India-s-Heritage,"Appasamy, A.J. The Gospel and India's Heritage. London: Society for the Promotion of Christian Knowledge, 1942.",,,,To do,,,,,https://www.google.com/search?tbm=bks&q=The%20Gospel%20and%20India%20s%20Heritage%20London%20Society%20for%20Appasamy,In the bibliography; no footnote matched to it
BI_B039,Bibliography only,,,,Book/Print,"— ‘Swatika Terrorism’ The Caravan, 16-31 December 2008.",BI_B039,BI_B039_Swatika-Terrorism_Swatika-Terrorism-The-Caravan,"— ‘Swatika Terrorism’ The Caravan, 16-31 December 2008.",,,,To do,,,,,https://www.google.com/search?tbm=bks&q=Swatika%20Terrorism%20The%20Caravan%2016%2031%20December%202008%20%E2%80%94%20%E2%80%98Swatika%20Terrorism%E2%80%99%20The%20Caravan,"Cited together with other sources in: BI_Ch17_144, BI_Ch18_89 (counted in 'most cited')"
BI_B040,Bibliography only,,,,Book/Print,"Arpi, Claude. India and Her Neighbourhood: a French Observer's Views. New Delhi: Har-Anand Publications, 2005.",BI_B040,BI_B040_Arpi_India-and-Her-Neighbourhood-a-French-Observer,"Arpi, Claude. India and Her Neighbourhood: a French Observer's Views. New Delhi: Har-Anand Publications, 2005.",,,,To do,,,,,https://www.google.com/search?tbm=bks&q=India%20and%20Her%20Neighbourhood%20a%20French%20Observer%20s%20Views%20Arpi,In the bibliography; no footnote matched to it
BI_B051,Bibliography only,,,,Book/Print,"Associate<i Press. Davis: Tve Seen No Evidence Terrorist Group Funded Sri Lanka Trip. News, Associated Press, 24 August 2006.",BI_B051,BI_B051_Associate-I_Davis-Tve-Seen-No-Evidence-Terrorist-Group,"Associate<i Press. Davis: Tve Seen No Evidence Terrorist Group Funded Sri Lanka Trip. News, Associated Press, 24 August 2006.",,,,To do,,,,,https://www.google.com/search?tbm=bks&q=Davis%20Tve%20Seen%20No%20Evidence%20Terrorist%20Group%20Funded%20Sri%20Associate%3Ci%20Press,In the bibliography; no footnote matched to it
BI_B054,Bibliography only,,,,Book/Print,"Bamshad et ah, Michael. ‘Genetic Evidence on the Origins of Indian Caste Populations’. June 2001: 994-1004.",BI_B054,BI_B054_Bamshad-Et_Genetic-Evidence-on-the-Origins-of-Indian,"Bamshad et ah, Michael. ‘Genetic Evidence on the Origins of Indian Caste Populations’. June 2001: 994-1004.",,,,To do,,,,,https://www.google.com/search?tbm=bks&q=Genetic%20Evidence%20on%20the%20Origins%20of%20Indian%20Caste%20Populations%20Bamshad%20et%20ah,In the bibliography; no footnote matched to it
BI_B057,Bibliography only,,,,URL,— ‘Gesture No. 1: God the Father’. 2002. http://www.drbarboza.com/gesl. htm (accessed 10 April 2008).,BI_B057,BI_B057_Gesture-No_1-God-the-Father,— ‘Gesture No. 1: God the Father’. 2002. http://www.drbarboza.com/gesl. htm (accessed 10 April 2008).,http://www.drbarboza.com/ges1.htm,,,On OneDrive,,BI_B057_Gesture-No_1-God-the-Father_drbarboza-com.pdf,https://1drv.ms/b/c/ACD215A5F926CFCE/IQCuVZpEG4PCTIsodUuTRCliAYStGG121id9nL6Q7CDjX8Y?download=1,,,In the bibliography; no footnote matched to it | Web address corrected from the earlier audit (the book's text read: http://www.drbarboza.com/gesl) | Page saved as PDF (cover page + copy) from live page on 2026-10-09
BI_B058,Bibliography only,,,,URL,"— ‘Men (purush) in Religious Dance’. March 2003. http://www.drbarboza.com/purush htm (accessed 15 April 2008),",BI_B058,BI_B058_Men-Purush_March-2003,"— ‘Men (purush) in Religious Dance’. March 2003. http://www.drbarboza.com/purush htm (accessed 15 April 2008),",http://www.drbarboza.com/purush,,,To do,,,,,,"Cited together with other sources in: BI_Ch08_82, BI_Ch08_83, BI_Ch08_84 (counted in 'most cited') | download failed - live page: web server answered HTTP 404"
BI_B060,Bibliography only,,,,Book/Print,"Barnes(SJ), Michael. Theology and the Dialogue o^ Religions. Cambridge University Press, 2002.",BI_B060,BI_B060_Barnes-Sj_Theology-and-the-Dialogue-o-Religions,"Barnes(SJ), Michael. Theology and the Dialogue o^ Religions. Cambridge University Press, 2002.",,,,To do,,,,,https://www.google.com/search?tbm=bks&q=Theology%20and%20the%20Dialogue%20o%20Religions%20Cambridge%20University%20Press%20Barnes%28SJ%29,In the bibliography; no footnote matched to it
BI_B066,Bibliography only,,,,Book/Print,"BBC. ‘India: Church unhappy with US for not Acting against India on Religious Issue’. News, BBC Monitoring South Asia, 17 May 2003.",BI_B066,BI_B066_Bbc_India-Church-unhappy-with-US-for-not,"BBC. ‘India: Church unhappy with US for not Acting against India on Religious Issue’. News, BBC Monitoring South Asia, 17 May 2003.",,,,To do,,,,,https://www.google.com/search?tbm=bks&q=India%20Church%20unhappy%20with%20US%20for%20not%20Acting%20against%20BBC,"Cited together with other sources in: BI_Ch15_26, BI_Ch15_27, BI_Ch26_03 (counted in 'most cited')"
BI_B068,Bibliography only,,,,Book/Print,"Bennett, Clinton. In Search of Jesus: Insider and Outsider Images. Continuum International Publishing Group, 2001.",BI_B068,BI_B068_Bennett_In-Search-of-Jesus-Insider-and-Outsider,"Bennett, Clinton. In Search of Jesus: Insider and Outsider Images. Continuum International Publishing Group, 2001.",,,,To do,,,,,https://www.google.com/search?tbm=bks&q=In%20Search%20of%20Jesus%20Insider%20and%20Outsider%20Images%20Continuum%20Bennett,In the bibliography; no footnote matched to it
BI_B070,Bibliography only,,,,Book/Print,"Bergunder, Michael. ‘Miracle Healing and Exorcism: The South Indian Pentecostal Movement in the Context of Popular Hinduism’. International Review of Mission, 2001: 103-112.",BI_B070,BI_B070_Bergunder_Miracle-Healing-and-Exorcism-The-South-Indian,"Bergunder, Michael. ‘Miracle Healing and Exorcism: The South Indian Pentecostal Movement in the Context of Popular Hinduism’. International Review of Mission, 2001: 103-112.",,,,To do,,,,,https://www.google.com/search?tbm=bks&q=Miracle%20Healing%20and%20Exorcism%20The%20South%20Indian%20Pentecostal%20Movement%20Bergunder,Cited together with other sources in: BI_Ch10_63 (counted in 'most cited')
BI_B085,Bibliography only,,,,Book/Print,"BlavaUsky, Helena Petrovna. 'Theosophical Gleanings’. Lucifer: A Theosophical Magazine, March-August 1890: 502.",BI_B085,BI_B085_Blavausky_Theosophical-Gleanings,"BlavaUsky, Helena Petrovna. 'Theosophical Gleanings’. Lucifer: A Theosophical Magazine, March-August 1890: 502.",,,,To do,,,,,https://www.google.com/search?tbm=bks&q=Theosophical%20Gleanings%20Lucifer%20A%20Theosophical%20Magazine%20March%20August%201890%20BlavaUsky,In the bibliography; no footnote matched to it
BI_B088,Bibliography only,,,,URL,— BosNewsLife: Christian News agency: writers. 2006. http://www.bosnewslife.com/about-us/writers (accessed 30 November 2008).,BI_B088,BI_B088_Bosnewslife-Christian_2006,— BosNewsLife: Christian News agency: writers. 2006. http://www.bosnewslife.com/about-us/writers (accessed 30 November 2008).,http://www.bosnewslife.com/about-us/writers,https://web.archive.org/web/20260518043655/https://bosnewslife.com/about-us/writers/,Snapshot found,On OneDrive,,BI_B088_Bosnewslife-Christian_2006_bosnewslife-com.pdf,https://1drv.ms/b/c/ACD215A5F926CFCE/IQBwHqdp4BJRS6_2uf4tMio4Ac4tw1jSXqzjaSQn_FyBWqs?download=1,,,"Cited together with other sources in: BI_Ch17_142, BI_Ch18_87, BI_Ch18_88 (counted in 'most cited') | Page saved as PDF (cover page + copy) from live page on 2026-10-09"
BI_B098,Bibliography only,,,,URL,— ‘Costas Consultation in Global Mission’. March 2006. http://www.bostcntheological.org/archive/spring6/costasprog6.pdf (accessed 10 January 2009).,BI_B098,BI_B098_Costas-Consultation_March-2006,— ‘Costas Consultation in Global Mission’. March 2006. http://www.bostcntheological.org/archive/spring6/costasprog6.pdf (accessed 10 January 2009).,http://www.bostontheological.org/archive/spring6/costasprog6.pdf,https://web.archive.org/web/20080725120617/http://www.bostontheological.org/archive/spring6/costasprog6.pdf,Snapshot found,To do,,,,,,"Cited together with other sources in: BI_Ch18_111, BI_Ch18_113, BI_Ch18_116 (counted in 'most cited') | Web address corrected from the earlier audit (the book's text read: http://www.bostcntheological.org/archive/spring6/costasprog6.pdf) | download failed - live page: web server answered HTTP 404 / Wayback snapshot: IncompleteRead(130826 bytes read, 325636 more expected)"
BI_B102,Bibliography only,,,,Book/Print,"— A Dravidian Etymological Dictionary: Supplement. Clarendon Press, 1968.",BI_B102,BI_B102_A-Dravidian_Clarendon-Press,"— A Dravidian Etymological Dictionary: Supplement. Clarendon Press, 1968.",,,,To do,,,,,https://www.google.com/search?tbm=bks&q=Clarendon%20Press%201968%20%E2%80%94%20A%20Dravidian%20Etymological%20Dictionary%3A%20Supplement,In the bibliography; no footnote matched to it
BI_B108,Bibliography only,,,,Book/Print,"— A Comparative Grammar of the Dravidian Or South-Indian Family of Languages. New Delhi: Asian Educational Services, 1856:1998.",BI_B108,BI_B108_A-Comparative_New-Delhi-Asian-Educational-Services,"— A Comparative Grammar of the Dravidian Or South-Indian Family of Languages. New Delhi: Asian Educational Services, 1856:1998.",,,,To do,,,,,https://www.google.com/search?tbm=bks&q=New%20Delhi%20Asian%20Educational%20Services%201856%201998%20%E2%80%94%20A%20Comparative%20Grammar%20of%20the%20Dravidian%20Or%20South-Indian%20Family%20of%20Languages,"Cited together with other sources in: BI_Ch06_04, BI_Ch06_06, BI_Ch12_03 (counted in 'most cited')"
BI_B137,Bibliography only,,,,Book/Print,"Gonsiglio, Cyprian, Winter. ‘Awaken and Surrender’. The Golden String Bulletin of the Bede Griffiths Trust 11, no. 2 (2004-2005).",BI_B137,BI_B137_Gonsiglio_Awaken-and-Surrender,"Gonsiglio, Cyprian, Winter. ‘Awaken and Surrender’. The Golden String Bulletin of the Bede Griffiths Trust 11, no. 2 (2004-2005).",,,,To do,,,,,https://www.google.com/search?tbm=bks&q=Awaken%20and%20Surrender%20The%20Golden%20String%20Bulletin%20of%20the%20Gonsiglio,In the bibliography; no footnote matched to it
BI_B141,Bibliography only,,,,URL,Creation Resource Library. ‘Creationism’. 2005. http://www.creationism.org/library/ (accessed 2010).,BI_B141,BI_B141_Creation-Resource_Creationism,Creation Resource Library. ‘Creationism’. 2005. http://www.creationism.org/library/ (accessed 2010).,http://www.creationism.org/library/,,,To do,,,,,,In the bibliography; no footnote matched to it | download failed - live page: web server answered HTTP 404
BI_B142,Bibliography only,,,,URL,Cromwell Trust About Us. 2007. http://www.crowelltrust.org/ (accessed 2009).,BI_B142,BI_B142_Cromwell-Trust_2007,Cromwell Trust About Us. 2007. http://www.crowelltrust.org/ (accessed 2009).,http://www.crowelltrust.org/,https://web.archive.org/web/20260105104232/https://www.crowelltrust.org/,Snapshot found,On OneDrive,,BI_B142_Cromwell-Trust_2007_crowelltrust-org.pdf,https://1drv.ms/b/c/ACD215A5F926CFCE/IQAzIMJoz73dTKRC6p-QnwGhAdI3-GJQrJ-yzwhJJRsjkmA?download=1,,,In the bibliography; no footnote matched to it | Page saved as PDF (cover page + copy) from live page on 2026-10-09
BI_B145,Bibliography only,,,,URL,"— ‘Annual Report’, tvivw.csw.org.uk. 2007. http://www.csw.org.uk/annualreport.htm (accessed January 11, 2009).",BI_B145,BI_B145_Annual-Report_2007,"— ‘Annual Report’, tvivw.csw.org.uk. 2007. http://www.csw.org.uk/annualreport.htm (accessed January 11, 2009).",http://www.csw.org.uk/annualreport.htm,,,On OneDrive,,BI_B145_Annual-Report_2007_csw-org-uk.pdf,https://1drv.ms/b/c/ACD215A5F926CFCE/IQAjA-pt0JqjToKnJNbVybv5Af0mf0GWOBF4LfSuFVVEtUg?download=1,,,"Cited together with other sources in: BI_Ch16_11, BI_Ch16_17 (counted in 'most cited') | Page saved as PDF (cover page + copy) from live page on 2026-10-09"
BI_B147,Bibliography only,,,,URL,— ‘Anti-conversion Legislation Enhanced in Indian state as New Report Condemns Abuses of the Laws’. 2006.: http://dynamic.csw.org.uk/article. asp?t=press&id=536 (accessed 30 January 2009).,BI_B147,BI_B147_Anti-Conversion_2006,— ‘Anti-conversion Legislation Enhanced in Indian state as New Report Condemns Abuses of the Laws’. 2006.: http://dynamic.csw.org.uk/article. asp?t=press&id=536 (accessed 30 January 2009).,http://dynamic.csw.org.uk/article.asp?t=press8&cid=536,,,To do,,,,,,"Cited together with other sources in: BI_Ch16_10, BI_Ch16_12 (counted in 'most cited') | Web address corrected from the earlier audit (the book's text read: http://dynamic.csw.org.uk/article) | download failed - live page: Page.goto: net::ERR_NAME_NOT_RESOLVED at http://dynamic.csw.org.uk/art"
BI_B149,Bibliography only,,,,Book/Print,"CSW. India Report 2001. Annual Report, Christian Solidarit) Worldwide, 2001.",BI_B149,BI_B149_Csw_India-Report-2001,"CSW. India Report 2001. Annual Report, Christian Solidarit) Worldwide, 2001.",,,,To do,,,,,https://www.google.com/search?tbm=bks&q=India%20Report%202001%20Annual%20Report%20Christian%20Solidarit%20Worldwide%202001%20CSW,"Cited together with other sources in: BI_Ch13_74, BI_Ch16_07 (counted in 'most cited')"
BI_B160,Bibliography only,,,,URL,— London book Award function on 29 June. June 2009. http://www.dalitvoice.org/Templaues/june2009/articles.htm (accessed 10 January 2010).,BI_B160,BI_B160_London-Book_June-2009,— London book Award function on 29 June. June 2009. http://www.dalitvoice.org/Templaues/june2009/articles.htm (accessed 10 January 2010).,http://www.dalitvoice.org/Templaues/june2009/articles.htm,,,To do,,,,,,Cited together with other sources in: BI_Ch16_40 (counted in 'most cited') | download failed - live page: web server answered HTTP 403
BI_B165,Bibliography only,,,,URL,"David, Rani. Rani David; Guru. 2004: Dead Lmk. http://www.ianidevi.com/l8KNSGuruChristian.htm (accessed 10 January 2008).",BI_B165,BI_B165_David_Rani-David,"David, Rani. Rani David; Guru. 2004: Dead Lmk. http://www.ianidevi.com/l8KNSGuruChristian.htm (accessed 10 January 2008).",http://www.ianidevi.com/l8KNSGuruChristian.htm,,,To do,,,,,,Cited together with other sources in: BI_Ch08_82 (counted in 'most cited') | download failed - live page: Page.goto: net::ERR_NAME_NOT_RESOLVED at http://www.ianidevi.com/l8KNS
BI_B169,Bibliography only,,,,Book/Print,"Deccan Chronicle. ‘3 More Manipuri Kids were in Horror House’. News, 23 January 2010.",BI_B169,BI_B169_Deccan-Chronicle_3-More-Manipuri-Kids-were-in-Horror,"Deccan Chronicle. ‘3 More Manipuri Kids were in Horror House’. News, 23 January 2010.",,,,To do,,,,,https://www.google.com/search?tbm=bks&q=3%20More%20Manipuri%20Kids%20were%20in%20Horror%20House%20News%20Deccan%20Chronicle,In the bibliography; no footnote matched to it
BI_B171,Bibliography only,,,,Book/Print,"Deccan Herald. ‘Defying decrees: A Madrassa Where Students Sing Vande Mataram’. News, 12 November 2009.",BI_B171,BI_B171_Deccan-Herald_Defying-decrees-A-Madrassa-Where-Students-Sing,"Deccan Herald. ‘Defying decrees: A Madrassa Where Students Sing Vande Mataram’. News, 12 November 2009.",,,,To do,,,,,https://www.google.com/search?tbm=bks&q=Defying%20decrees%20A%20Madrassa%20Where%20Students%20Sing%20Vande%20Mataram%20Deccan%20Herald,In the bibliography; no footnote matched to it
BI_B177,Bibliography only,,,,Book/Print,"— ‘Demolishing a Tradition at Kalakshetra’. Organiser, 29 April 2007.",BI_B177,BI_B177_Demolishing-A_Organiser,"— ‘Demolishing a Tradition at Kalakshetra’. Organiser, 29 April 2007.",,,,To do,,,,,https://www.google.com/search?tbm=bks&q=Organiser%2029%20April%202007%20%E2%80%94%20%E2%80%98Demolishing%20a%20Tradition%20at%20Kalakshetra%E2%80%99,"Cited together with other sources in: BI_Ch08_101, BI_Ch08_105 (counted in 'most cited')"
BI_B180,Bibliography only,,,,Book/Print,"— ‘Science-Philosophy-Theology - Soullogy, a comparative study’. Souvenir of the First International Conference on the Religion of Tamils. Chennai: Pastoral Center Archdiocese of Madras, 2008. 5-32.",BI_B180,BI_B180_Science-Philosophy_Souvenir-of-the-First-International-Conference-on,"— ‘Science-Philosophy-Theology - Soullogy, a comparative study’. Souvenir of the First International Conference on the Religion of Tamils. Chennai: Pastoral Center Archdiocese of Madras, 2008. 5-32.",,,,To do,,,,,https://www.google.com/search?tbm=bks&q=Souvenir%20of%20the%20First%20International%20Conference%20on%20the%20Religion%20%E2%80%94%20%E2%80%98Science-Philosophy-Theology%20-%20Soullogy,Cited together with other sources in: BI_Ch09_58 (counted in 'most cited')
BI_B190,Bibliography only,,,,Book/Print,"Devakala, M. ‘Fem inistic aspec t of God in Indian worships and Religions in Relation to Trinity’. Dravidian Religion, July 2008.",BI_B190,BI_B190_Devakala_Fem-inistic-aspec-t-of-God-in,"Devakala, M. ‘Fem inistic aspec t of God in Indian worships and Religions in Relation to Trinity’. Dravidian Religion, July 2008.",,,,To do,,,,,https://www.google.com/search?tbm=bks&q=Fem%20inistic%20aspec%20t%20of%20God%20in%20Indian%20worships%20Devakala,Cited together with other sources in: BI_Ch09_48 (counted in 'most cited')
BI_B196,Bibliography only,,,,URL,— Daht Freedom Network: About Us. 2003:2010. http://www.dalitnetwork.org/go?/dfrb'about/c33/ (accessed 12 January 2009).,BI_B196,BI_B196_Daht-Freedom_2003-2010,— Daht Freedom Network: About Us. 2003:2010. http://www.dalitnetwork.org/go?/dfrb'about/c33/ (accessed 12 January 2009).,http://www.dalitnetwork.org/go?/dfrb,,,To do,,,,,,"Cited together with other sources in: BI_Ch13_23, BI_Ch13_29, BI_Ch13_37, BI_Ch13_94, BI_Ch13_100, BI_Ch18_51 (counted in 'most cited') | download failed - live page: page is empty or is an error page, not a real copy"
BI_B197,Bibliography only,,,,URL,— Dalit Freedom Network: Opportunities. 2003:2010. http://www.dalitnetwork.org/go ?/dfn/'Opportunities/Cl 69/ (accessed 10 January 2009).,BI_B197,BI_B197_Dalit-Freedom_2003-2010,— Dalit Freedom Network: Opportunities. 2003:2010. http://www.dalitnetwork.org/go ?/dfn/'Opportunities/Cl 69/ (accessed 10 January 2009).,http://www.dalitnetwork.org/go?/dfn/opportunities/C169/,,,To do,,,,,,"Cited together with other sources in: BI_Ch13_23, BI_Ch13_29, BI_Ch13_37, BI_Ch13_94, BI_Ch13_100, BI_Ch18_51 (counted in 'most cited') | Web address corrected from the earlier audit (the book's text read: http://www.dalitnetwork.org/go) | download failed - live page: page is empty or is an error page, not a real copy"
BI_B198,Bibliography only,,,,URL,— ‘Does the Dalit Freedom Network have a religious affilia tion?’ 2003:2010. http://www.dalitnetwork.org/go?/dfn/about/C8/ (accessed 30 January 2009).,BI_B198,BI_B198_Does-The,— ‘Does the Dalit Freedom Network have a religious affilia tion?’ 2003:2010. http://www.dalitnetwork.org/go?/dfn/about/C8/ (accessed 30 January 2009).,http://www.dalitnetwork.org/go?/dfn/about/C8/,,,To do,,,,,,"Cited together with other sources in: BI_Ch13_23, BI_Ch13_29, BI_Ch13_37, BI_Ch13_94, BI_Ch13_100, BI_Ch18_51 (counted in 'most cited') | download failed - live page: page is empty or is an error page, not a real copy"
BI_B200,Bibliography only,,,,URL,Dharma Deepika: Online Journal. ‘Consultants: International Consultants’. March 2003. http://www.dharmadeepika.org/dictionary/consultants.html (accessed 10 January 2009).,BI_B200,BI_B200_Dharma-Deepika_Consultants-International-Consultants,Dharma Deepika: Online Journal. ‘Consultants: International Consultants’. March 2003. http://www.dharmadeepika.org/dictionary/consultants.html (accessed 10 January 2009).,http://www.dharmadeepika.org/dictionary/consultants.html,,,To do,,,,,,In the bibliography; no footnote matched to it | download failed - live page: Page.goto: net::ERR_NAME_NOT_RESOLVED at http://www.dharmadeepika.org/
BI_B201,Bibliography only,,,,Book/Print,"Dharmadasa, K. En. Language, Religion, and Ethnic Assertiveness: the Growth of Sinhalese Nationalism in Sri Lanka. University of Michigan Press, 1992.",BI_B201,BI_B201_Dharmadasa_En,"Dharmadasa, K. En. Language, Religion, and Ethnic Assertiveness: the Growth of Sinhalese Nationalism in Sri Lanka. University of Michigan Press, 1992.",,,,To do,,,,,https://www.google.com/search?tbm=bks&q=En%20Language%20Religion%20and%20Ethnic%20Assertiveness%20the%20Growth%20of%20Dharmadasa,In the bibliography; no footnote matched to it
BI_B214,Bibliography only,,,,Book/Print,"Discovery (8). ‘Galileo and The Heavens’. London: Marshal Cavendish, 1987.",BI_B214,BI_B214_Discovery-8_Galileo-and-The-Heavens,"Discovery (8). ‘Galileo and The Heavens’. London: Marshal Cavendish, 1987.",,,,To do,,,,,https://www.google.com/search?tbm=bks&q=Galileo%20and%20The%20Heavens%20London%20Marshal%20Cavendish%201987%20Discovery%20%288%29,In the bibliography; no footnote matched to it
BI_B224,Bibliography only,,,,Book/Print,"DSN-DK. Annual Report. Activity, Dalit Soli<darit}' Network-UK, 2004-2005.",BI_B224,BI_B224_Dsn-Dk_Annual-Report,"DSN-DK. Annual Report. Activity, Dalit Soli<darit}' Network-UK, 2004-2005.",,,,To do,,,,,https://www.google.com/search?tbm=bks&q=Annual%20Report%20Activity%20Dalit%20Soli%20darit%20Network%20UK%202004%20DSN-DK,In the bibliography; no footnote matched to it
BI_B226,Bibliography only,,,,URL,— Dalit Solidarity NetworkrUK Links. http://www.dsnuk.org/usefuljinks.htm (accessed 30 January 2009).,BI_B226,BI_B226_Dalit-Solidarity,— Dalit Solidarity NetworkrUK Links. http://www.dsnuk.org/usefuljinks.htm (accessed 30 January 2009).,http://www.dsnuk.org/useful_links.htm,https://web.archive.org/web/20081208234606/http://www.dsnuk.org:80/useful_links.htm,Snapshot found,On OneDrive,,BI_B226_Dalit-Solidarity_dsnuk-org.pdf,https://1drv.ms/b/c/ACD215A5F926CFCE/IQB-tgugnunTTpN6_5MmuYibAaNXiE_wO4cX6oFEzH7SgQs?download=1,,,In the bibliography; no footnote matched to it | Web address corrected from the earlier audit (the book's text read: http://www.dsnuk.org/usefuljinks.htm) | Page saved as PDF (cover page + copy) from Wayback snapshot on 2026-10-09
BI_B228,Bibliography only,,,,Book/Print,"DSN-UK. ‘No Escape Caste Discrimination in the UK’. Survey, London, . 2006.",BI_B228,BI_B228_Dsn-Uk_No-Escape-Caste-Discrimination-in-the-UK,"DSN-UK. ‘No Escape Caste Discrimination in the UK’. Survey, London, . 2006.",,,,To do,,,,,https://www.google.com/search?tbm=bks&q=No%20Escape%20Caste%20Discrimination%20in%20the%20UK%20Survey%20London%20DSN-UK,Cited together with other sources in: BI_Ch17_95 (counted in 'most cited')
BI_B234,Bibliography only,,,,Book/Print,"— ‘Madhani Rotting in Coimbatore’. Dalit Voice, 16 February 2002.",BI_B234,BI_B234_Madhani-Rotting_Dalit-Voice,"— ‘Madhani Rotting in Coimbatore’. Dalit Voice, 16 February 2002.",,,,To do,,,,,https://www.google.com/search?tbm=bks&q=Dalit%20Voice%2016%20February%202002%20%E2%80%94%20%E2%80%98Madhani%20Rotting%20in%20Coimbatore%E2%80%99,Cited together with other sources in: BI_Ch19_105 (counted in 'most cited')
BI_B235,Bibliography only,,,,Book/Print,"— ‘Madhani Plotting in Jail’. Dalit Voice, 15 March 2001.",BI_B235,BI_B235_Madhani-Plotting_Dalit-Voice,"— ‘Madhani Plotting in Jail’. Dalit Voice, 15 March 2001.",,,,To do,,,,,https://www.google.com/search?tbm=bks&q=Dalit%20Voice%2015%20March%202001%20%E2%80%94%20%E2%80%98Madhani%20Plotting%20in%20Jail%E2%80%99,Cited together with other sources in: BI_Ch19_105 (counted in 'most cited')
BI_B236,Bibliography only,,,,URL,"Ebrahimi, Sherene, and Andrew Schweizer. ‘Renowned Journalist Shares Heart, Experiences with PLNU’. Point Loma Nazarene University. January 2007. http://www.pointloma.edu/News/FIeadlines/Renowned_journalist_5hares_heart_ experiex'ices_with_PLNU.htm (accessed 10 January 2009).",BI_B236,BI_B236_Ebrahimi_Renowned-Journalist-Shares-Heart,"Ebrahimi, Sherene, and Andrew Schweizer. ‘Renowned Journalist Shares Heart, Experiences with PLNU’. Point Loma Nazarene University. January 2007. http://www.pointloma.edu/News/FIeadlines/Renowned_journalist_5hares_heart_ experiex'ices_with_PLNU.htm (accessed 10 January 2009).",http://www.pointloma.edu/News/FIeadlines/Renowned_journalist_5hares_heart_,,,To do,,,,,,In the bibliography; no footnote matched to it | Earlier audit used a different address: http://www.pointloma.edu/News/Headlines/Renowned_journalist_shares_heart__experiences_with_PLNU.htm | download failed - live page: web server answered HTTP 404
BI_B241,Bibliography only,,,,Book/Print,"— Return of the Swastika: Hate and Hysteria versus Hindu Sanity. New Delhi: Voice of India, 2007.",BI_B241,BI_B241_Return-Of_New-Delhi-Voice-of-India,"— Return of the Swastika: Hate and Hysteria versus Hindu Sanity. New Delhi: Voice of India, 2007.",,,,To do,,,,,https://www.google.com/search?tbm=bks&q=New%20Delhi%20Voice%20of%20India%202007%20%E2%80%94%20Return%20of%20the%20Swastika%3A%20Hate%20and%20Hysteria%20versus%20Hindu%20Sanity,"Cited together with other sources in: BI_Ch15_44, BI_Ch18_98 (counted in 'most cited')"
BI_B243,Bibliography only,,,,Book/Print,"— The Saffron Swatika. Voice of India, 2001.",BI_B243,BI_B243_The-Saffron_Voice-of-India,"— The Saffron Swatika. Voice of India, 2001.",,,,To do,,,,,https://www.google.com/search?tbm=bks&q=Voice%20of%20India%202001%20%E2%80%94%20The%20Saffron%20Swatika,In the bibliography; no footnote matched to it
BI_B249,Bibliography only,,,,URL,— ‘South Asian Studies and Religious Nationalism’. Ethics and Public Police Center. 22 May 2002. http://www.eppc.org/programs/southasian/publications/programID.38/default.asp (accessed 10 January 2009).,BI_B249,BI_B249_South-Asian_Ethics-and-Public-Police-Center,— ‘South Asian Studies and Religious Nationalism’. Ethics and Public Police Center. 22 May 2002. http://www.eppc.org/programs/southasian/publications/programID.38/default.asp (accessed 10 January 2009).,http://www.eppc.org/programs/southasian/publications/programID.38/default.asp,,,To do,,,,,,Cited together with other sources in: BI_Ch16_42 (counted in 'most cited') | download failed - live page: web server answered HTTP 404
BI_B251,Bibliography only,,,,URL,"Eternity Biz. Meet Lakshmt, A Dalit Girl, and the Story of a Indian Church Planter. 17 January 2010. http://eternity.biz/news/meet jakshmi_a_.dalit_ girl_and_the_story_of_a_indian_church_planter/ (accessed 2 February 2010).",BI_B251,BI_B251_Eternity-Biz_Meet-Lakshmt,"Eternity Biz. Meet Lakshmt, A Dalit Girl, and the Story of a Indian Church Planter. 17 January 2010. http://eternity.biz/news/meet jakshmi_a_.dalit_ girl_and_the_story_of_a_indian_church_planter/ (accessed 2 February 2010).",http://eternity.biz/news/meet_lakshmi_a_dalit_girl_and_the_story_of_a_indian_church_planter/,,,On OneDrive,,BI_B251_Eternity-Biz_Meet-Lakshmt.pdf,https://1drv.ms/b/c/ACD215A5F926CFCE/IQC1Lqxv2D1VTp2TZOvw0oCdAXeKYR0S-hx7urnCyirIYjg?download=1,,,In the bibliography; no footnote matched to it | Web address corrected from the earlier audit (the book's text read: http://eternity.biz/news/meet) | Page saved as PDF (cover page + copy) from live page on 2026-10-09
BI_B253,Bibliography only,,,,Social post,— ‘Christian Reformed Wor ld Relief Committee’. 2010. http://apps.facebook.com/causes/beneficiaries/12828?m=370a5b0b (accessed 2010).,BI_B253,BI_B253_Christian-Reformed_2010,— ‘Christian Reformed Wor ld Relief Committee’. 2010. http://apps.facebook.com/causes/beneficiaries/12828?m=370a5b0b (accessed 2010).,http://apps.facebook.com/causes/beneficiaries/12828?m=370a5b0b,,,On OneDrive,,BI_B253_Christian-Reformed_2010_apps-facebook-com.pdf,https://1drv.ms/b/c/ACD215A5F926CFCE/IQCb4B8sWjkZT44H3UvLHkT_AZAMZoIe8XE3dfXEMfNof6c?download=1,,,Cited together with other sources in: BI_Ch15_71 (counted in 'most cited') | Page saved as PDF (cover page + copy) from live page on 2026-10-09
BI_B258,Bibliography only,,,,Book/Print,"— Hearing Iranscript (HAF Lies worse Than We Thought!), Message /^374\ Indo._Eurasian_Research group, 28 April 2006.",BI_B258,BI_B258_Hearing-Iranscript_Hearing-Iranscript,"— Hearing Iranscript (HAF Lies worse Than We Thought!), Message /^374\ Indo._Eurasian_Research group, 28 April 2006.",,,,To do,,,,,https://www.google.com/search?tbm=bks&q=Hearing%20Iranscript%20HAF%20Lies%20worse%20Than%20We%20Thought%20Message%20%E2%80%94%20Hearing%20Iranscript%20%28HAF%20Lies%20worse%20Than%20We%20Thought%21%29,"Cited together with other sources in: BI_Ch13_38, BI_Ch13_40, BI_Ch25_15 (counted in 'most cited')"
BI_B259,Bibliography only,,,,Book/Print,"— Moderator Note to Message Number #3147 of Benjamin Marc’. Indo_ Eurasian_Research Yahoo group, March 2, 2006.",BI_B259,BI_B259_Moderator-Note_Indo-Eurasian-Research-Yahoo-group,"— Moderator Note to Message Number #3147 of Benjamin Marc’. Indo_ Eurasian_Research Yahoo group, March 2, 2006.",,,,To do,,,,,https://www.google.com/search?tbm=bks&q=Indo_%20Eurasian_Research%20Yahoo%20group%20March%202%202006%20%E2%80%94%20Moderator%20Note%20to%20Message%20Number%20%233147%20of%20Benjamin%20Marc%E2%80%99,"Cited together with other sources in: BI_Ch13_38, BI_Ch13_40, BI_Ch25_15 (counted in 'most cited')"
BI_B263,Bibliography only,,,,URL,FetNA. About FetNA.. 22 May 2001. http://www.fetna.org/index. php?option=:com_content&:view-arricle£<id=47&Itemid=59 (accessed 18 February 2010).,BI_B263,BI_B263_Fetna_About-FetNA,FetNA. About FetNA.. 22 May 2001. http://www.fetna.org/index. php?option=:com_content&:view-arricle£<id=47&Itemid=59 (accessed 18 February 2010).,http://www.fetna.org/index.php?option=com_content&view=article&id=47&Itemid=59,,,On OneDrive,,BI_B263_Fetna_About-FetNA_fetna-org.pdf,https://1drv.ms/b/c/ACD215A5F926CFCE/IQD0Da9fwf4YS5aV5OCdyBmKAbegfo5vr8TwH2duyQSo7kY?download=1,,,In the bibliography; no footnote matched to it | Web address corrected from the earlier audit (the book's text read: http://www.fetna.org/index) | Page saved as PDF (cover page + copy) from live page on 2026-10-09
BI_B277,Bibliography only,,,,Book/Print,"Frontline. ‘Terror links’. News, 21 December 2007.",BI_B277,BI_B277_Frontline_Terror-links,"Frontline. ‘Terror links’. News, 21 December 2007.",,,,To do,,,,,https://www.google.com/search?tbm=bks&q=Terror%20links%20News%2021%20December%202007%20Frontline,"Cited together with other sources in: BI_Ch19_111, BI_Ch19_143, BI_Ch19_144 (counted in 'most cited')"
BI_B283,Bibliography only,,,,Book/Print,"Gatlung, Johan. ‘Cultural Violence’. Journal of Peace Research 27, no. 3 (August 1990): 291-305.",BI_B283,BI_B283_Gatlung_Cultural-Violence,"Gatlung, Johan. ‘Cultural Violence’. Journal of Peace Research 27, no. 3 (August 1990): 291-305.",,,,To do,,,,,https://www.google.com/search?tbm=bks&q=Cultural%20Violence%20Journal%20of%20Peace%20Research%2027%20no%203%20Gatlung,In the bibliography; no footnote matched to it
BI_B285,Bibliography only,,,,Social post,"George, Jithin Sam. ‘Pastors spreading Communalism (Malayalam)’. Jithin Sam George's Channel. 26 March 2009. http://www.youtube.com/watch?v=85nMEtbHFxE (accessed 10 February 2010).",BI_B285,BI_B285_George_Pastors-spreading-Communalism,"George, Jithin Sam. ‘Pastors spreading Communalism (Malayalam)’. Jithin Sam George's Channel. 26 March 2009. http://www.youtube.com/watch?v=85nMEtbHFxE (accessed 10 February 2010).",http://www.youtube.com/watch?v=85nMEtbHFxE,,,On OneDrive,,BI_B285_George_Pastors-spreading-Communalism_youtube-com.pdf,https://1drv.ms/b/c/ACD215A5F926CFCE/IQDJLTbVm8ejQrwAnoFBQgbFARPDjZymiUIHP4Qo9p1qVe8?download=1,,,In the bibliography; no footnote matched to it | Page saved as PDF (cover page + copy) from live page on 2026-10-09
BI_B289,Bibliography only,,,,URL,— ‘Distinctives’. 1996:2009. www.gfa.org/distinctives (accessed 30 January 2010).,BI_B289,BI_B289_Distinctives_1996-2009,— ‘Distinctives’. 1996:2009. www.gfa.org/distinctives (accessed 30 January 2010).,http://www.gfa.org/distinctives,,,On OneDrive,,BI_B289_Distinctives_1996-2009_gfa-org.pdf,https://1drv.ms/b/c/ACD215A5F926CFCE/IQCGL4cls1L8Q6d74mzG8WkXARFyQrylt1CUQrIN_QLsXoQ?download=1,,,"Cited together with other sources in: BI_Ch18_51, BI_Ch18_56, BI_Ch18_59, BI_Ch18_61, BI_Ch18_67 (counted in 'most cited') | Page saved as PDF (cover page + copy) from live page on 2026-10-09"
BI_B290,Bibliography only,,,,URL,— Gospel for Asia Endorsement page. 1996:2009. http://www.gfa.org/about/endorsements/ (accessed 30 January 2010).,BI_B290,BI_B290_Gospel-For_1996-2009,— Gospel for Asia Endorsement page. 1996:2009. http://www.gfa.org/about/endorsements/ (accessed 30 January 2010).,http://www.gfa.org/about/endorsements/,https://web.archive.org/web/20260901015840/https://www.gfa.org/about/endorsements/,Snapshot found,On OneDrive,,BI_B290_Gospel-For_1996-2009_gfa-org.pdf,https://1drv.ms/b/c/ACD215A5F926CFCE/IQCJI8lI7kfSRpCreac-tq_GATJhNLOFYDBZOHgFVHMAecc?download=1,,,"Cited together with other sources in: BI_Ch18_51, BI_Ch18_56, BI_Ch18_59, BI_Ch18_61, BI_Ch18_67 (counted in 'most cited') | Page saved as PDF (cover page + copy) from live page on 2026-10-09"
BI_B292,Bibliography only,,,,URL,— ‘Reaching the Dalits’. 1996:2009. http://www.gfa.org/dalit/reaching-the-dalits/ (accessed 2 February 2010).,BI_B292,BI_B292_Reaching-The_1996-2009,— ‘Reaching the Dalits’. 1996:2009. http://www.gfa.org/dalit/reaching-the-dalits/ (accessed 2 February 2010).,http://www.gfa.org/dalit/reaching-the-dalits/,,,On OneDrive,,BI_B292_Reaching-The_1996-2009_gfa-org.pdf,https://1drv.ms/b/c/ACD215A5F926CFCE/IQCnCwbcXNsOR4t69SkhX6XdAX_IJcEDjN7EKh03I4MP3aU?download=1,,,"Cited together with other sources in: BI_Ch18_51, BI_Ch18_56, BI_Ch18_59, BI_Ch18_61, BI_Ch18_67 (counted in 'most cited') | Page saved as PDF (cover page + copy) from live page on 2026-10-09"
BI_B293,Bibliography only,,,,URL,— ‘She has a gift to share’. 1996:2009. http://www.gfa.org/news/articles/she-has-gift-share (accessed 30 January 2010).,BI_B293,BI_B293_She-Has_1996-2009,— ‘She has a gift to share’. 1996:2009. http://www.gfa.org/news/articles/she-has-gift-share (accessed 30 January 2010).,http://www.gfa.org/news/articles/she-has-gift-share,,,To do,,,,,,"Cited together with other sources in: BI_Ch18_51, BI_Ch18_56, BI_Ch18_59, BI_Ch18_61, BI_Ch18_67 (counted in 'most cited') | download failed - live page: web server answered HTTP 404"
BI_B297,Bibliography only,,,,URL,GIS Development. ‘A Study on Irdustrial Growth along Coast Line of Orissa and its Undesirable Effect on environment using GIS - an olive ridley (sea * turtle) Perspective’. GIS Development. 2008. http://www.gisdevelopment.net/application/erivironment/wildlife/ini08_250.htm (accessed 10 January 2010).,BI_B297,BI_B297_Gis-Development_A-Study-on-Irdustrial-Growth-along-Coast,GIS Development. ‘A Study on Irdustrial Growth along Coast Line of Orissa and its Undesirable Effect on environment using GIS - an olive ridley (sea * turtle) Perspective’. GIS Development. 2008. http://www.gisdevelopment.net/application/erivironment/wildlife/ini08_250.htm (accessed 10 January 2010).,http://www.gisdevelopment.net/application/erivironment/wildlife/ini08_250.htm,,,On OneDrive,,BI_B297_Gis-Development_A-Study-on-Irdustrial-Growth-along-Coast_gisdevelopment-net.pdf,https://1drv.ms/b/c/ACD215A5F926CFCE/IQD_bQ_u6HBQTraTsS2d0BHLAZMYb3ZY3nPc9AJoGvY3U1A?download=1,,,In the bibliography; no footnote matched to it | Page saved as PDF (cover page + copy) from live page on 2026-10-09
BI_B310,Bibliography only,,,,URL,"Green: European Free Alliance. ‘We are not untouchable: Photo exhibition and public hearing’, www.greens-efa.org. June 2008. http://www.greens-efa.org/cms/default/dok/23 6/236455. we_are_not_untouchable@en.htm (accessed 10 January 2010).",BI_B310,BI_B310_Green-European_We-are-not-untouchable-Photo-exhibition-and,"Green: European Free Alliance. ‘We are not untouchable: Photo exhibition and public hearing’, www.greens-efa.org. June 2008. http://www.greens-efa.org/cms/default/dok/23 6/236455. we_are_not_untouchable@en.htm (accessed 10 January 2010).",http://www.greens-efa.org/cms/default/dok/236/236455.we_are_not_untouchable@en.htm | http://www.greens-efa.org/cms/default/dok/23,,,To do,,,,,,In the bibliography; no footnote matched to it | Web address corrected from the earlier audit (the book's text read: http://www.greens-efa.org) | download failed - live page: Page.goto: net::ERR_CERT_COMMON_NAME_INVALID at http://www.greens-efa.
BI_B319,Bibliography only,,,,URL,— ‘Homes’. 2005:2009. http://www.anathi.org/homes.html (accessed 10 January 2009).,BI_B319,BI_B319_Homes_2005-2009,— ‘Homes’. 2005:2009. http://www.anathi.org/homes.html (accessed 10 January 2009).,http://www.anathi.org/homes.html,,,To do,,,,,,In the bibliography; no footnote matched to it | download failed - live page: web server answered HTTP 500
BI_B333,Bibliography only,,,,Book/Print,"Hinduism Today. ‘Avalanche of Christian “Aid” Falls on India’. News, July/ August/September 2008.",BI_B333,BI_B333_Hinduism-Today_Avalanche-of-Christian-Aid-Falls-on-India,"Hinduism Today. ‘Avalanche of Christian “Aid” Falls on India’. News, July/ August/September 2008.",,,,To do,,,,,https://www.google.com/search?tbm=bks&q=Avalanche%20of%20Christian%20Aid%20Falls%20on%20India%20News%20July%20Hinduism%20Today,In the bibliography; no footnote matched to it
BI_B335,Bibliography only,,,,Book/Print,"Hinduism Today. ‘Symposium Om Muruga!’ News, May 1999.",BI_B335,BI_B335_Hinduism-Today_Symposium-Om-Muruga,"Hinduism Today. ‘Symposium Om Muruga!’ News, May 1999.",,,,To do,,,,,https://www.google.com/search?tbm=bks&q=Symposium%20Om%20Muruga%20News%20May%201999%20Hinduism%20Today,In the bibliography; no footnote matched to it
BI_B342,Bibliography only,,,,URL,"Houston, Drusilla Dunjee. Wonderful Ethiopians of the Ancient Cushite Empire. Forgotten Books, 1926:2007.",BI_B342,BI_B342_Houston_Wonderful-Ethiopians-of-the-Ancient-Cushite-Empire,"Houston, Drusilla Dunjee. Wonderful Ethiopians of the Ancient Cushite Empire. Forgotten Books, 1926:2007.",https://bezaspeaks.com/enkutatash/wonderful-ethiopians.pdf,,,On OneDrive,,BI_B342_Houston_Wonderful-Ethiopians-of-the-Ancient-Cushite-Empire_bezaspeaks-com.pdf,https://1drv.ms/b/c/ACD215A5F926CFCE/IQA1YVEMYfbyQaJHL4MrF6NrAdT9WxotLMSRE456DKwyw-g?download=1,,https://www.google.com/search?tbm=bks&q=Wonderful%20Ethiopians%20of%20the%20Ancient%20Cushite%20Empire%20Forgotten%20Books%20Houston,"Cited together with other sources in: BI_Ch12_10 (counted in 'most cited') | Web address from the earlier audit | CAUTION (earlier check): Original EPUB contained only chapters I-V. Replaced with a 137-page digital edition containing all 17 chapters and Final Word. Hogarth Blake 2008 edition, based on the 1926 text transcribed by Sacred Texts in 2004; not a facsimile of the cited 2007 Forgotten Books printing. | Download provenance: https://bezaspeaks.com/enkutatash/wonderful-ethiopians.pdf | Carried over from the earlier backup (A337_Houston_1926-text_2008-digital-edition_17-chapters.pdf)"
BI_B343,Bibliography only,,,,Book/Print,"Hoy os, Linda de. ‘Terrorism in South Asia: London’s Assault on the Nation- State’.. Executive Intelligence Review, 13 October 1995.",BI_B343,BI_B343_Hoy-Os_Terrorism-in-South-Asia-London-s-Assault,"Hoy os, Linda de. ‘Terrorism in South Asia: London’s Assault on the Nation- State’.. Executive Intelligence Review, 13 October 1995.",,,,To do,,,,,https://www.google.com/search?tbm=bks&q=Terrorism%20in%20South%20Asia%20London%20s%20Assault%20on%20the%20Hoy%20os,In the bibliography; no footnote matched to it
BI_B354,Bibliography only,,,,URL,— ‘Tribals Call Meeting after Bible Translation Attacks Their Beliefs’. 13 October 2008. http://www.samachaar.in/Jharkhand/Tribals_call_meeting_after_Bible_translation_attacks_their_beliefs_62021/ (accessed 18 October 2008).,BI_B354,BI_B354_Tribals-Call_13-October-2008,— ‘Tribals Call Meeting after Bible Translation Attacks Their Beliefs’. 13 October 2008. http://www.samachaar.in/Jharkhand/Tribals_call_meeting_after_Bible_translation_attacks_their_beliefs_62021/ (accessed 18 October 2008).,http://www.samachaar.in/Jharkhand/Tribals_call_meeting_after_Bible_translation_attacks_their_beliefs_62021/,,,On OneDrive,,BI_B354_Tribals-Call_13-October-2008_samachaar-in.pdf,https://1drv.ms/b/c/ACD215A5F926CFCE/IQDlykaptZXIRoYncQF5s5jCAR9GnPIXokwRAuAlxpTnUE8?download=1,,,"Cited together with other sources in: BI_Ch08_69, BI_Ch18_125 (counted in 'most cited') | Page saved as PDF (cover page + copy) from live page on 2026-10-09"
BI_B362,Bibliography only,,,,URL,— Networks m Europe. 2009. http://www.idsn.org/about-idsn/who-we-are/netv/orks-in-europe/ (accessed 12 January 2010).,BI_B362,BI_B362_Networks-M_2009,— Networks m Europe. 2009. http://www.idsn.org/about-idsn/who-we-are/netv/orks-in-europe/ (accessed 12 January 2010).,http://www.idsn.org/about-idsn/who-we-are/netv/orks-in-europe/,,,To do,,,,,,"Cited together with other sources in: BI_Ch17_02, BI_Ch17_06 (counted in 'most cited') | download failed - live page: web server answered HTTP 403"
BI_B364,Bibliography only,,,,URL,— Indian Institute of Dalit Studies. 2008 http://www.dalitstudies.org.in/ (accessed 2009).,BI_B364,BI_B364_Indian-Institute_2008,— Indian Institute of Dalit Studies. 2008 http://www.dalitstudies.org.in/ (accessed 2009).,http://www.dalitstudies.org.in/,,,To do,,,,,,"Cited together with other sources in: BI_Ch17_78, BI_Ch17_86, BI_Ch17_90, BI_Ch17_91, BI_Ch17_96 (counted in 'most cited') | download failed - live page: web server answered HTTP 523"
BI_B365,Bibliography only,,,,URL,"— International Organizations. 2008. http://www.dalitstudies.org.in/associates. php?link=Associatesf<Mlink=2 (accessed 2009). Ilaiah, Kancha, interview by Christianity Today. ‘Interview vdth Dr Kancha Ilaiah - Leading Dalit Rights Campaigner in India’ (12 November 2005).",BI_B365,BI_B365_International-Organizations_2008,"— International Organizations. 2008. http://www.dalitstudies.org.in/associates. php?link=Associatesf<Mlink=2 (accessed 2009). Ilaiah, Kancha, interview by Christianity Today. ‘Interview vdth Dr Kancha Ilaiah - Leading Dalit Rights Campaigner in India’ (12 November 2005).",http://www.dalitstudies.org.in/associates,,,To do,,,,,,"Cited together with other sources in: BI_Ch17_78, BI_Ch17_86, BI_Ch17_90, BI_Ch17_91, BI_Ch17_96 (counted in 'most cited') | download failed - live page: web server answered HTTP 523"
BI_B366,Bibliography only,,,,Book/Print,"— Post-Hindu India. New Delhi: Sage Publications, 2009.",BI_B366,BI_B366_Post-Hindu_New-Delhi-Sage-Publications,"— Post-Hindu India. New Delhi: Sage Publications, 2009.",,,,To do,,,,,https://www.google.com/search?tbm=bks&q=New%20Delhi%20Sage%20Publications%202009%20%E2%80%94%20Post-Hindu%20India,In the bibliography; no footnote matched to it
BI_B368,Bibliography only,,,,URL,— ‘I love you America - Part-!’. Illakkuvanar Suh’.kha Blog. August 2008. http://ilakkuvanar.sulekha.com/blog/post/2008/08/i-love-you-am erica • parti.htm (accessed 4 January 2009).,BI_B368,BI_B368_I-Love_Illakkuvanar-Suh,— ‘I love you America - Part-!’. Illakkuvanar Suh’.kha Blog. August 2008. http://ilakkuvanar.sulekha.com/blog/post/2008/08/i-love-you-am erica • parti.htm (accessed 4 January 2009).,http://ilakkuvanar.sulekha.com/blog/post/2008/08/i-love-you-am,,,To do,,,,,,"Cited together with other sources in: BI_Ch10_41, BI_Ch10_43, BI_Ch10_44 (counted in 'most cited') | download failed - live page: web server answered HTTP 404"
BI_B369,Bibliography only,,,,URL,— ‘I Love You Arnerica - Part-IV’. Ilakkuvanar Blog Sulekha. October 2008 http://ilakkuvanar.sulekha.com/blog/post/2003/10/i-love-you-america-part-iv.htm (accessed 4 January 2009).,BI_B369,BI_B369_I-Love_Ilakkuvanar-Blog-Sulekha,— ‘I Love You Arnerica - Part-IV’. Ilakkuvanar Blog Sulekha. October 2008 http://ilakkuvanar.sulekha.com/blog/post/2003/10/i-love-you-america-part-iv.htm (accessed 4 January 2009).,http://ilakkuvanar.sulekha.com/blog/post/2003/10/i-love-you-america-part-iv.htm,,,To do,,,,,,"Cited together with other sources in: BI_Ch10_41, BI_Ch10_43, BI_Ch10_44 (counted in 'most cited') | download failed - live page: web server answered HTTP 404"
BI_B370,Bibliography only,,,,URL,— ‘Sexual Assault on Christian Nun’. liakkuvanar Blog in Sulekha. October 2008. http://ilakkuvanar.sulekha.com]yblog/post/2008/10/the-sexual-assault-on-a-christian-nun.htm (accessed 4 January 2009).,BI_B370,BI_B370_Sexual-Assault_liakkuvanar-Blog-in-Sulekha,— ‘Sexual Assault on Christian Nun’. liakkuvanar Blog in Sulekha. October 2008. http://ilakkuvanar.sulekha.com]yblog/post/2008/10/the-sexual-assault-on-a-christian-nun.htm (accessed 4 January 2009).,http://ilakkuvanar.sulekha.com/blog/post/2008/10/the-sexual-assault-on-a-christian-nun.htm,,,To do,,,,,,"Cited together with other sources in: BI_Ch10_41, BI_Ch10_43, BI_Ch10_44 (counted in 'most cited') | Web address corrected from the earlier audit (the book's text read: http://ilakkuvanar.sulekha.com) | download failed - live page: web server answered HTTP 404"
BI_B371,Bibliography only,,,,Book/Print,"Illaiah, Kancha, interview by Daipayan Haider. ‘Institutes like IITs and IIMs should be closed down‘. Daily News and Analysis, 9 April 2006.",BI_B371,BI_B371_Illaiah_Institutes-like-IITs-and-IIMs-should-be,"Illaiah, Kancha, interview by Daipayan Haider. ‘Institutes like IITs and IIMs should be closed down‘. Daily News and Analysis, 9 April 2006.",,,,To do,,,,,https://www.google.com/search?tbm=bks&q=Institutes%20like%20IITs%20and%20IIMs%20should%20be%20closed%20down%20Illaiah,In the bibliography; no footnote matched to it
BI_B384,Bibliography only,,,,Book/Print,— ‘UN Set to Treat Caste as Human Rights Violation’. September 2009. indianchristians.in/news/content/view/3473/48/ (accessed December 2009).,BI_B384,BI_B384_Un-Set_September-2009,— ‘UN Set to Treat Caste as Human Rights Violation’. September 2009. indianchristians.in/news/content/view/3473/48/ (accessed December 2009).,,,,To do,,,,,https://www.google.com/search?tbm=bks&q=September%202009%20indianchristians%20in%20news%20content%20view%203473%2048%20%E2%80%94%20%E2%80%98UN%20Set%20to%20Treat%20Caste%20as%20Human%20Rights%20Violation%E2%80%99,Cited together with other sources in: BI_Ch20_19 (counted in 'most cited')
BI_B386,Bibliography only,,,,URL,"Institute of Asian Studies. Institute of Asian Studies. 2002. http://www.xlweb.com/heritage/asian/ (accessed August 23, 2009).",BI_B386,BI_B386_Institute-Of_Institute-of-Asian-Studies,"Institute of Asian Studies. Institute of Asian Studies. 2002. http://www.xlweb.com/heritage/asian/ (accessed August 23, 2009).",http://www.xlweb.com/heritage/asian/,,,To do,,,,,,"Cited together with other sources in: BI_Ch08_41, BI_Ch08_42, BI_Ch10_62 (counted in 'most cited') | download failed - live page: page is empty or is an error page, not a real copy"
BI_B395,Bibliography only,,,,Book/Print,"— ‘India: Caste Stronger than Religion?’ HAS Newsletter, November 2003.",BI_B395,BI_B395_India-Caste_India-Caste-Stronger-than-Religion,"— ‘India: Caste Stronger than Religion?’ HAS Newsletter, November 2003.",,,,To do,,,,,https://www.google.com/search?tbm=bks&q=India%20Caste%20Stronger%20than%20Religion%20HAS%20Newsletter%20November%202003%20%E2%80%94%20%E2%80%98India%3A%20Caste%20Stronger%20than%20Religion%3F%E2%80%99%20HAS%20Newsletter,"Cited together with other sources in: BI_Ch17_117, BI_Ch17_122, BI_Ch17_123 (counted in 'most cited')"
BI_B398,Bibliography only,,,,Book/Print,"Jalal, Ayesha. Self and Sovereignty: Individual and Community in South Asian Islam Since 1850. P<outledge, 2000.",BI_B398,BI_B398_Jalal_Self-and-Sovereignty-Individual-and-Community-in,"Jalal, Ayesha. Self and Sovereignty: Individual and Community in South Asian Islam Since 1850. P<outledge, 2000.",,,,To do,,,,,https://www.google.com/search?tbm=bks&q=Self%20and%20Sovereignty%20Individual%20and%20Community%20in%20South%20Asian%20Jalal,In the bibliography; no footnote matched to it
BI_B403,Bibliography only,,,,Book/Print,"Jesudhason, Hephzibah. ‘Synopsis of the paper’. The First International Conference of Early Christianity (held at New York). New York: Chennai: Institute of Asian Studies, 2005.",BI_B403,BI_B403_Jesudhason_Synopsis-of-the-paper,"Jesudhason, Hephzibah. ‘Synopsis of the paper’. The First International Conference of Early Christianity (held at New York). New York: Chennai: Institute of Asian Studies, 2005.",,,,To do,,,,,https://www.google.com/search?tbm=bks&q=Synopsis%20of%20the%20paper%20The%20First%20International%20Conference%20of%20Jesudhason,In the bibliography; no footnote matched to it
BI_B413,Bibliography only,,,,URL,— Joshua Project Overview. 2000:2009. http://joshuaproject.net/overview.pbp (accessed 11 August 2009).,BI_B413,BI_B413_Joshua-Project_2000-2009,— Joshua Project Overview. 2000:2009. http://joshuaproject.net/overview.pbp (accessed 11 August 2009).,http://joshuaproject.net/overview.php,https://web.archive.org/web/20100710060137/http://www.joshuaproject.net:80/overview.php,Snapshot found,On OneDrive,,BI_B413_Joshua-Project_2000-2009_joshuaproject-net.pdf,https://1drv.ms/b/c/ACD215A5F926CFCE/IQAkVdHf5-xnQ6DGIE9LXN3bAbNXb-q4zW8PoTF0uNuVEIQ?download=1,,,In the bibliography; no footnote matched to it | Web address corrected from the earlier audit (the book's text read: http://joshuaproject.net/overview.pbp) | Page saved as PDF (cover page + copy) from Wayback snapshot on 2026-10-09
BI_B414,Bibliography only,,,,URL,— ‘People-in-Country Profile Joshua Project’. Joshua Project Net. 2000:2009. http://www.joshuaproject.net/peopctry.php?rog3=IN&rop3 = 106893 (accessed 10 January 2009).,BI_B414,BI_B414_People-In_Joshua-Project-Net,— ‘People-in-Country Profile Joshua Project’. Joshua Project Net. 2000:2009. http://www.joshuaproject.net/peopctry.php?rog3=IN&rop3 = 106893 (accessed 10 January 2009).,http://www.joshuaproject.net/peopctry.php?rog3=IN&rop3=106893,https://web.archive.org/web/20071120062959/http://www.joshuaproject.net/peopctry.php?rop3=106893&rog3=IN,Snapshot found,On OneDrive,,BI_B414_People-In_Joshua-Project-Net_joshuaproject-net.pdf,https://1drv.ms/b/c/ACD215A5F926CFCE/IQA5ZyaZvAg3T45PTpAZdiilAQkf_uM1GyCJfYi8Ba3CsvE?download=1,,,In the bibliography; no footnote matched to it | Web address corrected from the earlier audit (the book's text read: http://www.joshuaproject.net/peopctry.php?rog3=IN&rop3) | Page saved as PDF (cover page + copy) from live page on 2026-10-09
BI_B415,Bibliography only,,,,URL,— ‘The 10/40 window’. 2001. http://www.joshuaproject.net/10-40-window. php (accessed 30 January 2009).,BI_B415,BI_B415_The-10_2001,— ‘The 10/40 window’. 2001. http://www.joshuaproject.net/10-40-window. php (accessed 30 January 2009).,http://www.joshuaproject.net/1.0-40-window.php,,,To do,,,,,,In the bibliography; no footnote matched to it | Web address corrected from the earlier audit (the book's text read: http://www.joshuaproject.net/10-40-window) | download failed - live page: web server answered HTTP 404
BI_B419,Bibliography only,,,,URL,— Kalaikaviri Off Campus University. 2004. http://www.kalaikaviri-offcamp.com/university.htm (accessed 10 April 2008).,BI_B419,BI_B419_Kalaikaviri-Off_2004,— Kalaikaviri Off Campus University. 2004. http://www.kalaikaviri-offcamp.com/university.htm (accessed 10 April 2008).,http://www.kalaikaviri-offcamp.com/university.htm,https://web.archive.org/web/20240113012443/http://www.kalaikaviri-offcamp.com/university.htm,Snapshot found,To do,,,,,,"Cited together with other sources in: BI_Ch08_82, BI_Ch08_87 (counted in 'most cited') | download failed - live page: Page.goto: net::ERR_NAME_NOT_RESOLVED at http://www.kalaikaviri-offcam / Wayback snapshot: page is empty or is an error page, not a real copy"
BI_B424,Bibliography only,,,,URL,Kashmir human rights site. Kashmir Human Rights News. 20 February 2008. http://kashmir.ahrchk.net/mainfile.php/news200208/193/ (accessed 12 January 2009).,BI_B424,BI_B424_Kashmir-Human_Kashmir-Human-Rights-News,Kashmir human rights site. Kashmir Human Rights News. 20 February 2008. http://kashmir.ahrchk.net/mainfile.php/news200208/193/ (accessed 12 January 2009).,http://kashmir.ahrchk.net/mainfile.php/news200208/193/,https://web.archive.org/web/20101203051616/http://kashmir.ahrchk.net/mainfile.php/news200208/193/,Snapshot found,On OneDrive,,BI_B424_Kashmir-Human_Kashmir-Human-Rights-News_kashmir-ahrchk-net.pdf,https://1drv.ms/b/c/ACD215A5F926CFCE/IQDsPKPc6M3NR6s-_Lai1lQpAY2YaUleeE70VURSCwvCqHw?download=1,,,In the bibliography; no footnote matched to it | Page saved as PDF (cover page + copy) from Wayback snapshot on 2026-10-09
BI_B430,Bibliography only,,,,Book/Print,"Kenoyer, Jonathan M. Ancient Cities of t he Indus Valley Civilization. Oxford University Press, 1998.",BI_B430,BI_B430_Kenoyer_Ancient-Cities-of-t-he-Indus-Valley,"Kenoyer, Jonathan M. Ancient Cities of t he Indus Valley Civilization. Oxford University Press, 1998.",,,,To do,,,,,https://www.google.com/search?tbm=bks&q=Ancient%20Cities%20of%20t%20he%20Indus%20Valley%20Civilization%20Oxford%20Kenoyer,In the bibliography; no footnote matched to it
BI_B433,Bibliography only,,,,URL,"— ‘Time for Musharaff to Go’. March 2007, 2007. http://www.countercurrent3.org/pak-khalid2//0307.htm (accessed 30 January 2009).",BI_B433,BI_B433_Time-For_March-2007,"— ‘Time for Musharaff to Go’. March 2007, 2007. http://www.countercurrent3.org/pak-khalid2//0307.htm (accessed 30 January 2009).",http://www.countercurrents.org/pak-khalid270307.htm,,,On OneDrive,,BI_B433_Time-For_March-2007_countercurrents-org.pdf,https://1drv.ms/b/c/ACD215A5F926CFCE/IQBPv3CatVyaQrOvKMt5BHqjAT88E0ZSiCRvPgLkZVh28b8?download=1,,,In the bibliography; no footnote matched to it | Web address corrected from the earlier audit (the book's text read: http://www.countercurrent3.org/pak-khalid2//0307.htm) | Page saved as PDF (cover page + copy) from live page on 2026-10-09
BI_B435,Bibliography only,,,,Book/Print,"Kramrisch, Stella. Presence of Siva. Princeton University Press, 1994.",BI_B435,BI_B435_Kramrisch_Presence-of-Siva,"Kramrisch, Stella. Presence of Siva. Princeton University Press, 1994.",,,,To do,,,,,https://www.google.com/search?tbm=bks&q=Presence%20of%20Siva%20Princeton%20University%20Press%201994%20Kramrisch,In the bibliography; no footnote matched to it
BI_B447,Bibliography only,,,,Book/Print,"Kumutham Reporter. ‘Super Star as Thiruvalluvar: Film Planned (Tamil)’. Kumutham Reporter, L7 July 2008.",BI_B447,BI_B447_Kumutham-Reporter_Super-Star-as-Thiruvalluvar-Film-Planned,"Kumutham Reporter. ‘Super Star as Thiruvalluvar: Film Planned (Tamil)’. Kumutham Reporter, L7 July 2008.",,,,To do,,,,,https://www.google.com/search?tbm=bks&q=Super%20Star%20as%20Thiruvalluvar%20Film%20Planned%20Tamil%20Kumutham%20Reporter%20Kumutham%20Reporter,"Cited together with other sources in: BI_Ch08_37, BI_Ch18_137 (counted in 'most cited')"
BI_B450,Bibliography only,,,,Book/Print,"Kutty, Govindan K. Seshan, an Intimate Biography. New Delhi: Konark, 1994.",BI_B450,BI_B450_Kutty_Seshan,"Kutty, Govindan K. Seshan, an Intimate Biography. New Delhi: Konark, 1994.",,,,To do,,,,,https://www.google.com/search?tbm=bks&q=Seshan%20an%20Intimate%20Biography%20New%20Delhi%20Konark%201994%20Kutty,Cited together with other sources in: BI_Ch10_15 (counted in 'most cited')
BI_B452,Bibliography only,,,,Book/Print,"Lal, B.B. ‘Thermo Luminescence Dating of Pottery from Sringuverapura - A Ramayana Site’. Proc . Indian Acad. Sciences (Earth Planet Sci.) 90 , no. 2 (July 1981): 161-172.",BI_B452,BI_B452_Lal_Thermo-Luminescence-Dating-of-Pottery-from-Sringuverapura,"Lal, B.B. ‘Thermo Luminescence Dating of Pottery from Sringuverapura - A Ramayana Site’. Proc . Indian Acad. Sciences (Earth Planet Sci.) 90 , no. 2 (July 1981): 161-172.",,,,To do,,,,,https://www.google.com/search?tbm=bks&q=Thermo%20Luminescence%20Dating%20of%20Pottery%20from%20Sringuverapura%20A%20Ramayana%20Lal,Cited together with other sources in: BI_Ch14_46 (counted in 'most cited')
BI_B455,Bibliography only,,,,URL,— ‘History and Heritage of the Lausanne Movement’. 1997:2009. http://www.lausanne.org/about.html (accessed 10 January 2009).,BI_B455,BI_B455_History-And_1997-2009,— ‘History and Heritage of the Lausanne Movement’. 1997:2009. http://www.lausanne.org/about.html (accessed 10 January 2009).,http://www.lausanne.org/about.html,,,On OneDrive,,BI_B455_History-And_1997-2009_lausanne-org.pdf,https://1drv.ms/b/c/ACD215A5F926CFCE/IQBkjesAyk2bTqVhhWPgBF83AcxLiPSZiPgHLdBilnXm85o?download=1,,,"Cited together with other sources in: BI_Ch13_02, BI_Ch13_03, BI_Ch13_05, BI_Ch13_06, BI_Ch13_07 (counted in 'most cited') | Page saved as PDF (cover page + copy) from live page on 2026-10-09"
BI_B456,Bibliography only,,,,URL,— ‘The Lausanne Occasional Papers (LOPs)’. 1997:2009. http://www.lausanne.org/dpcuments.html (accessed 30 January 2009).,BI_B456,BI_B456_The-Lausanne_1997-2009,— ‘The Lausanne Occasional Papers (LOPs)’. 1997:2009. http://www.lausanne.org/dpcuments.html (accessed 30 January 2009).,http://www.lausanne.org/documents.html,,,To do,,,,,,"Cited together with other sources in: BI_Ch13_02, BI_Ch13_03, BI_Ch13_05, BI_Ch13_06, BI_Ch13_07 (counted in 'most cited') | Web address corrected from the earlier audit (the book's text read: http://www.lausanne.org/dpcuments.html) | download failed - live page: web server answered HTTP 404"
BI_B474,Bibliography only,,,,URL,ls.berkeley.edu. People: Department of South and Southeast Asian Studies. 2005. http://ls.berkeley.edu/dept/sseas/people/faculty.html (accessed 10 February 2009).,BI_B474,BI_B474_Ls_People-Department-of-South-and-Southeast-Asian,ls.berkeley.edu. People: Department of South and Southeast Asian Studies. 2005. http://ls.berkeley.edu/dept/sseas/people/faculty.html (accessed 10 February 2009).,http://ls.berkeley.edu/dept/sseas/people/faculty.html,,,To do,,,,,,In the bibliography; no footnote matched to it | download failed - live page: web server answered HTTP 404
BI_B488,Bibliography only,,,,Book/Print,"— ‘Significance of Mayiladuthurai Find’. The Hindu, 1 May 2006.",BI_B488,BI_B488_Significance-Of_The-Hindu,"— ‘Significance of Mayiladuthurai Find’. The Hindu, 1 May 2006.",,,,To do,,,,,https://www.google.com/search?tbm=bks&q=The%20Hindu%201%20May%202006%20%E2%80%94%20%E2%80%98Significance%20of%20Mayiladuthurai%20Find%E2%80%99,"Cited together with other sources in: BI_Ch25_06, BI_Ch25_07 (counted in 'most cited')"
BI_B492,Bibliography only,,,,Book/Print,"Malaimurasu. ‘Badshah and Others Released’. (Tamil) News, 28 January 1997.",BI_B492,BI_B492_Malaimurasu_Badshah-and-Others-Released,"Malaimurasu. ‘Badshah and Others Released’. (Tamil) News, 28 January 1997.",,,,To do,,,,,https://www.google.com/search?tbm=bks&q=Badshah%20and%20Others%20Released%20Tamil%20News%2028%20January%201997%20Malaimurasu,In the bibliography; no footnote matched to it
BI_B497,Bibliography only,,,,URL,Mangalorean Star. Rev Fr Cedric Prakash. July 2004. http://mangalorean.com/browsearticles.php?arttype=mom&momid=21 (accessed 10 February 2009).,BI_B497,BI_B497_Mangalorean-Star_Rev-Fr-Cedric-Prakash,Mangalorean Star. Rev Fr Cedric Prakash. July 2004. http://mangalorean.com/browsearticles.php?arttype=mom&momid=21 (accessed 10 February 2009).,http://mangalorean.com/browsearticles.php?arttype=->mom&momid=21,,,To do,,,,,,In the bibliography; no footnote matched to it | Web address corrected from the earlier audit (the book's text read: http://mangalorean.com/browsearticles.php?arttype=mom&momid=21) | download failed - live page: web server answered HTTP 404
BI_B500,Bibliography only,,,,URL,— ‘Christmas May Become (Bloody) Good Fr.day in India’. 8 December 2008. http://masihivandana.conL''blog?'2008/12/08/christmas-may-become-bloody-good friday-in-india-vishal-mangalwadi/ (accessed 17 February 2010).,BI_B500,BI_B500_Christmas-May_8-December-2008,— ‘Christmas May Become (Bloody) Good Fr.day in India’. 8 December 2008. http://masihivandana.conL''blog?'2008/12/08/christmas-may-become-bloody-good friday-in-india-vishal-mangalwadi/ (accessed 17 February 2010).,http://masihivandana.conL,,,To do,,,,,,"Cited together with other sources in: BI_Ch18_14, BI_Ch18_15, BI_Ch19_03, BI_Ch19_20 (counted in 'most cited') | Earlier audit used a different address: http://masihivandana.com/blog/2008/12/08/christmas-may-become-bloody-goodfriday-in-india-vishal-mangalwadi/ | download failed - live page: Page.goto: net::ERR_NAME_NOT_RESOLVED at http://masihivandana.conl/"
BI_B501,Bibliography only,,,,Book/Print,"Margalwadi, Vishal. ‘Five ways to Salvation in Contemporary Guru ism’. Themelios 2, no. 3 (May 1977): 72-77.",BI_B501,BI_B501_Margalwadi_Five-ways-to-Salvation-in-Contemporary-Guru,"Margalwadi, Vishal. ‘Five ways to Salvation in Contemporary Guru ism’. Themelios 2, no. 3 (May 1977): 72-77.",,,,To do,,,,,https://www.google.com/search?tbm=bks&q=Five%20ways%20to%20Salvation%20in%20Contemporary%20Guru%20ism%20Themelios%20Margalwadi,In the bibliography; no footnote matched to it
BI_B502,Bibliography only,,,,Book/Print,"Mangalwadi, Vishal. ‘Hinduism in Double Trouble: Mao and Christi Come Together in Orissa’. Journal Chretien, November 2008.",BI_B502,BI_B502_Mangalwadi_Hinduism-in-Double-Trouble-Mao-and-Christi,"Mangalwadi, Vishal. ‘Hinduism in Double Trouble: Mao and Christi Come Together in Orissa’. Journal Chretien, November 2008.",,,,To do,,,,,https://www.google.com/search?tbm=bks&q=Hinduism%20in%20Double%20Trouble%20Mao%20and%20Christi%20Come%20Together%20Mangalwadi,"Cited together with other sources in: BI_Ch18_14, BI_Ch18_15, BI_Ch19_03, BI_Ch19_20 (counted in 'most cited')"
BI_B503,Bibliography only,,,,URL,— w’hy Do the Maoists Support Christians ? 8 December 2008. http://www.saksbitimes.com/index.php?option=com._content6ctask=view&id=352&Itemid=43 (accessed 10 January 2009).,BI_B503,BI_B503_W-Hy,— w’hy Do the Maoists Support Christians ? 8 December 2008. http://www.saksbitimes.com/index.php?option=com._content6ctask=view&id=352&Itemid=43 (accessed 10 January 2009).,http://www.sakshitimes.com/index.php?option=com_content&task=view&id=352&Itemid=43,,,To do,,,,,,"Cited together with other sources in: BI_Ch18_14, BI_Ch18_15, BI_Ch19_03, BI_Ch19_20 (counted in 'most cited') | Web address corrected from the earlier audit (the book's text read: http://www.saksbitimes.com/index.php?option=com._content6ctask=view&id=352&Itemid=43) | download failed - live page: Page.goto: net::ERR_NAME_NOT_RESOLVED at http://www.sakshitimes.com/in"
BI_B507,Bibliography only,,,,URL,Maranatha Christian Jo.'trnal. ‘Thousands of Christian Schools Planned in India'. June 2004. http://www.mcjonline.com/news/04a/20040601e.shtml (accessed 10 March 2005).,BI_B507,BI_B507_Maranatha-Christian_Thousands-of-Christian-Schools-Planned-in-India,Maranatha Christian Jo.'trnal. ‘Thousands of Christian Schools Planned in India'. June 2004. http://www.mcjonline.com/news/04a/20040601e.shtml (accessed 10 March 2005).,http://www.mcjonline.com/news/04a/20040601e.shtml,,,To do,,,,,,"In the bibliography; no footnote matched to it | download failed - live page: page is empty or is an error page, not a real copy"
BI_B510,Bibliography only,,,,Book/Print,"— ‘Dalit Freedom Network Petition on Anti-Conversion Laws, Message #4511’. Indo-Eurasian_research Yahoo Groups, 17 July 2006.",BI_B510,BI_B510_Dalit-Freedom_Indo-Eurasian-research-Yahoo-Groups,"— ‘Dalit Freedom Network Petition on Anti-Conversion Laws, Message #4511’. Indo-Eurasian_research Yahoo Groups, 17 July 2006.",,,,To do,,,,,https://www.google.com/search?tbm=bks&q=Indo%20Eurasian_research%20Yahoo%20Groups%2017%20July%202006%20%E2%80%94%20%E2%80%98Dalit%20Freedom%20Network%20Petition%20on%20Anti-Conversion%20Laws,Cited together with other sources in: BI_Ch13_39 (counted in 'most cited')
BI_B512,Bibliography only,,,,URL,— ‘Free the Dalit: Blog or Benjamin Mash’. 6 August 2008. http://freethedalit.blogspot.com/2008/08/book-arrow-of-blue-skinned-god.html (accessed 1 December 2008).,BI_B512,BI_B512_Free-The_6-August-2008,— ‘Free the Dalit: Blog or Benjamin Mash’. 6 August 2008. http://freethedalit.blogspot.com/2008/08/book-arrow-of-blue-skinned-god.html (accessed 1 December 2008).,http://freethedalit.blogspot.com/2008/08/book-arrow-of-blue-skinned-god.html,,,To do,,,,,,"Cited together with other sources in: BI_Ch14_01, BI_Ch14_02, BI_Ch14_03 (counted in 'most cited') | download failed - live page: web server answered HTTP 404"
BI_B519,Bibliography only,,,,Book/Print,"McCann, James G., and Kent, R weaver. Think Tanks and Civil Societies. Transaction Publishers, 2002.",BI_B519,BI_B519_Mccann_Think-Tanks-and-Civil-Societies,"McCann, James G., and Kent, R weaver. Think Tanks and Civil Societies. Transaction Publishers, 2002.",,,,To do,,,,,https://www.google.com/search?tbm=bks&q=Think%20Tanks%20and%20Civil%20Societies%20Transaction%20Publishers%202002%20McCann,In the bibliography; no footnote matched to it
BI_B520,Bibliography only,,,,Book/Print,"McCavran, Donald. ‘Letter to the Editor’. Christianity Today, 12 October 1983.",BI_B520,BI_B520_Mccavran_Letter-to-the-Editor,"McCavran, Donald. ‘Letter to the Editor’. Christianity Today, 12 October 1983.",,,,To do,,,,,https://www.google.com/search?tbm=bks&q=Letter%20to%20the%20Editor%20Christianity%20Today%2012%20October%201983%20McCavran,In the bibliography; no footnote matched to it
BI_B526,Bibliography only,,,,Book/Print,"Mehta, Pratap Bhanu. ‘An Unconscionable Act’. The Indian Express, 15 April 2009.",BI_B526,BI_B526_Mehta_An-Unconscionable-Act,"Mehta, Pratap Bhanu. ‘An Unconscionable Act’. The Indian Express, 15 April 2009.",,,,To do,,,,,https://www.google.com/search?tbm=bks&q=An%20Unconscionable%20Act%20The%20Indian%20Express%2015%20April%202009%20Mehta,In the bibliography; no footnote matched to it
BI_B535,Bibliography only,,,,URL,Ministry watcn. 'Ministry Watch Profile for GFA\ 2008. http://ministrywatch.org/profile/gospel-for-asia.aspx (accessed 30 January 2010).,BI_B535,BI_B535_Ministry-Watcn_Ministry-Watch-Profile-for-GFA-2008,Ministry watcn. 'Ministry Watch Profile for GFA\ 2008. http://ministrywatch.org/profile/gospel-for-asia.aspx (accessed 30 January 2010).,http://ministrywatch.org/profile/gospel-for-asia.aspx,,,On OneDrive,,BI_B535_Ministry-Watcn_Ministry-Watch-Profile-for-GFA-2008_ministrywatch-org.pdf,https://1drv.ms/b/c/ACD215A5F926CFCE/IQAmVizDG1heR51xp5rj1PY0AfzVEVcrmdC6RJSKolQUXhc?download=1,,,In the bibliography; no footnote matched to it | Page saved as PDF (cover page + copy) from live page on 2026-10-09
BI_B549,Bibliography only,,,,URL,"— ‘Tamil Thirumurai Thirumanam (Marriage)’, www.dheivathamizh.org org. 14 May 2009. http://www.dheivathamizh.org/thirumurai_thirumanam. html (accessed 21 January 2010).",BI_B549,BI_B549_Tamil-Thirumurai_14-May-2009,"— ‘Tamil Thirumurai Thirumanam (Marriage)’, www.dheivathamizh.org org. 14 May 2009. http://www.dheivathamizh.org/thirumurai_thirumanam. html (accessed 21 January 2010).",http://www.dheivathamizh.org/thirumurai_thirumanam.html | http://www.dheivathamizh.org/thirumurai_thirumanam,https://web.archive.org/web/20240809050637/http://www.dheivathamizh.org/thirumurai_thirumanam.html,Snapshot found,On OneDrive,,BI_B549_Tamil-Thirumurai_14-May-2009_dheivathamizh-org.pdf,https://1drv.ms/b/c/ACD215A5F926CFCE/IQDOVfg4WtUNR7qejr5CNFdVAUbbPHzlGIwLxWKaCbwXq3I?download=1,,,Cited together with other sources in: BI_Ch09_69 (counted in 'most cited') | Web address corrected from the earlier audit (the book's text read: http://www.dheivathamizh.org) | Page saved as PDF (cover page + copy) from live page on 2026-10-09
BI_B558,Bibliography only,,,,Book/Print,"— ‘Calling India’s Freethinkers’. The Hindu, 22 May 2004.",BI_B558,BI_B558_Calling-India_The-Hindu,"— ‘Calling India’s Freethinkers’. The Hindu, 22 May 2004.",,,,To do,,,,,https://www.google.com/search?tbm=bks&q=The%20Hindu%2022%20May%202004%20%E2%80%94%20%E2%80%98Calling%20India%E2%80%99s%20Freethinkers%E2%80%99,"Cited together with other sources in: BI_Ch14_55, BI_Ch14_56 (counted in 'most cited')"
BI_B566,Bibliography only,,,,URL,— Dalit Task Force: Church. 2006. http://nccidalittaskffjrce.com/dalit-task-force/church.html (accessed 10 August 2008).,BI_B566,BI_B566_Dalit-Task_2006,— Dalit Task Force: Church. 2006. http://nccidalittaskffjrce.com/dalit-task-force/church.html (accessed 10 August 2008).,http://nccidalittaskforce.com/dalit-task-force/church.html,,,To do,,,,,,"Cited together with other sources in: BI_Ch17_04, BI_Ch17_05, BI_Ch17_08, BI_Ch17_67 (counted in 'most cited') | Web address corrected from the earlier audit (the book's text read: http://nccidalittaskffjrce.com/dalit-task-force/church.html) | download failed - live page: Page.goto: net::ERR_NAME_NOT_RESOLVED at http://nccidalittaskforce.com"
BI_B567,Bibliography only,,,,URL,— Dalit Task Force: AbtJut. 2006. http://wwAJnccidalitLaskforce.com/dalit-task-foice/about.html (accessed 10 August 2008).,BI_B567,BI_B567_Dalit-Task_2006,— Dalit Task Force: AbtJut. 2006. http://wwAJnccidalitLaskforce.com/dalit-task-foice/about.html (accessed 10 August 2008).,http://www.nccidalittaskforce.com/dalit-task-force/about.html,https://web.archive.org/web/20080704164736/http://www.nccidalittaskforce.com/dalit-task-force/about.html,Snapshot found,On OneDrive,,BI_B567_Dalit-Task_2006_nccidalittaskforce-com.pdf,https://1drv.ms/b/c/ACD215A5F926CFCE/IQCarkGI6PllTZ0fMyFxtlU9AYgjWgEmY4t8JaPI-kUuaVo?download=1,,,"Cited together with other sources in: BI_Ch17_04, BI_Ch17_05, BI_Ch17_08, BI_Ch17_67 (counted in 'most cited') | Web address corrected from the earlier audit (the book's text read: http://wwAJnccidalitLaskforce.com/dalit-task-foice/about.html) | Page saved as PDF (cover page + copy) from Wayback snapshot on 2026-10-09"
BI_B568,Bibliography only,,,,URL,— Me mbers: Dalit Task Force. 2006. http://nccidalittaskforce.com/dalit-task-force/members.html (accessed 2008).,BI_B568,BI_B568_Me-Mbers_2006,— Me mbers: Dalit Task Force. 2006. http://nccidalittaskforce.com/dalit-task-force/members.html (accessed 2008).,http://nccidalittaskforce.com/dalit-task-force/members.html,https://web.archive.org/web/20080704164609/http://www.nccidalittaskforce.com/dalit-task-force/members.html,Snapshot found,On OneDrive,,BI_B568_Me-Mbers_2006_nccidalittaskforce-com.pdf,https://1drv.ms/b/c/ACD215A5F926CFCE/IQBPRInVFCowTrppNzVp5xwkAf18cyBkY--KJBEmeLNYcrA?download=1,,,"Cited together with other sources in: BI_Ch17_04, BI_Ch17_05, BI_Ch17_08, BI_Ch17_67 (counted in 'most cited') | Page saved as PDF (cover page + copy) from Wayback snapshot on 2026-10-09"
BI_B576,Bibliography only,,,,Book/Print,"New York Times. ‘Hindu Nationalists Are Enrolling and Enlisting, India’s Poor’. News, 13 May 2002.",BI_B576,BI_B576_New-York_Hindu-Nationalists-Are-Enrolling-and-Enlisting,"New York Times. ‘Hindu Nationalists Are Enrolling and Enlisting, India’s Poor’. News, 13 May 2002.",,,,To do,,,,,https://www.google.com/search?tbm=bks&q=Hindu%20Nationalists%20Are%20Enrolling%20and%20Enlisting%20India%20s%20Poor%20New%20York%20Times,In the bibliography; no footnote matched to it
BI_B581,Bibliography only,,,,URL,"Noll, Mark. ‘The Doctrine Doctor’. Christianity Today, December (Web- only), 2004. December 2004. http://www.christianitytoday.com/ct/2004/decemberweb-only/12-27-42.0.html (accessed 12 February 2009).",BI_B581,BI_B581_Noll_The-Doctrine-Doctor,"Noll, Mark. ‘The Doctrine Doctor’. Christianity Today, December (Web- only), 2004. December 2004. http://www.christianitytoday.com/ct/2004/decemberweb-only/12-27-42.0.html (accessed 12 February 2009).",http://www.christianitytoday.com/ct/2004/decemberweb-only/12-27-42.0.html,https://web.archive.org/web/20240714140623/https://www.christianitytoday.com/ct/2004/decemberweb-only/12-27-42.0.html,Snapshot found,On OneDrive,,BI_B581_Noll_The-Doctrine-Doctor_christianitytoday-com.pdf,https://1drv.ms/b/c/ACD215A5F926CFCE/IQBhMFNNODI5QY5uGXCSjq5cAcau-Ok5hTief1UwunAt77A?download=1,,,In the bibliography; no footnote matched to it | Page saved as PDF (cover page + copy) from live page on 2026-10-09
BI_B584,Bibliography only,,,,Book/Print,"— ‘Against Academic Boycott’. Dissent, Spring Issue 2007.",BI_B584,BI_B584_Against-Academic_Dissent,"— ‘Against Academic Boycott’. Dissent, Spring Issue 2007.",,,,To do,,,,,https://www.google.com/search?tbm=bks&q=Dissent%20Spring%20Issue%202007%20%E2%80%94%20%E2%80%98Against%20Academic%20Boycott%E2%80%99,"Cited together with other sources in: BI_Ch14_16, BI_Ch14_17, BI_Ch14_18, BI_Ch14_21, BI_Ch14_22, BI_Ch14_23 (counted in 'most cited')"
BI_B586,Bibliography only,,,,Book/Print,"— The Clash Within: Democracy Religions Violence and India's Future. Harvard University Press, 2007.",BI_B586,BI_B586_The-Clash_Harvard-University-Press,"— The Clash Within: Democracy Religions Violence and India's Future. Harvard University Press, 2007.",,,,To do,,,,,https://www.google.com/search?tbm=bks&q=Harvard%20University%20Press%202007%20%E2%80%94%20The%20Clash%20Within%3A%20Democracy%20Religions%20Violence%20and%20India%27s%20Future,"Cited together with other sources in: BI_Ch14_16, BI_Ch14_17, BI_Ch14_18, BI_Ch14_21, BI_Ch14_22, BI_Ch14_23 (counted in 'most cited')"
BI_B600,Bibliography only,,,,Book/Print,"— ‘Caste, Race and Sociologists I 8c IP. The Hindu, 18 8c 19 October 2001.",BI_B600,BI_B600_Caste_The-Hindu,"— ‘Caste, Race and Sociologists I 8c IP. The Hindu, 18 8c 19 October 2001.",,,,To do,,,,,https://www.google.com/search?tbm=bks&q=The%20Hindu%2018%208c%2019%20October%202001%20%E2%80%94%20%E2%80%98Caste,"Cited together with other sources in: BI_Ch17_132, BI_Ch17_136, BI_Ch17_138, BI_Ch17_139 (counted in 'most cited')"
BI_B603,Bibliography only,,,,Book/Print,"— ‘The Dalits: Dynamic Upsurge’. The Week, 30 December 2001.",BI_B603,BI_B603_The-Dalits_The-Week,"— ‘The Dalits: Dynamic Upsurge’. The Week, 30 December 2001.",,,,To do,,,,,https://www.google.com/search?tbm=bks&q=The%20Week%2030%20December%202001%20%E2%80%94%20%E2%80%98The%20Dalits%3A%20Dynamic%20Upsurge%E2%80%99,"Cited together with other sources in: BI_Ch17_132, BI_Ch17_136, BI_Ch17_138, BI_Ch17_139 (counted in 'most cited')"
BI_B612,Bibliography only,,,,Book/Print,"Pels; Peter. ‘From Texts to Bodies - Brian Houghton Hodson and The Emergence of Ethnology in India’. In Anthropology and Colonialism in Asia and Oceania, by Jan van Brernan and Akitoshi Shimizu. Routledge, 1999.",BI_B612,BI_B612_Pels-Peter_From-Texts-to-Bodies-Brian-Houghton-Hodson,"Pels; Peter. ‘From Texts to Bodies - Brian Houghton Hodson and The Emergence of Ethnology in India’. In Anthropology and Colonialism in Asia and Oceania, by Jan van Brernan and Akitoshi Shimizu. Routledge, 1999.",,,,To do,,,,,https://www.google.com/search?tbm=bks&q=From%20Texts%20to%20Bodies%20Brian%20Houghton%20Hodson%20and%20The%20Pels%3B%20Peter,In the bibliography; no footnote matched to it
BI_B614,Bibliography only,,,,URL,— ‘Sources of Data for the Report’. 2009 http://pewforum.org/docs/?DocID=500#Sources (accessed 5 January 2010).,BI_B614,BI_B614_Sources-Of_2009,— ‘Sources of Data for the Report’. 2009 http://pewforum.org/docs/?DocID=500#Sources (accessed 5 January 2010).,http://pewforum.org/docs/?DocID=500#Sources,,,To do,,,,,,"Cited together with other sources in: BI_Ch15_50, BI_Ch15_51, BI_Ch15_53 (counted in 'most cited') | download failed - live page: web server answered HTTP 404"
BI_B615,Bibliography only,,,,Book/Print,pewrorum.org. ‘Transciipt: Global Restrictions on Religion’. Pew Forum. 2009. ht:p://pewforum.org/events/?EventID:=223 (accessed 2010).,BI_B615,BI_B615_Pewrorum_Transciipt-Global-Restrictions-on-Religion,pewrorum.org. ‘Transciipt: Global Restrictions on Religion’. Pew Forum. 2009. ht:p://pewforum.org/events/?EventID:=223 (accessed 2010).,,,,To do,,,,,https://www.google.com/search?tbm=bks&q=Transciipt%20Global%20Restrictions%20on%20Religion%20Pew%20Forum%202009%20ht%20pewrorum.org,In the bibliography; no footnote matched to it
BI_B619,Bibliography only,,,,Book/Print,"Pictet. 95-96. Olender, 1992.",BI_B619,BI_B619_Pictet_95-96,"Pictet. 95-96. Olender, 1992.",,,,To do,,,,,https://www.google.com/search?tbm=bks&q=95%2096%20Olender%201992%20Pictet,"Cited together with other sources in: BI_Ch03_23, BI_Ch03_24 (counted in 'most cited')"
BI_B620,Bibliography only,,,,Book/Print,"Pictet. 103-104. Olender, 1992.",BI_B620,BI_B620_Pictet_103-104,"Pictet. 103-104. Olender, 1992.",,,,To do,,,,,https://www.google.com/search?tbm=bks&q=103%20104%20Olender%201992%20Pictet,"Cited together with other sources in: BI_Ch03_23, BI_Ch03_24 (counted in 'most cited')"
BI_B624,Bibliography only,,,,Book/Print,"Pillai, Nallaswami. Studies in Saiva-Siddhanta. BiblioBazaar, LLC, 1911:2009.",BI_B624,BI_B624_Pillai_Studies-in-Saiva-Siddhanta,"Pillai, Nallaswami. Studies in Saiva-Siddhanta. BiblioBazaar, LLC, 1911:2009.",,,,On OneDrive,,BI_B624_Pillai_Studies-in-Saiva-Siddhanta.pdf,https://1drv.ms/b/c/ACD215A5F926CFCE/IQAZWOo7ztcFToFWk2_3XcITASyao3riMLzirStFQ1hAV94?download=1,,https://www.google.com/search?tbm=bks&q=Studies%20in%20Saiva%20Siddhanta%20BiblioBazaar%20LLC%201911%202009%20Pillai,"In the bibliography; no footnote matched to it | Earlier check: Public domain (pub. 1911, pre-1930). Downloaded from archive.org. | Carried over from the earlier backup (A612_Pillai_1911_Studies-in-Saiva-Siddhanta.pdf)"
BI_B629,Bibliography only,,,,URL,"— ‘Congressional Record’, frwebgate.access.gpo.gov. 18 June 2002. http://frwebgate.access.gpo.gov/cgi-bin/getpage.cgi?dbname=2002_record&page=H3612&position=all (accessed 4 May 2009).",BI_B629,BI_B629_Congressional-Record_18-June-2002,"— ‘Congressional Record’, frwebgate.access.gpo.gov. 18 June 2002. http://frwebgate.access.gpo.gov/cgi-bin/getpage.cgi?dbname=2002_record&page=H3612&position=all (accessed 4 May 2009).",http://frwebgate.access.gpo.gov/cgi-bin/getpage.cgi?dbname=2002_record&page=H3612&position=all,,,On OneDrive,,BI_B629_Congressional-Record_18-June-2002_frwebgate-access-gpo-gov.pdf,https://1drv.ms/b/c/ACD215A5F926CFCE/IQAa7ITjJMNuRLOqpt8-ofBQAXKUic83tTHnUkRoK0mMI0k?download=1,,,"Cited together with other sources in: BI_Ch13_90, BI_Ch13_124 (counted in 'most cited') | Page saved as PDF (cover page + copy) from live page on 2026-10-09"
BI_B631,Bibliography only,,,,Book/Print,"Polo, Marco. Travels of Marco Polo. Translated by Aldo Ricci. Routledge, 2004.",BI_B631,BI_B631_Polo_Travels-of-Marco-Polo,"Polo, Marco. Travels of Marco Polo. Translated by Aldo Ricci. Routledge, 2004.",,,,To do,,,,,https://www.google.com/search?tbm=bks&q=Travels%20of%20Marco%20Polo%20Translated%20by%20Aldo%20Ricci%20Routledge%20Polo,In the bibliography; no footnote matched to it
BI_B634,Bibliography only,,,,Social post,"Prabhan, Sajith. ‘Parody of Janaganamana by Christians’. Sajith Prabhan's Channel. 2006. http://www.youtube.com/watch?v=zDpIn03gEi8 (accessed 10 February 2010).",BI_B634,BI_B634_Prabhan_Parody-of-Janaganamana-by-Christians,"Prabhan, Sajith. ‘Parody of Janaganamana by Christians’. Sajith Prabhan's Channel. 2006. http://www.youtube.com/watch?v=zDpIn03gEi8 (accessed 10 February 2010).",http://www.youtube.com/watch?v=zDpIn03gEi8,https://web.archive.org/web/20230409103742/https://www.youtube.com/watch?v=zDpIn03gEi8,Snapshot found,On OneDrive,,BI_B634_Prabhan_Parody-of-Janaganamana-by-Christians_youtube-com.pdf,https://1drv.ms/b/c/ACD215A5F926CFCE/IQDejp9CXtPtT4fiQNNcN_k0ATyXYHUCLKtYd4NdEE40_zI?download=1,,,In the bibliography; no footnote matched to it | Page saved as PDF (cover page + copy) from live page on 2026-10-09
BI_B635,Bibliography only,,,,Social post,— ‘Parody of Janaganamana by Christians\ Sajith Prabhan's Channel. 2009. http://www.youtube.com/watch?v=5bO21MQlLtI (accessed 10 February 2010).,BI_B635,BI_B635_Parody-Of_2009,— ‘Parody of Janaganamana by Christians\ Sajith Prabhan's Channel. 2009. http://www.youtube.com/watch?v=5bO21MQlLtI (accessed 10 February 2010).,http://www.youtube.com/watch?v=5b021MQI1LtI,,,On OneDrive,,BI_B635_Parody-Of_2009_youtube-com.pdf,https://1drv.ms/b/c/ACD215A5F926CFCE/IQD5qqifJdWaQY2AKnjRCoetAci6oyNumpLmvfiVz4xv-jk?download=1,,,In the bibliography; no footnote matched to it | Web address corrected from the earlier audit (the book's text read: http://www.youtube.com/watch?v=5bO21MQlLtI) | Page saved as PDF (cover page + copy) from live page on 2026-10-09
BI_B637,Bibliography only,,,,URL,— Prajapathi Alleluia Prayer Fellowship Testimonial. 2007. http://prajapathi.net/testimonial.html (accessed September 2009).,BI_B637,BI_B637_Prajapathi-Alleluia_2007,— Prajapathi Alleluia Prayer Fellowship Testimonial. 2007. http://prajapathi.net/testimonial.html (accessed September 2009).,http://prajapathi.net/testimonial.html,,,To do,,,,,,Cited together with other sources in: BI_Ch08_66 (counted in 'most cited') | download failed - live page: Page.goto: net::ERR_NAME_NOT_RESOLVED at http://prajapathi.net/testimo
BI_B639,Bibliography only,,,,Book/Print,"Prakash, Ved. Encyclopaedia of North-East India. Vol. S. Atlantic Publishers and Distributors, 2007.",BI_B639,BI_B639_Prakash_Encyclopaedia-of-North-East-India,"Prakash, Ved. Encyclopaedia of North-East India. Vol. S. Atlantic Publishers and Distributors, 2007.",,,,To do,,,,,https://www.google.com/search?tbm=bks&q=Encyclopaedia%20of%20North%20East%20India%20Vol%20S%20Atlantic%20Publishers%20Prakash,In the bibliography; no footnote matched to it
BI_B640,Bibliography only,,,,URL,Prakriti Foundation. Prakriti Foundation Inintation. 8 December 2006. http://www.prakritifoundation.com/inv/kf.html (accessed 10 August 2009).,BI_B640,BI_B640_Prakriti-Foundation_Prakriti-Foundation-Inintation,Prakriti Foundation. Prakriti Foundation Inintation. 8 December 2006. http://www.prakritifoundation.com/inv/kf.html (accessed 10 August 2009).,http://www.prakritifoundation.com/inv/kf.html,,,To do,,,,,,In the bibliography; no footnote matched to it | download failed - live page: web server answered HTTP 404
BI_B641,Bibliography only,,,,Book/Print,"Pra^sad, Vijay. The Karma of Prown Folk. University of Minnesota Pniss, 2000.",BI_B641,BI_B641_Pra-Sad_The-Karma-of-Prown-Folk,"Pra^sad, Vijay. The Karma of Prown Folk. University of Minnesota Pniss, 2000.",,,,To do,,,,,https://www.google.com/search?tbm=bks&q=The%20Karma%20of%20Prown%20Folk%20University%20of%20Minnesota%20Pniss%20Pra%5Esad,In the bibliography; no footnote matched to it
BI_B642,Bibliography only,,,,URL,"Frashad, Vijay. ‘An Afro-Dalit Story: Badges of Color’. March 2000. www.zmag.com (accessed 29 March 2009).",BI_B642,BI_B642_Frashad_An-Afro-Dalit-Story-Badges-of-Color,"Frashad, Vijay. ‘An Afro-Dalit Story: Badges of Color’. March 2000. www.zmag.com (accessed 29 March 2009).",http://www.zmag.com,,,On OneDrive,,BI_B642_Frashad_An-Afro-Dalit-Story-Badges-of-Color_zmag-com.pdf,https://1drv.ms/b/c/ACD215A5F926CFCE/IQDppQoscoxYTpbv4MwcYhDvAaHj-yJYHXYuoyDTso2S0_M?download=1,,,In the bibliography; no footnote matched to it | Page saved as PDF (cover page + copy) from live page on 2026-10-09
BI_B643,Bibliography only,,,,Book/Print,"— ‘Eastward, Evangelical Soldiers!’ Frontline, 25 February 2005.",BI_B643,BI_B643_Eastward_Eastward,"— ‘Eastward, Evangelical Soldiers!’ Frontline, 25 February 2005.",,,,To do,,,,,https://www.google.com/search?tbm=bks&q=Eastward%20Evangelical%20Soldiers%20Frontline%2025%20February%202005%20%E2%80%94%20%E2%80%98Eastward,In the bibliography; no footnote matched to it
BI_B645,Bibliography only,,,,URL,Project Eleanor. ‘Brief biographies of members of the Sub-Commission’. 2004. httpV/www.pro jecteleanor.com/2004/bios.html (accessed 10 August 2009).,BI_B645,BI_B645_Project-Eleanor_Brief-biographies-of-members-of-the-Sub,Project Eleanor. ‘Brief biographies of members of the Sub-Commission’. 2004. httpV/www.pro jecteleanor.com/2004/bios.html (accessed 10 August 2009).,http://www.projectelzanor.com/2004/bios.html,,,To do,,,,,,In the bibliography; no footnote matched to it | Web address corrected from the earlier audit (the book's text read: http://www.pro) | download failed - live page: Page.goto: net::ERR_NAME_NOT_RESOLVED at http://www.projectelzanor.com
BI_B650,Bibliography only,,,,Book/Print,"PTI. ‘Tribals doubts EU teams Kandhamal visit, seek reply from state’. News, Press: Trust of India, 6 February 2010.",BI_B650,BI_B650_Pti_Tribals-doubts-EU-teams-Kandhamal-visit,"PTI. ‘Tribals doubts EU teams Kandhamal visit, seek reply from state’. News, Press: Trust of India, 6 February 2010.",,,,To do,,,,,https://www.google.com/search?tbm=bks&q=Tribals%20doubts%20EU%20teams%20Kandhamal%20visit%20seek%20reply%20from%20PTI,"Cited together with other sources in: BI_Ch19_15, BI_Ch19_38, BI_Ch19_52 (counted in 'most cited')"
BI_B662,Bibliography only,,,,Book/Print,"— “‘Jews of India” Get Closer to Jews’. Dalit Voice, February 2008.",BI_B662,BI_B662_Jews-Of_Dalit-Voice,"— “‘Jews of India” Get Closer to Jews’. Dalit Voice, February 2008.",,,,To do,,,,,https://www.google.com/search?tbm=bks&q=Dalit%20Voice%20February%202008%20%E2%80%94%20%E2%80%9C%E2%80%98Jews%20of%20India%E2%80%9D%20Get%20Closer%20to%20Jews%E2%80%99,Cited together with other sources in: BI_Ch17_109 (counted in 'most cited')
BI_B678,Bibliography only,,,,URL,"Rao, P.N. ‘Entropic evidence .^or linguistic structure in the Indus script’. Science. 23 April 2009. http://www.sciencemag.org/cgEcontent/ab.stract/n70391 (accessed 1 November 2009).",BI_B678,BI_B678_Rao_Entropic-evidence,"Rao, P.N. ‘Entropic evidence .^or linguistic structure in the Indus script’. Science. 23 April 2009. http://www.sciencemag.org/cgEcontent/ab.stract/n70391 (accessed 1 November 2009).",http://www.sciencemag.org/cgi/content/abstract/1170391,https://web.archive.org/web/20090601004724/http://www.sciencemag.org/cgi/content/abstract/1170391,Snapshot found,On OneDrive,,BI_B678_Rao_Entropic-evidence_sciencemag-org.pdf,https://1drv.ms/b/c/ACD215A5F926CFCE/IQDqiBRXCrBZSpgiq1GM354AAeXbF1X_RiecquSM4M9VXXw?download=1,,,"Cited together with other sources in: BI_Ch19_63, BI_Ch25_12 (counted in 'most cited') | Web address corrected from the earlier audit (the book's text read: http://www.sciencemag.org/cgEcontent/ab.stract/n70391) | Page saved as PDF (cover page + copy) from Wayback snapshot on 2026-10-09"
BI_B680,Bibliography only,,,,URL,Rawat Publications. Social Justice Philanthropy. 2002:2009. http://www.rawatbooks.com/ShowDetails.ASP?BookID=1921 (accessed 20 February 2010).,BI_B680,BI_B680_Rawat-Publications_Social-Justice-Philanthropy,Rawat Publications. Social Justice Philanthropy. 2002:2009. http://www.rawatbooks.com/ShowDetails.ASP?BookID=1921 (accessed 20 February 2010).,http://www.rawatbooks.com/ShowDetails.ASP?BookID=1921,,,To do,,,,,,In the bibliography; no footnote matched to it | download failed - live page: web server answered HTTP 404
BI_B684,Bibliography only,,,,URL,"— Lashkar Could Target Madurai's Meenakshi Tem,pl^: IB. 28 July 2008. http://www.rediff.com/news/2008/jul/26terror.htm (accessed 30 July 2008).",BI_B684,BI_B684_Lashkar-Could_28-July-2008,"— Lashkar Could Target Madurai's Meenakshi Tem,pl^: IB. 28 July 2008. http://www.rediff.com/news/2008/jul/26terror.htm (accessed 30 July 2008).",http://www.rediff.com/news/2008/jul/26terror.htm,,,On OneDrive,,BI_B684_Lashkar-Could_28-July-2008_rediff-com.pdf,https://1drv.ms/b/c/ACD215A5F926CFCE/IQCNDWzMe3c2TpNlyxL111kHAWB6AZWKBDAdW44UD9FgmGA?download=1,,,Cited together with other sources in: BI_Ch19_142 (counted in 'most cited') | Page saved as PDF (cover page + copy) from live page on 2026-10-09
BI_B708,Bibliography only,,,,URL,samatha.in. ‘UN set to treat caste as human rights violation’. September 2009. http://samatha.in/2009/10/08/un-set-to-treat-caste-as-huinan-rights-violation/ (accessed December 2009).,BI_B708,BI_B708_Samatha_UN-set-to-treat-caste-as-human,samatha.in. ‘UN set to treat caste as human rights violation’. September 2009. http://samatha.in/2009/10/08/un-set-to-treat-caste-as-huinan-rights-violation/ (accessed December 2009).,http://samatha.in/2009/10/08/un-set-to-treat-caste-as-huinan-rights-violation/,,,To do,,,,,,In the bibliography; no footnote matched to it | download failed - live page: web server answered HTTP 404
BI_B712,Bibliography only,,,,Book/Print,"Sanghamitra, and Sengupta. ‘Polarity and Temporality of High Resolution Y Chromosome Distributions in India Identify Both Indigenous and Exogenous Expansions and Reveal Minor Genetic Influence of Central Asian Pastoralists’. The American Journal of Human Gene, 2006:202-221.",BI_B712,BI_B712_Sanghamitra_Polarity-and-Temporality-of-High-Resolution-Y,"Sanghamitra, and Sengupta. ‘Polarity and Temporality of High Resolution Y Chromosome Distributions in India Identify Both Indigenous and Exogenous Expansions and Reveal Minor Genetic Influence of Central Asian Pastoralists’. The American Journal of Human Gene, 2006:202-221.",,,,To do,,,,,https://www.google.com/search?tbm=bks&q=Polarity%20and%20Temporality%20of%20High%20Resolution%20Y%20Chromosome%20Distributions%20Sanghamitra,In the bibliography; no footnote matched to it
BI_B717,Bibliography only,,,,URL,— ‘what is wrong with the EU’s evaluation of the conflict in Sri Lanka?’ 9 April 2007. http://www.negotiatedpeace.com/Qoc_en/news/eu_what_is_wrong_schalk.html (accessed 12 December 2008).,BI_B717,BI_B717_What-Is,— ‘what is wrong with the EU’s evaluation of the conflict in Sri Lanka?’ 9 April 2007. http://www.negotiatedpeace.com/Qoc_en/news/eu_what_is_wrong_schalk.html (accessed 12 December 2008).,http://www.negotiatedpeace.com/Qoc_en/news/eu_what_is_wrong_schalk.html,,,To do,,,,,,"Cited together with other sources in: BI_Ch10_67, BI_Ch10_68 (counted in 'most cited') | download failed - live page: Page.goto: net::ERR_CONNECTION_TIMED_OUT at http://www.negotiatedpeace"
BI_B723,Bibliography only,,,,Book/Print,"Seligman, Charles G. and B.Z. Seligman. Pagan Tribes of the Nilotic Sudan. Routledge & Sons, 1932.",BI_B723,BI_B723_Seligman_and-B,"Seligman, Charles G. and B.Z. Seligman. Pagan Tribes of the Nilotic Sudan. Routledge & Sons, 1932.",,,,To do,,,,,https://www.google.com/search?tbm=bks&q=and%20B%20Z%20Seligman%20Pagan%20Tribes%20of%20the%20Nilotic%20Seligman,Cited together with other sources in: BI_Ch22_14 (counted in 'most cited')
BI_B726,Bibliography only,,,,Book/Print,"Sengupta, Sanghamitra, et al. ‘Polarity and Temporality of High-Resolution Y-Chromosome Distributions in India Identify Both Indigenous and Exogenous Expansions and Reveal Minor Genetic Influence of Central Asian Pastoralists’. The American Journal of Human Genetics^ February 2006: 202-21.",BI_B726,BI_B726_Sengupta_Polarity-and-Temporality-of-High-Resolution-Y,"Sengupta, Sanghamitra, et al. ‘Polarity and Temporality of High-Resolution Y-Chromosome Distributions in India Identify Both Indigenous and Exogenous Expansions and Reveal Minor Genetic Influence of Central Asian Pastoralists’. The American Journal of Human Genetics^ February 2006: 202-21.",,,,To do,,,,,https://www.google.com/search?tbm=bks&q=Polarity%20and%20Temporality%20of%20High%20Resolution%20Y%20Chromosome%20Distributions%20Sengupta,"Cited together with other sources in: BI_Ch20_15, BI_Ch20_16, BI_Ch20_17 (counted in 'most cited')"
BI_B741,Bibliography only,,,,Book/Print,"Sivaratnam, C. Origin and Development of the Hindu Religion and People. Colombo: Ranco, 1978.",BI_B741,BI_B741_Sivaratnam_Origin-and-Development-of-the-Hindu-Religion,"Sivaratnam, C. Origin and Development of the Hindu Religion and People. Colombo: Ranco, 1978.",,,,To do,,,,,https://www.google.com/search?tbm=bks&q=Origin%20and%20Development%20of%20the%20Hindu%20Religion%20and%20People%20Sivaratnam,In the bibliography; no footnote matched to it
BI_B744,Bibliography only,,,,Book/Print,"Solomon, Richard. Indian Epigraphy: A Guide to the Study of Inscriptions in Sanskrit, Prakrit, and the Other Indo-Aryan Languages. Oxford University Press US, 1998.",BI_B744,BI_B744_Solomon_Indian-Epigraphy-A-Guide-to-the-Study,"Solomon, Richard. Indian Epigraphy: A Guide to the Study of Inscriptions in Sanskrit, Prakrit, and the Other Indo-Aryan Languages. Oxford University Press US, 1998.",,,,To do,,,,,https://www.google.com/search?tbm=bks&q=Indian%20Epigraphy%20A%20Guide%20to%20the%20Study%20of%20Inscriptions%20Solomon,In the bibliography; no footnote matched to it
BI_B749,Bibliography only,,,,Book/Print,"Sruthi (Jan 1996). ‘Advlce from a Veteran’: Interview with Sarada. In Nirmalam-The Genius of S Sarda, by Anita Ratnam. Arangam Trust, -2005.",BI_B749,BI_B749_Sruthi-Jan_Advlce-from-a-Veteran-Interview-with-Sarada,"Sruthi (Jan 1996). ‘Advlce from a Veteran’: Interview with Sarada. In Nirmalam-The Genius of S Sarda, by Anita Ratnam. Arangam Trust, -2005.",,,,To do,,,,,https://www.google.com/search?tbm=bks&q=Advlce%20from%20a%20Veteran%20Interview%20with%20Sarada%20In%20Nirmalam%20Sruthi%20%28Jan%201996%29,In the bibliography; no footnote matched to it
BI_B754,Bibliography only,,,,Book/Print,"Subramaniam, Narendra. ‘Ethnicity, Populism and Pluralist Democracy: Mobilization and Representation in South India’. PhD dissertation, Massachusetts Institute of Technology, 1993.",BI_B754,BI_B754_Subramaniam_Ethnicity,"Subramaniam, Narendra. ‘Ethnicity, Populism and Pluralist Democracy: Mobilization and Representation in South India’. PhD dissertation, Massachusetts Institute of Technology, 1993.",,,,To do,,,,,https://www.google.com/search?tbm=bks&q=Ethnicity%20Populism%20and%20Pluralist%20Democracy%20Mobilization%20and%20Representation%20in%20Subramaniam,In the bibliography; no footnote matched to it
BI_B761,Bibliography only,,,,Book/Print,"Swaminathan, M.S. Dr M.S. Swaminathan, Economic Ecologists of India. Indian Environment Society, 1982.",BI_B761,BI_B761_Swaminathan_Dr-M,"Swaminathan, M.S. Dr M.S. Swaminathan, Economic Ecologists of India. Indian Environment Society, 1982.",,,,To do,,,,,https://www.google.com/search?tbm=bks&q=Dr%20M%20S%20Swaminathan%20Economic%20Ecologists%20of%20India%20Indian%20Swaminathan,Cited together with other sources in: BI_Ch18_46 (counted in 'most cited')
BI_B764,Bibliography only,,,,URL,— Newsletter. 14 September 2007. 14 September 2007. http://www.sasnet.Iu.se/newsletter77.html (accessed 2009).,BI_B764,BI_B764_Newsletter_14-September-2007,— Newsletter. 14 September 2007. 14 September 2007. http://www.sasnet.Iu.se/newsletter77.html (accessed 2009).,http://www.sasnet.lu.se/newsletter77.html,https://web.archive.org/web/20080506185755/http://www.sasnet.lu.se:80/newsletter77.html,Snapshot found,On OneDrive,,BI_B764_Newsletter_14-September-2007_sasnet-lu-se.pdf,https://1drv.ms/b/c/ACD215A5F926CFCE/IQBgm5CfRr6PRoxHRYhZfLbfAadSdj4zLT_jPYOp3qz_Dfg?download=1,,,"Cited together with other sources in: BI_Ch17_97, BI_Ch17_98, BI_Ch17_99 (counted in 'most cited') | Web address corrected from the earlier audit (the book's text read: http://www.sasnet.Iu.se/newsletter77.html) | Page saved as PDF (cover page + copy) from Wayback snapshot on 2026-10-09"
BI_B765,Bibliography only,,,,URL,— Newsletter. 9 October 2007. http://www.sasnet.lu.se/newsletter78.html (accessed 10 January 2010).,BI_B765,BI_B765_Newsletter_9-October-2007,— Newsletter. 9 October 2007. http://www.sasnet.lu.se/newsletter78.html (accessed 10 January 2010).,http://www.sasnet.lu.se/newsletter78.html,https://web.archive.org/web/20081113122331/http://www.sasnet.lu.se:80/newsletter78.html,Snapshot found,On OneDrive,,BI_B765_Newsletter_9-October-2007_sasnet-lu-se.pdf,https://1drv.ms/b/c/ACD215A5F926CFCE/IQB1cUrHTyf6T7KO9EwtsrBhAdGacvh3aDDhVeE5A5vitYg?download=1,,,"Cited together with other sources in: BI_Ch17_97, BI_Ch17_98, BI_Ch17_99 (counted in 'most cited') | Page saved as PDF (cover page + copy) from Wayback snapshot on 2026-10-09"
BI_B767,Bibliography only,,,,URL,— Stockholm Anthropological Research on India. 2006. http://www.sasnet.lu.se/antrosthlm.html (accessed 19 January 2009).,BI_B767,BI_B767_Stockholm-Anthropological_2006,— Stockholm Anthropological Research on India. 2006. http://www.sasnet.lu.se/antrosthlm.html (accessed 19 January 2009).,http://www.sasnet.lu.se/antrosthlm.html,https://web.archive.org/web/20120604120255/http://www.sasnet.lu.se:80/antrosthlm.html,Snapshot found,To do,,,,,,"Cited together with other sources in: BI_Ch17_92 (counted in 'most cited') | download failed - live page: web server answered HTTP 404 / Wayback snapshot: page is empty or is an error page, not a real copy"
BI_B769,Bibliography only,,,,Book/Print,"Tambyah T, Isaac. Psalms of a Saiva Saint. New Delhi: JVsian Educational Services, 1985.",BI_B769,BI_B769_Tambyah-T_Psalms-of-a-Saiva-Saint,"Tambyah T, Isaac. Psalms of a Saiva Saint. New Delhi: JVsian Educational Services, 1985.",,,,To do,,,,,https://www.google.com/search?tbm=bks&q=Psalms%20of%20a%20Saiva%20Saint%20New%20Delhi%20JVsian%20Educational%20Tambyah%20T,In the bibliography; no footnote matched to it
BI_B775,Bibliography only,,,,Social post,"Tamil webber. ‘Jihadi Victims of Coimbatore, TamilnaJu - 3’. Youtube.com. 16 May 2007. http://www.youtube.com/watch?v=2WFqxnvBvkO (accessed 10 March 2009).",BI_B775,BI_B775_Tamil-Webber_Jihadi-Victims-of-Coimbatore,"Tamil webber. ‘Jihadi Victims of Coimbatore, TamilnaJu - 3’. Youtube.com. 16 May 2007. http://www.youtube.com/watch?v=2WFqxnvBvkO (accessed 10 March 2009).",http://www.youtube.com/watch?v=2WFqxnvBvkO,,,On OneDrive,,BI_B775_Tamil-Webber_Jihadi-Victims-of-Coimbatore_youtube-com.pdf,https://1drv.ms/b/c/ACD215A5F926CFCE/IQDxp4kE-VqARYVjTtm-7_MnAZkofjoIf7y1FwXN7_EXxsM?download=1,,,In the bibliography; no footnote matched to it | Page saved as PDF (cover page + copy) from live page on 2026-10-09
BI_B778,Bibliography only,,,,URL,"Templeton Foundation. ‘Interview with John M. Templeton, Jr., M.D’. www.templeton.org. 2006. http://templeton.org/capabilities_2006/jt_interview_2.html (accessed 17 February 2010).",BI_B778,BI_B778_Templeton-Foundation_Interview-with-John-M,"Templeton Foundation. ‘Interview with John M. Templeton, Jr., M.D’. www.templeton.org. 2006. http://templeton.org/capabilities_2006/jt_interview_2.html (accessed 17 February 2010).",http://www.templeton.org | http://templeton.org/capabilities_2006/jt_interview_2.html,,,On OneDrive,,BI_B778_Templeton-Foundation_Interview-with-John-M_templeton-org.pdf,https://1drv.ms/b/c/ACD215A5F926CFCE/IQDuDLHFVJEDQbrrHAlci1z0AZBCJS0Z4w98IW-lDI4KBzM?download=1,,,Cited together with other sources in: BI_Ch14_57 (counted in 'most cited') | Earlier audit used a different address: http://templeton.org/capabilities_2006/jt_interview_2.html | Page saved as PDF (cover page + copy) from live page on 2026-10-09
BI_B779,Bibliography only,,,,Book/Print,"Tevaneyan, Nanamuttan. The Primary Classical Language of the World. Nesamani Publishing House, 1966.",BI_B779,BI_B779_Tevaneyan_The-Primary-Classical-Language-of-the-World,"Tevaneyan, Nanamuttan. The Primary Classical Language of the World. Nesamani Publishing House, 1966.",,,,To do,,,,,https://www.google.com/search?tbm=bks&q=The%20Primary%20Classical%20Language%20of%20the%20World%20Nesamani%20Publishing%20Tevaneyan,In the bibliography; no footnote matched to it
BI_B785,Bibliography only,,,,Book/Print,"Thapar, Romila. Interview by Champakalakshmi, R, Environmental History: Interview with Rcmila Thapar Chennai: The Hindu, (19 December 2004).",BI_B785,BI_B785_Thapar_Interview-by-Champakalakshmi,"Thapar, Romila. Interview by Champakalakshmi, R, Environmental History: Interview with Rcmila Thapar Chennai: The Hindu, (19 December 2004).",,,,To do,,,,,https://www.google.com/search?tbm=bks&q=Interview%20by%20Champakalakshmi%20R%20Environmental%20History%20Interview%20with%20Rcmila%20Thapar,Cited together with other sources in: BI_Ch14_44 (counted in 'most cited')
BI_B787,Bibliography only,,,,Book/Print,"— ‘where Fusion Cannot Work - Faith and History’. The Hindu, 28 September 2007.",BI_B787,BI_B787_Where-Fusion_The-Hindu,"— ‘where Fusion Cannot Work - Faith and History’. The Hindu, 28 September 2007.",,,,To do,,,,,https://www.google.com/search?tbm=bks&q=The%20Hindu%2028%20September%202007%20%E2%80%94%20%E2%80%98where%20Fusion%20Cannot%20Work%20-%20Faith%20and%20History%E2%80%99,Cited together with other sources in: BI_Ch14_46 (counted in 'most cited')
BI_B789,Bibliography only,,,,Book/Print,"Thapar, B.K., and Shaffer, J.G. Pre-Indus and Early Indus Cultures of Pakistan and India. Vol. 1, in History of Civilizations of Central Asia^ by Ahmad Hasan Dani and Ahmad Hasan Masson. Motilal Banarsidass Publications, 1999.",BI_B789,BI_B789_Thapar_Pre-Indus-and-Early-Indus-Cultures-of,"Thapar, B.K., and Shaffer, J.G. Pre-Indus and Early Indus Cultures of Pakistan and India. Vol. 1, in History of Civilizations of Central Asia^ by Ahmad Hasan Dani and Ahmad Hasan Masson. Motilal Banarsidass Publications, 1999.",,,,To do,,,,,https://www.google.com/search?tbm=bks&q=Pre%20Indus%20and%20Early%20Indus%20Cultures%20of%20Pakistan%20and%20Thapar,In the bibliography; no footnote matched to it
BI_B796,Bibliography only,,,,Book/Print,"The Economic Times. ‘India Next Only to Iraq on Religious Discrimination: US Think-tank’. News, 22 December 2009.",BI_B796,BI_B796_The-Economic_India-Next-Only-to-Iraq-on-Religious,"The Economic Times. ‘India Next Only to Iraq on Religious Discrimination: US Think-tank’. News, 22 December 2009.",,,,To do,,,,,https://www.google.com/search?tbm=bks&q=India%20Next%20Only%20to%20Iraq%20on%20Religious%20Discrimination%20US%20The%20Economic%20Times,"Cited together with other sources in: BI_Ch15_56, BI_Ch19_21, BI_Ch19_148 (counted in 'most cited')"
BI_B797,Bibliography only,,,,Book/Print,"The Economic Times. ‘Kerala Cries Foul as NIA Takes Charge’. News, 30 December 2009.",BI_B797,BI_B797_The-Economic_Kerala-Cries-Foul-as-NIA-Takes-Charge,"The Economic Times. ‘Kerala Cries Foul as NIA Takes Charge’. News, 30 December 2009.",,,,To do,,,,,https://www.google.com/search?tbm=bks&q=Kerala%20Cries%20Foul%20as%20NIA%20Takes%20Charge%20News%2030%20The%20Economic%20Times,"Cited together with other sources in: BI_Ch15_56, BI_Ch19_21, BI_Ch19_148 (counted in 'most cited')"
BI_B803,Bibliography only,,,,Book/Print,"The Hindu. 'A Smart Operation by the Doctor’. News, 17 November 2000.",BI_B803,BI_B803_The-Hindu_A-Smart-Operation-by-the-Doctor,"The Hindu. 'A Smart Operation by the Doctor’. News, 17 November 2000.",,,,To do,,,,,https://www.google.com/search?tbm=bks&q=A%20Smart%20Operation%20by%20the%20Doctor%20News%2017%20November%20The%20Hindu,In the bibliography; no footnote matched to it
BI_B805,Bibliography only,,,,Book/Print,"The Hindu. ‘Behind Bengaluru: The Long Jihad Today’. News, 10 January 2006.",BI_B805,BI_B805_The-Hindu_Behind-Bengaluru-The-Long-Jihad-Today,"The Hindu. ‘Behind Bengaluru: The Long Jihad Today’. News, 10 January 2006.",,,,To do,,,,,https://www.google.com/search?tbm=bks&q=Behind%20Bengaluru%20The%20Long%20Jihad%20Today%20News%2010%20January%20The%20Hindu,"Cited together with other sources in: BI_Ch19_104, BI_Ch19_110, BI_Ch19_128, BI_Ch25_08 (counted in 'most cited')"
BI_B807,Bibliography only,,,,Book/Print,"The Hindu. “Dalit in-fighting cause for concern’'. News, 2 March 2007.",BI_B807,BI_B807_The-Hindu_Dalit-in-fighting-cause-for-concern,"The Hindu. “Dalit in-fighting cause for concern’'. News, 2 March 2007.",,,,To do,,,,,https://www.google.com/search?tbm=bks&q=Dalit%20in%20fighting%20cause%20for%20concern%20News%202%20March%20The%20Hindu,"Cited together with other sources in: BI_Ch18_127, BI_Ch19_104, BI_Ch19_135 (counted in 'most cited')"
BI_B808,Bibliography only,,,,Book/Print,"The Hindu. ‘Discovery of a century in Tamil Nadu’. News, 1 May 2006.",BI_B808,BI_B808_The-Hindu_Discovery-of-a-century-in-Tamil-Nadu,"The Hindu. ‘Discovery of a century in Tamil Nadu’. News, 1 May 2006.",,,,To do,,,,,https://www.google.com/search?tbm=bks&q=Discovery%20of%20a%20century%20in%20Tamil%20Nadu%20News%201%20The%20Hindu,"Cited together with other sources in: BI_Ch19_104, BI_Ch19_110, BI_Ch19_128, BI_Ch25_08 (counted in 'most cited')"
BI_B813,Bibliography only,,,,Book/Print,"The Hindu. ’Prior Warning Not Taken Seriously’. News, 19 February 199(S.",BI_B813,BI_B813_The-Hindu_Prior-Warning-Not-Taken-Seriously,"The Hindu. ’Prior Warning Not Taken Seriously’. News, 19 February 199(S.",,,,To do,,,,,https://www.google.com/search?tbm=bks&q=Prior%20Warning%20Not%20Taken%20Seriously%20News%2019%20February%20199%20The%20Hindu,In the bibliography; no footnote matched to it
BI_B817,Bibliography only,,,,Book/Print,"The Hindu. ‘Terrorists Enjoy Political Backing in North Kerala?’ Nev/s, 16 March 2006.",BI_B817,BI_B817_The-Hindu_Terrorists-Enjoy-Political-Backing-in-North-Kerala,"The Hindu. ‘Terrorists Enjoy Political Backing in North Kerala?’ Nev/s, 16 March 2006.",,,,To do,,,,,https://www.google.com/search?tbm=bks&q=Terrorists%20Enjoy%20Political%20Backing%20in%20North%20Kerala%20Nev%20s%20The%20Hindu,"Cited together with other sources in: BI_Ch19_104, BI_Ch19_110, BI_Ch19_128, BI_Ch25_08 (counted in 'most cited')"
BI_B818,Bibliography only,,,,Book/Print,— ‘Kancha Illaiah gets US Dalit network fellowship’. The Hindu^ 1 October 2004.,BI_B818,BI_B818_Kancha-Illaiah_The-Hindu-1-October-2004,— ‘Kancha Illaiah gets US Dalit network fellowship’. The Hindu^ 1 October 2004.,,,,To do,,,,,https://www.google.com/search?tbm=bks&q=The%20Hindu%201%20October%202004%20%E2%80%94%20%E2%80%98Kancha%20Illaiah%20gets%20US%20Dalit%20network%20fellowship%E2%80%99,"Cited together with other sources in: BI_Ch13_49, BI_Ch19_114 (counted in 'most cited')"
BI_B819,Bibliography only,,,,Book/Print,"The Hindu. ‘The Jihad in God’s Own Country’. Nev/s, The Hindu, 9 March 2008.",BI_B819,BI_B819_The-Hindu_The-Jihad-in-God-s-Own-Country,"The Hindu. ‘The Jihad in God’s Own Country’. Nev/s, The Hindu, 9 March 2008.",,,,To do,,,,,https://www.google.com/search?tbm=bks&q=The%20Jihad%20in%20God%20s%20Own%20Country%20Nev%20s%20The%20Hindu,"Cited together with other sources in: BI_Ch19_90, BI_Ch19_125 (counted in 'most cited')"
BI_B820,Bibliography only,,,,Book/Print,"The Hindu. ‘Two Lashkar Conduits Held’. News, 1 January 2007.",BI_B820,BI_B820_The-Hindu_Two-Lashkar-Conduits-Held,"The Hindu. ‘Two Lashkar Conduits Held’. News, 1 January 2007.",,,,To do,,,,,https://www.google.com/search?tbm=bks&q=Two%20Lashkar%20Conduits%20Held%20News%201%20January%202007%20The%20Hindu,"Cited together with other sources in: BI_Ch18_127, BI_Ch19_104, BI_Ch19_135 (counted in 'most cited')"
BI_B826,Bibliography only,,,,Book/Print,"The Indian Express. ‘DMK govt ordered Six Cases Dropped Against Muslim Hardliners in TN’. News, 8 August 2006.",BI_B826,BI_B826_The-Indian_DMK-govt-ordered-Six-Cases-Dropped-Against,"The Indian Express. ‘DMK govt ordered Six Cases Dropped Against Muslim Hardliners in TN’. News, 8 August 2006.",,,,To do,,,,,https://www.google.com/search?tbm=bks&q=DMK%20govt%20ordered%20Six%20Cases%20Dropped%20Against%20Muslim%20Hardliners%20The%20Indian%20Express,"Cited together with other sources in: BI_Ch19_104, BI_Ch19_112, BI_Ch19_113, BI_Ch19_115 (counted in 'most cited')"
BI_B827,Bibliography only,,,,Book/Print,"The Indian Express. ‘DMK Turns Jail into Spa for Coimbatore Terror Accused’. News, 23 July 2006.",BI_B827,BI_B827_The-Indian_DMK-Turns-Jail-into-Spa-for-Coimbatore,"The Indian Express. ‘DMK Turns Jail into Spa for Coimbatore Terror Accused’. News, 23 July 2006.",,,,To do,,,,,https://www.google.com/search?tbm=bks&q=DMK%20Turns%20Jail%20into%20Spa%20for%20Coimbatore%20Terror%20Accused%20The%20Indian%20Express,"Cited together with other sources in: BI_Ch19_104, BI_Ch19_112, BI_Ch19_113, BI_Ch19_115 (counted in 'most cited')"
BI_B831,Bibliography only,,,,Book/Print,"The Indian Express. ‘New Islamic Outfit Has Cops on Alert’. News, 17 February 2007.",BI_B831,BI_B831_The-Indian_New-Islamic-Outfit-Has-Cops-on-Alert,"The Indian Express. ‘New Islamic Outfit Has Cops on Alert’. News, 17 February 2007.",,,,To do,,,,,https://www.google.com/search?tbm=bks&q=New%20Islamic%20Outfit%20Has%20Cops%20on%20Alert%20News%2017%20The%20Indian%20Express,"Cited together with other sources in: BI_Ch19_104, BI_Ch19_131 (counted in 'most cited')"
BI_B835,Bibliography only,,,,Book/Print,"The Milli Gazette. ‘Indian Muslim Council - USA’. The Milli Gazette, • 18 March 2005.",BI_B835,BI_B835_The-Milli_Indian-Muslim-Council-USA,"The Milli Gazette. ‘Indian Muslim Council - USA’. The Milli Gazette, • 18 March 2005.",,,,To do,,,,,https://www.google.com/search?tbm=bks&q=Indian%20Muslim%20Council%20USA%20The%20Milli%20Gazette%2018%20March%20The%20Milli%20Gazette,In the bibliography; no footnote matched to it
BI_B836,Bibliography only,,,,Book/Print,"The Neta Indian Express. ‘Chennai Next Terror Target? Bomb Maker Held in Nellai’. News, 28 July 2008.",BI_B836,BI_B836_The-Neta_Chennai-Next-Terror-Target,"The Neta Indian Express. ‘Chennai Next Terror Target? Bomb Maker Held in Nellai’. News, 28 July 2008.",,,,To do,,,,,https://www.google.com/search?tbm=bks&q=Chennai%20Next%20Terror%20Target%20Bomb%20Maker%20Held%20in%20Nellai%20The%20Neta%20Indian%20Express,In the bibliography; no footnote matched to it
BI_B837,Bibliography only,,,,Book/Print,"The Neta Indian Express. ‘Delhi STF Comes Calling to Chennai to Probe Terror Links’. News, 8 January 2007.",BI_B837,BI_B837_The-Neta_Delhi-STF-Comes-Calling-to-Chennai-to,"The Neta Indian Express. ‘Delhi STF Comes Calling to Chennai to Probe Terror Links’. News, 8 January 2007.",,,,To do,,,,,https://www.google.com/search?tbm=bks&q=Delhi%20STF%20Comes%20Calling%20to%20Chennai%20to%20Probe%20Terror%20The%20Neta%20Indian%20Express,In the bibliography; no footnote matched to it
BI_B838,Bibliography only,,,,Book/Print,"The Neu/ Indian Express. ‘GO on “Adi Dravidars” Seen as a Bid to Divide Dalits’. News, 4 March 2007.",BI_B838,BI_B838_The-Neu_GO-on-Adi-Dravidars-Seen-as-a,"The Neu/ Indian Express. ‘GO on “Adi Dravidars” Seen as a Bid to Divide Dalits’. News, 4 March 2007.",,,,To do,,,,,https://www.google.com/search?tbm=bks&q=GO%20on%20Adi%20Dravidars%20Seen%20as%20a%20Bid%20to%20The%20Neu/%20Indian%20Express,In the bibliography; no footnote matched to it
BI_B844,Bibliography only,,,,Book/Print,"The Telegraph. ‘Manipuri Children Narrate “Horror Home” Tales’. News, 10 February 2010.",BI_B844,BI_B844_The-Telegraph_Manipuri-Children-Narrate-Horror-Home-Tales,"The Telegraph. ‘Manipuri Children Narrate “Horror Home” Tales’. News, 10 February 2010.",,,,To do,,,,,https://www.google.com/search?tbm=bks&q=Manipuri%20Children%20Narrate%20Horror%20Home%20Tales%20News%2010%20February%20The%20Telegraph,In the bibliography; no footnote matched to it
BI_B849,Bibliography only,,,,Book/Print,"— ‘Statistics of Bomb Blasts in Tamil Nadu from “Coimbatore Bomb City’”. The Week, 1 March 1998.",BI_B849,BI_B849_Statistics-Of_The-Week,"— ‘Statistics of Bomb Blasts in Tamil Nadu from “Coimbatore Bomb City’”. The Week, 1 March 1998.",,,,To do,,,,,https://www.google.com/search?tbm=bks&q=The%20Week%201%20March%201998%20%E2%80%94%20%E2%80%98Statistics%20of%20Bomb%20Blasts%20in%20Tamil%20Nadu%20from%20%E2%80%9CCoimbatore%20Bomb%20City%E2%80%99%E2%80%9D,In the bibliography; no footnote matched to it
BI_B855,Bibliography only,,,,Book/Print,"Time Magazine. ‘The 25 Most Influential Evangelicals in America’. Time Magazine, 7 February 2005.",BI_B855,BI_B855_Time-Magazine_The-25-Most-Influential-Evangelicals-in-America,"Time Magazine. ‘The 25 Most Influential Evangelicals in America’. Time Magazine, 7 February 2005.",,,,To do,,,,,https://www.google.com/search?tbm=bks&q=The%2025%20Most%20Influential%20Evangelicals%20in%20America%20Time%20Magazine%20Time%20Magazine,In the bibliography; no footnote matched to it
BI_B860,Bibliography only,,,,Book/Print,"The Times of India. Caste: Racism in All But Name^ News, Times of India, 26 April 2009.",BI_B860,BI_B860_The-Times_Caste-Racism-in-All-But-Name-News,"The Times of India. Caste: Racism in All But Name^ News, Times of India, 26 April 2009.",,,,To do,,,,,https://www.google.com/search?tbm=bks&q=Caste%20Racism%20in%20All%20But%20Name%20News%20Times%20of%20The%20Times%20of%20India,"Cited together with other sources in: BI_Ch14_87, BI_Ch17_49, BI_Ch17_53, BI_Ch17_145, BI_Ch19_27, BI_Ch19_145 (counted in 'most cited')"
BI_B862,Bibliography only,,,,Book/Print,"The Times of India. ‘Indian Priests Stripped, Thrashed in Nepal: India Lodges Protest’. News, The Times of India, 5 September 2009.",BI_B862,BI_B862_The-Times_Indian-Priests-Stripped,"The Times of India. ‘Indian Priests Stripped, Thrashed in Nepal: India Lodges Protest’. News, The Times of India, 5 September 2009.",,,,To do,,,,,https://www.google.com/search?tbm=bks&q=Indian%20Priests%20Stripped%20Thrashed%20in%20Nepal%20India%20Lodges%20Protest%20The%20Times%20of%20India,"Cited together with other sources in: BI_Ch14_87, BI_Ch17_49, BI_Ch17_53, BI_Ch17_145, BI_Ch19_27, BI_Ch19_145 (counted in 'most cited')"
BI_B864,Bibliography only,,,,Book/Print,"The Times of India. Nepal PM Prachanda Chooses China Over India. News, The Times of India, 24 August 2008.",BI_B864,BI_B864_The-Times_Nepal-PM-Prachanda-Chooses-China-Over-India,"The Times of India. Nepal PM Prachanda Chooses China Over India. News, The Times of India, 24 August 2008.",,,,To do,,,,,https://www.google.com/search?tbm=bks&q=Nepal%20PM%20Prachanda%20Chooses%20China%20Over%20India%20News%20The%20The%20Times%20of%20India,"Cited together with other sources in: BI_Ch19_23, BI_Ch19_139 (counted in 'most cited')"
BI_B865,Bibliography only,,,,Book/Print,"The Times of India. ‘NGOs, Teesta Spiced up Gujarat Riot Incidents: SIT’. News, 14 April 2009 .",BI_B865,BI_B865_The-Times_NGOs,"The Times of India. ‘NGOs, Teesta Spiced up Gujarat Riot Incidents: SIT’. News, 14 April 2009 .",,,,To do,,,,,https://www.google.com/search?tbm=bks&q=NGOs%20Teesta%20Spiced%20up%20Gujarat%20Riot%20Incidents%20SIT%20News%20The%20Times%20of%20India,"Cited together with other sources in: BI_Ch14_87, BI_Ch17_49, BI_Ch17_53, BI_Ch17_145, BI_Ch19_27, BI_Ch19_145 (counted in 'most cited')"
BI_B866,Bibliography only,,,,Book/Print,"The Times of India. ‘PDP leader Madani’s wife Field or Terror Charges’. News, 18 LYecember 2009.",BI_B866,BI_B866_The-Times_PDP-leader-Madani-s-wife-Field-or,"The Times of India. ‘PDP leader Madani’s wife Field or Terror Charges’. News, 18 LYecember 2009.",,,,To do,,,,,https://www.google.com/search?tbm=bks&q=PDP%20leader%20Madani%20s%20wife%20Field%20or%20Terror%20Charges%20The%20Times%20of%20India,"Cited together with other sources in: BI_Ch14_87, BI_Ch17_49, BI_Ch17_53, BI_Ch17_145, BI_Ch19_27, BI_Ch19_145 (counted in 'most cited')"
BI_B867,Bibliography only,,,,Book/Print,"The Times of India. ‘ Report Based on SFI’ Fi ndings’. News, 1 6 April 2009.",BI_B867,BI_B867_The-Times_Report-Based-on-SFI-Fi-ndings,"The Times of India. ‘ Report Based on SFI’ Fi ndings’. News, 1 6 April 2009.",,,,To do,,,,,https://www.google.com/search?tbm=bks&q=Report%20Based%20on%20SFI%20Fi%20ndings%20News%201%206%20The%20Times%20of%20India,"Cited together with other sources in: BI_Ch14_87, BI_Ch17_49, BI_Ch17_53, BI_Ch17_145, BI_Ch19_27, BI_Ch19_145 (counted in 'most cited')"
BI_B869,Bibliography only,,,,Book/Print,— ‘UN Set to Treat Caste as Human Rights Violation’. Times of India^ 28 September 2009.,BI_B869,BI_B869_Un-Set_Times-of-India-28-September-2009,— ‘UN Set to Treat Caste as Human Rights Violation’. Times of India^ 28 September 2009.,,,,To do,,,,,https://www.google.com/search?tbm=bks&q=Times%20of%20India%2028%20September%202009%20%E2%80%94%20%E2%80%98UN%20Set%20to%20Treat%20Caste%20as%20Human%20Rights%20Violation%E2%80%99,"Cited together with other sources in: BI_Ch14_87, BI_Ch17_49, BI_Ch17_53, BI_Ch17_145, BI_Ch19_27, BI_Ch19_145 (counted in 'most cited')"
BI_B870,Bibliography only,,,,Book/Print,"The Times of India. ‘TN’s Most Dangerous Ultras Still at Large’. News, 06 December 2008.",BI_B870,BI_B870_The-Times_TN-s-Most-Dangerous-Ultras-Still-at,"The Times of India. ‘TN’s Most Dangerous Ultras Still at Large’. News, 06 December 2008.",,,,To do,,,,,https://www.google.com/search?tbm=bks&q=TN%20s%20Most%20Dangerous%20Ultras%20Still%20at%20Large%20News%20The%20Times%20of%20India,"Cited together with other sources in: BI_Ch19_23, BI_Ch19_139 (counted in 'most cited')"
BI_B873,Bibliography only,,,,Book/Print,"The Times of India. US Lawmakers Want Curbs on Pak to Go. Nev/s, The Times of India, 4 September 2001.",BI_B873,BI_B873_The-Times_US-Lawmakers-Want-Curbs-on-Pak-to,"The Times of India. US Lawmakers Want Curbs on Pak to Go. Nev/s, The Times of India, 4 September 2001.",,,,To do,,,,,https://www.google.com/search?tbm=bks&q=US%20Lawmakers%20Want%20Curbs%20on%20Pak%20to%20Go%20Nev%20The%20Times%20of%20India,Cited together with other sources in: BI_Ch13_91 (counted in 'most cited')
BI_B874,Bibliography only,,,,Book/Print,"The Times of India. ‘Vibrant Gujarat? 98% Dalits Have to Drink Tea in Separate Cups’. News, 8 December 2009.",BI_B874,BI_B874_The-Times_Vibrant-Gujarat,"The Times of India. ‘Vibrant Gujarat? 98% Dalits Have to Drink Tea in Separate Cups’. News, 8 December 2009.",,,,To do,,,,,https://www.google.com/search?tbm=bks&q=Vibrant%20Gujarat%2098%20Dalits%20Have%20to%20Drink%20Tea%20in%20The%20Times%20of%20India,"Cited together with other sources in: BI_Ch14_87, BI_Ch17_49, BI_Ch17_53, BI_Ch17_145, BI_Ch19_27, BI_Ch19_145 (counted in 'most cited')"
BI_B878,Bibliography only,,,,URL,tnpolice.gov.in (b). ‘Official website of Tamil Nadu state police: webpage announcing wanted terrorists’. Tamil Nadu Government Police website. 2008. http://tnpolice.gov.in/Wanted/Want3.html (accessed 10 January 2009).,BI_B878,BI_B878_Tnpolice_Official-website-of-Tamil-Nadu-state-police,tnpolice.gov.in (b). ‘Official website of Tamil Nadu state police: webpage announcing wanted terrorists’. Tamil Nadu Government Police website. 2008. http://tnpolice.gov.in/Wanted/Want3.html (accessed 10 January 2009).,http://tnpolice.gov.in/Wanted/Want3.html,,,To do,,,,,,Cited together with other sources in: BI_Ch19_118 (counted in 'most cited') | download failed - live page: Page.goto: net::ERR_CONNECTION_TIMED_OUT at http://tnpolice.gov.in/Wan
BI_B879,Bibliography only,,,,URL,tnpolice.gov.in (c). ‘Wanted Terrorists/Extremists’. Tamil Nadu Government Police website. 2008. http://tnpolice.gov.in/Wanted/Want4.html; http://tnpolice.gov.in/Wanted/WantlO.html (accessed 10 January 2009).,BI_B879,BI_B879_Tnpolice_Wanted-Terrorists-Extremists,tnpolice.gov.in (c). ‘Wanted Terrorists/Extremists’. Tamil Nadu Government Police website. 2008. http://tnpolice.gov.in/Wanted/Want4.html; http://tnpolice.gov.in/Wanted/WantlO.html (accessed 10 January 2009).,http://tnpolice.gov.in/Wanted/Want4.html | http://tnpolice.gov.in/Wanted/WantlO.html,,,To do,,,,,,Cited together with other sources in: BI_Ch19_118 (counted in 'most cited') | download failed - live page: Page.goto: net::ERR_CONNECTION_TIMED_OUT at http://tnpolice.gov.in/Wan
BI_B883,Bibliography only,,,,Book/Print,"—• Languages and Nations: The Dravidian Proof in Colonial Madras. New Delhi: Yoda Press, 2006.",BI_B883,BI_B883_Languages-And_New-Delhi-Yoda-Press,"—• Languages and Nations: The Dravidian Proof in Colonial Madras. New Delhi: Yoda Press, 2006.",,,,To do,,,,,https://www.google.com/search?tbm=bks&q=New%20Delhi%20Yoda%20Press%202006%20%E2%80%94%E2%80%A2%20Languages%20and%20Nations%3A%20The%20Dravidian%20Proof%20in%20Colonial%20Madras,In the bibliography; no footnote matched to it
BI_B887,Bibliography only,,,,URL,— Travel with a cause. 2005:2009. http://www.travelwithacause.org/homc. php (accessed 2 February 2010).,BI_B887,BI_B887_Travel-With_2005-2009,— Travel with a cause. 2005:2009. http://www.travelwithacause.org/homc. php (accessed 2 February 2010).,http://www.travelwithacause.org/home.php,,,To do,,,,,,"Cited together with other sources in: BI_Ch18_57, BI_Ch18_58 (counted in 'most cited') | Web address corrected from the earlier audit (the book's text read: http://www.travelwithacause.org/homc) | download failed - live page: web server answered HTTP 404"
BI_B891,Bibliography only,,,,URL,Upison. Scotland Unison News. 2000. http://www.unison-scotland.org.uk/news/2000/archi\e.html (accessed 30 January 2009).,BI_B891,BI_B891_Upison_Scotland-Unison-News,Upison. Scotland Unison News. 2000. http://www.unison-scotland.org.uk/news/2000/archi\e.html (accessed 30 January 2009).,http://www.unison-scotland.org.uk/news/2000/archi\e.html,,,To do,,,,,,In the bibliography; no footnote matched to it | download failed - live page: web server answered HTTP 404
BI_B901,Bibliography only,,,,Book/Print,"USCIRE ‘Report of the United States Commission on International Religious Freedom’. Annual Report, 2001.",BI_B901,BI_B901_Uscire-Report_Annual-Report,"USCIRE ‘Report of the United States Commission on International Religious Freedom’. Annual Report, 2001.",,,,To do,,,,,https://www.google.com/search?tbm=bks&q=Annual%20Report%202001%20USCIRE%20%E2%80%98Report%20of%20the%20United%20States%20Commission%20on%20International%20Religious%20Freedom%E2%80%99,In the bibliography; no footnote matched to it
BI_B908,Bibliography only,,,,Book/Print,"Venkatesan, M. The Other Side of EVR (Tamil). Indian Forward Block, 2004.",BI_B908,BI_B908_Venkatesan_The-Other-Side-of-EVR,"Venkatesan, M. The Other Side of EVR (Tamil). Indian Forward Block, 2004.",,,,To do,,,,,https://www.google.com/search?tbm=bks&q=The%20Other%20Side%20of%20EVR%20Tamil%20Indian%20Forward%20Block%20Venkatesan,In the bibliography; no footnote matched to it
BI_B912,Bibliography only,,,,Book/Print,"Vivekananda, Swami. Complete works. Vol. IV. Mayavati: Advaita Ashrama, 1970.",BI_B912,BI_B912_Vivekananda_Complete-works,"Vivekananda, Swami. Complete works. Vol. IV. Mayavati: Advaita Ashrama, 1970.",,,,To do,,,,,https://www.google.com/search?tbm=bks&q=Complete%20works%20Vol%20IV%20Mayavati%20Advaita%20Ashrama%201970%20Vivekananda,Cited together with other sources in: BI_Ch14_36 (counted in 'most cited')
BI_B918,Bibliography only,,,,URL,— Who are we. 2009. http://www.oikoumene.org/en/who-are-we.html (accessed 2009).,BI_B918,BI_B918_Who-Are_2009,— Who are we. 2009. http://www.oikoumene.org/en/who-are-we.html (accessed 2009).,http://www.oikoumene.org/en/who-are-we.html,,,To do,,,,,,"Cited together with other sources in: BI_Ch17_42, BI_Ch17_43, BI_Ch17_48, BI_Ch17_70 (counted in 'most cited') | download failed - live page: web server answered HTTP 404"
BI_B919,Bibliography only,,,,URL,— World’s Churches Wrestle With the Ancient System of Caste-based Discrimination. 25 March 2009. http://www.oikoumene.org/en/news/news-management/eng/a/browse/3/article/1634/worlds-churches-wrestle.html (accessed 10 May 2009).,BI_B919,BI_B919_World-S_25-March-2009,— World’s Churches Wrestle With the Ancient System of Caste-based Discrimination. 25 March 2009. http://www.oikoumene.org/en/news/news-management/eng/a/browse/3/article/1634/worlds-churches-wrestle.html (accessed 10 May 2009).,http://www.oikoumene.org/en/news/news-management/eng/a/browse/3/article/1634/worlds-churches-wrestle.html,,,To do,,,,,,"Cited together with other sources in: BI_Ch17_42, BI_Ch17_43, BI_Ch17_48, BI_Ch17_70 (counted in 'most cited') | download failed - live page: web server answered HTTP 404"
BI_B924,Bibliography only,,,,URL,wikipedia. Austrian People’s Party. 2009. http://en.wikipedia.org/wiki/Austrian_People’s_Party (accessed 10 January 2010).,BI_B924,BI_B924_Wikipedia_Austrian-People-s-Party,wikipedia. Austrian People’s Party. 2009. http://en.wikipedia.org/wiki/Austrian_People’s_Party (accessed 10 January 2010).,http://en.wikipedia.org/wiki/Austrian_People’s_Party,,,On OneDrive,,BI_B924_Wikipedia_Austrian-People-s-Party_en-wikipedia-org.pdf,https://1drv.ms/b/c/ACD215A5F926CFCE/IQDDM1JES5ecSoWK4nMwb0RWAcWqG_ZxM2FSR5ZUiOt0cM4?download=1,,,Cited together with other sources in: BI_Ch17_25 (counted in 'most cited') | Page saved as PDF (cover page + copy) from live page on 2026-10-09
BI_B925,Bibliography only,,,,URL,— Entry for Christian Solidarity worldwide. littp://en.wikipedia.org/wiki/ Christian_Solidaiity__Worldwide (accessed 10 January 2009).,BI_B925,BI_B925_Entry-For_littp-en,— Entry for Christian Solidarity worldwide. littp://en.wikipedia.org/wiki/ Christian_Solidaiity__Worldwide (accessed 10 January 2009).,http://en.wikipedia.org/wiki/Christian_Solidarity_Worldwide,https://web.archive.org/web/20260714142745/https://en.wikipedia.org/wiki/Christian_Solidarity_Worldwide,Snapshot found,On OneDrive,,BI_B925_Entry-For_littp-en_en-wikipedia-org.pdf,https://1drv.ms/b/c/ACD215A5F926CFCE/IQAJzNX34VjzT7rYpCPNCTo9AXlca5BfkuHrTogVhzbepUk?download=1,,https://www.google.com/search?tbm=bks&q=littp%20en%20wikipedia%20org%20wiki%20Christian_Solidaiity__Worldwide%20accessed%2010%20January%20%E2%80%94%20Entry%20for%20Christian%20Solidarity%20worldwide,Cited together with other sources in: BI_Ch17_25 (counted in 'most cited') | Web address from the earlier audit | Page saved as PDF (cover page + copy) from live page on 2026-10-09
BI_B926,Bibliography only,,,,URL,— Entry cn Benita Ferrero Waldner. http://en.wikipedia.org/wiki/Benita_Ferrero-Waldner (accessed 30 January 2009).,BI_B926,BI_B926_Entry-Cn,— Entry cn Benita Ferrero Waldner. http://en.wikipedia.org/wiki/Benita_Ferrero-Waldner (accessed 30 January 2009).,http://en.wikipedia.org/wiki/Benita_Ferrero-Waldner,https://web.archive.org/web/20260119093622/https://en.wikipedia.org/wiki/Benita_Ferrero-Waldner,Snapshot found,On OneDrive,,BI_B926_Entry-Cn_en-wikipedia-org.pdf,https://1drv.ms/b/c/ACD215A5F926CFCE/IQBOGunsjmCXT7yfcA1Zd_cKAeAxqqPFwnE4iqF2EbQ-BI8?download=1,,,Cited together with other sources in: BI_Ch17_25 (counted in 'most cited') | Page saved as PDF (cover page + copy) from live page on 2026-10-09
BI_B927,Bibliography only,,,,URL,— Entry on Max van den Berg. http://en.wikipedia.org/wiki/Max_van_den_ Berg (accessed 10 January 2009).,BI_B927,BI_B927_Entry-On_Berg,— Entry on Max van den Berg. http://en.wikipedia.org/wiki/Max_van_den_ Berg (accessed 10 January 2009).,http://en.wikipedia.org/wiki/Max_van_den_Berg,https://web.archive.org/web/20251113094504/https://en.wikipedia.org/wiki/Max_van_den_Berg,Snapshot found,On OneDrive,,BI_B927_Entry-On_Berg_en-wikipedia-org.pdf,https://1drv.ms/b/c/ACD215A5F926CFCE/IQCxLWzbxU2IRrmYl915bFjAAaUUihIv7gfZEikeMc6lHkw?download=1,,,Cited together with other sources in: BI_Ch17_25 (counted in 'most cited') | Web address corrected from the earlier audit (the book's text read: http://en.wikipedia.org/wiki/Max_van_den_) | Page saved as PDF (cover page + copy) from live page on 2026-10-09
BI_B934,Bibliography only,,,,Book/Print,"Wilson, Colin. The Occult. London: Graffton, 1988.",BI_B934,BI_B934_Wilson_The-Occult,"Wilson, Colin. The Occult. London: Graffton, 1988.",,,,To do,,,,,https://www.google.com/search?tbm=bks&q=The%20Occult%20London%20Graffton%201988%20Wilson,"Cited together with other sources in: BI_Ch07_04, BI_Ch07_16, BI_Ch07_19, BI_Ch07_20 (counted in 'most cited')"
BI_B939,Bibliography only,,,,Book/Print,"Winters, Clyde Ahmad. ‘The Indus Valley Writing and Related Scripts of the 3rd Millennium BC’. India Past and Present 2, no. 1 (1985): 13-19.",BI_B939,BI_B939_Winters_The-Indus-Valley-Writing-and-Related-Scripts,"Winters, Clyde Ahmad. ‘The Indus Valley Writing and Related Scripts of the 3rd Millennium BC’. India Past and Present 2, no. 1 (1985): 13-19.",,,,To do,,,,,https://www.google.com/search?tbm=bks&q=The%20Indus%20Valley%20Writing%20and%20Related%20Scripts%20of%20the%20Winters,"Cited together with other sources in: BI_Ch12_22, BI_Ch12_23, BI_Ch12_24 (counted in 'most cited')"
BI_B940,Bibliography only,,,,Book/Print,"Winters, Clyde Ahmad. ‘The Proto-Culture of the Dravidians, Manding and Sumerians’. Tamil Civilization 3, no. 1 (1985): 1-9.",BI_B940,BI_B940_Winters_The-Proto-Culture-of-the-Dravidians,"Winters, Clyde Ahmad. ‘The Proto-Culture of the Dravidians, Manding and Sumerians’. Tamil Civilization 3, no. 1 (1985): 1-9.",,,,To do,,,,,https://www.google.com/search?tbm=bks&q=The%20Proto%20Culture%20of%20the%20Dravidians%20Manding%20and%20Sumerians%20Winters,"Cited together with other sources in: BI_Ch12_22, BI_Ch12_23, BI_Ch12_24 (counted in 'most cited')"
BI_B942,Bibliography only,,,,Book/Print,— ‘Early Sources for South Asian Substrate Languages’. Mother Tongue Special Issue^ October 1999.,BI_B942,BI_B942_Early-Sources_Mother-Tongue-Special-Issue-October-1999,— ‘Early Sources for South Asian Substrate Languages’. Mother Tongue Special Issue^ October 1999.,,,,To do,,,,,https://www.google.com/search?tbm=bks&q=Mother%20Tongue%20Special%20Issue%20October%201999%20%E2%80%94%20%E2%80%98Early%20Sources%20for%20South%20Asian%20Substrate%20Languages%E2%80%99,Cited together with other sources in: BI_Ch10_24 (counted in 'most cited')
BI_B943,Bibliography only,,,,Book/Print,"Witzel, Michael. ‘Substrate languages in Old Indo-Aryan (Rgvedic, middle and late Vedic)’. Electronic Journal of Vedic Studies 5, no. 1 (1999).",BI_B943,BI_B943_Witzel_Substrate-languages-in-Old-Indo-Aryan,"Witzel, Michael. ‘Substrate languages in Old Indo-Aryan (Rgvedic, middle and late Vedic)’. Electronic Journal of Vedic Studies 5, no. 1 (1999).",,,,To do,,,,,https://www.google.com/search?tbm=bks&q=Substrate%20languages%20in%20Old%20Indo%20Aryan%20Rgvedic%20middle%20and%20Witzel,Cited together with other sources in: BI_Ch10_24 (counted in 'most cited')
BI_B945,Bibliography only,,,,Book/Print,"Woolley, Leonard. History Unearthed: A Survey of Eighteen Archaeological Sites Throughout the World. E. Benn, 1958.",BI_B945,BI_B945_Woolley_History-Unearthed-A-Survey-of-Eighteen-Archaeological,"Woolley, Leonard. History Unearthed: A Survey of Eighteen Archaeological Sites Throughout the World. E. Benn, 1958.",,,,To do,,,,,https://www.google.com/search?tbm=bks&q=History%20Unearthed%20A%20Survey%20of%20Eighteen%20Archaeological%20Sites%20Throughout%20Woolley,In the bibliography; no footnote matched to it
BI_B954,Bibliography only,,,,URL,"www.ccci.org. ‘Campus Crusade for Christ India: Illusionists Carry the Gospel to 500 Thousand’, http://www.ccci.org/locations/asia/india/illusionists-carry-the-gospel-to-500-thousand.aspx (accessed 10 January 2009).",BI_B954,BI_B954_Www_Campus-Crusade-for-Christ-India-Illusionists-Carry,"www.ccci.org. ‘Campus Crusade for Christ India: Illusionists Carry the Gospel to 500 Thousand’, http://www.ccci.org/locations/asia/india/illusionists-carry-the-gospel-to-500-thousand.aspx (accessed 10 January 2009).",http://www.ccci.org | http://www.ccci.org/locations/asia/india/illusionists-carry-the-gospel-to-500-thousand.aspx,,,On OneDrive,,BI_B954_Www_Campus-Crusade-for-Christ-India-Illusionists-Carry_ccci-org.pdf,https://1drv.ms/b/c/ACD215A5F926CFCE/IQDyPxE7xfZ1TacLKrkAiTC5AfXGM3N7yrtdTciWl_09NoQ?download=1,,,In the bibliography; no footnote matched to it | Page saved as PDF (cover page + copy) from live page on 2026-10-09
BI_B956,Bibliography only,,,,URL,— ‘Colorado Christian University Alumni Heal a Himalayan Community’. http://wwvJccu.edu/admissions/news/news_story.asp?iNewsID=738&strBack-%2Fadrnissions%2Fnews%2Fnews_archive.asp (accessed 10 January 2009) .,BI_B956,BI_B956_Colorado-Christian,— ‘Colorado Christian University Alumni Heal a Himalayan Community’. http://wwvJccu.edu/admissions/news/news_story.asp?iNewsID=738&strBack-%2Fadrnissions%2Fnews%2Fnews_archive.asp (accessed 10 January 2009) .,http://www.ccu.edu/admissions/news/news_story.asp?iNewsID=738&strBack=%2Fadmissions%2Fnews%2Fnews_archive.asp,,,To do,,,,,,In the bibliography; no footnote matched to it | Web address corrected from the earlier audit (the book's text read: http://wwvJccu.edu/admissions/news/news_story.asp?iNewsID=738&strBack-%2Fadrnissions%2Fnews%2Fnews_archive.asp) | download failed - live page: web server answered HTTP 404
BI_B959,Bibliography only,,,,URL,"www.christianpersecuticn.info. ‘Gospel for Asia Missionaries Beaten and Arrested at Indian Festival’. 2007. http://www,christianpersecution.info/news/gospel-for- asia-missionaries-beaten-arrested-at-indian-festival (accessed 12 January 2009).",BI_B959,BI_B959_Www_Gospel-for-Asia-Missionaries-Beaten-and-Arrested,"www.christianpersecuticn.info. ‘Gospel for Asia Missionaries Beaten and Arrested at Indian Festival’. 2007. http://www,christianpersecution.info/news/gospel-for- asia-missionaries-beaten-arrested-at-indian-festival (accessed 12 January 2009).","http://www.christianpersecuticn.info | http://www,christianpersecution.info/news/gospel-for-",,,To do,,,,,,In the bibliography; no footnote matched to it | download failed - live page: Page.goto: net::ERR_NAME_NOT_RESOLVED at http://www.christianpersecuti
BI_B964,Bibliography only,,,,URL,"www.europarl.europa.eu/. ‘Committee on Development, The Dalits Faghts in India Meeting’. 2006. http://www.europarl.europa.eu/comparl/deve/meetings_hr/default._en.htm (accessed 10 August 2009).",BI_B964,BI_B964_Www_Committee-on-Development,"www.europarl.europa.eu/. ‘Committee on Development, The Dalits Faghts in India Meeting’. 2006. http://www.europarl.europa.eu/comparl/deve/meetings_hr/default._en.htm (accessed 10 August 2009).",http://www.europarl.europa.eu/ | http://www.europarl.europa.eu/comparl/deve/meetings_hr/default._en.htm,,,On OneDrive,,BI_B964_Www_Committee-on-Development_europarl-europa-eu.pdf,https://1drv.ms/b/c/ACD215A5F926CFCE/IQAPuXLhkJeoTqXmV4ArC5gIASueMoP9QMfzeU1skG1-kj0?download=1,,,"Cited together with other sources in: BI_Ch17_26, BI_Ch17_28 (counted in 'most cited') | Page saved as PDF (cover page + copy) from live page on 2026-10-09"
BI_B970,Bibliography only,,,,URL,— History. 2005. http://www.gltc.edu/gurukul/01-overview/overview.4iistory. htm (accessed 2009).,BI_B970,BI_B970_History_2005,— History. 2005. http://www.gltc.edu/gurukul/01-overview/overview.4iistory. htm (accessed 2009).,http://www.gltc.edu/gurukul/01-overview/overview/history.htm,https://web.archive.org/web/20100428081734/http://www.gltc.edu:80/gurukul/01-overview/overview/history.htm,Snapshot found,On OneDrive,,BI_B970_History_2005_gltc-edu.pdf,https://1drv.ms/b/c/ACD215A5F926CFCE/IQDzy77DBCSfQ6FpeDfVGwG3AbuIVNcjdcNumtFnLeOjGI0?download=1,,,"Cited together with other sources in: BI_Ch17_103, BI_Ch17_105 (counted in 'most cited') | Web address corrected from the earlier audit (the book's text read: http://www.gltc.edu/gurukul/01-overview/overview.4iistory) | Page saved as PDF (cover page + copy) from Wayback snapshot on 2026-10-09"
BI_B971,Bibliography only,,,,URL,"— ‘Tercentenary Celebration, 300 years of Protestant Mission/Church in India’. 2006. http://www.gltc.edu/tercentenary/ziegenbalg.htm (accessed 11 November 2009).",BI_B971,BI_B971_Tercentenary-Celebration_2006,"— ‘Tercentenary Celebration, 300 years of Protestant Mission/Church in India’. 2006. http://www.gltc.edu/tercentenary/ziegenbalg.htm (accessed 11 November 2009).",http://www.gltc.edu/tercentenary/ziegenbalg.htm,,,To do,,,,,,"Cited together with other sources in: BI_Ch27_08, BI_Ch27_11, BI_Ch27_17 (counted in 'most cited') | download failed - live page: web server answered HTTP 404"
BI_B973,Bibliography only,,,,URL,— ‘Gordon-Conwell Theological Seminary: Basis of Faith’. 2001:2009. http://www.gordonconwell.edu/about/basis_faith.html (accessed 3 April 2009).,BI_B973,BI_B973_Gordon-Conwell_2001-2009,— ‘Gordon-Conwell Theological Seminary: Basis of Faith’. 2001:2009. http://www.gordonconwell.edu/about/basis_faith.html (accessed 3 April 2009).,http://www.gordonconwell.edu/about/basis_faith.html,https://web.archive.org/web/20030402031409/http://www.gordonconwell.edu:80/about/basis_faith.html,Snapshot found,On OneDrive,,BI_B973_Gordon-Conwell_2001-2009_gordonconwell-edu.pdf,https://1drv.ms/b/c/ACD215A5F926CFCE/IQDjuXBeqJuTTqQ9prHNJjWPATAFiC72-yShEUyJCXbuoQU?download=1,,,"Cited together with other sources in: BI_Ch15_08, BI_Ch15_09, BI_Ch15_10 (counted in 'most cited') | Page saved as PDF (cover page + copy) from live page on 2026-10-09"
BI_B974,Bibliography only,,,,URL,— ‘ Gordon-Conwell Theological Seminary: History’. 2001:2009. http://www.gordonconwell.edu/about/history.html (accessed 3 April 2009).,BI_B974,BI_B974_Gordon-Conwell_2001-2009,— ‘ Gordon-Conwell Theological Seminary: History’. 2001:2009. http://www.gordonconwell.edu/about/history.html (accessed 3 April 2009).,http://www.gordonconwell.edu/about/basis_faith.html,https://web.archive.org/web/20030402031409/http://www.gordonconwell.edu:80/about/basis_faith.html,Snapshot found,On OneDrive,,BI_B974_Gordon-Conwell_2001-2009_gordonconwell-edu.pdf,https://1drv.ms/b/c/ACD215A5F926CFCE/IQAqguee18jbQbWU034eFFRVAVymXKkTpRioNl_fYO4W7qI?download=1,,,"Cited together with other sources in: BI_Ch15_08, BI_Ch15_09, BI_Ch15_10 (counted in 'most cited') | Web address corrected from the earlier audit (the book's text read: http://www.gordonconwell.edu/about/history.html) | Page saved as PDF (cover page + copy) from live page on 2026-10-09"
BI_B977,Bibliography only,,,,URL,"www.hudson.org. Bio of Paul Marshall, http://www.hudson.org/learn/index. cfm?fuseaction=staff_bio&eid=MarsPaul (accessed 10 January 2009).",BI_B977,BI_B977_Www_Bio-of-Paul-Marshall,"www.hudson.org. Bio of Paul Marshall, http://www.hudson.org/learn/index. cfm?fuseaction=staff_bio&eid=MarsPaul (accessed 10 January 2009).",http://www.hudson.org | http://www.hudson.org/learn/index,,,On OneDrive,,BI_B977_Www_Bio-of-Paul-Marshall_hudson-org.pdf,https://1drv.ms/b/c/ACD215A5F926CFCE/IQAXO5jChmazT6KuRHykSQv8AdltFvtODsPzkhjZoqwJELo?download=1,,,In the bibliography; no footnote matched to it | Page saved as PDF (cover page + copy) from live page on 2026-10-09
BI_B979,Bibliography only,,,,URL,www.indianchristians.us. ‘Pator Evicted in Himachal Prades’. 2007. http://www.indianchristians.us/newsdetail.php?id=5 (accessed 2010).,BI_B979,BI_B979_Www_Pator-Evicted-in-Himachal-Prades,www.indianchristians.us. ‘Pator Evicted in Himachal Prades’. 2007. http://www.indianchristians.us/newsdetail.php?id=5 (accessed 2010).,http://www.indianchristians.us | http://www.indianchristians.us/newsdetail.php?id=5,,,On OneDrive,,BI_B979_Www_Pator-Evicted-in-Himachal-Prades_indianchristians-us.pdf,https://1drv.ms/b/c/ACD215A5F926CFCE/IQCNLGdTRvNQR7-SXWUxJyKbAbjI182-12b4thgwMODkm9g?download=1,,,Cited together with other sources in: BI_Ch18_69 (counted in 'most cited') | Page saved as PDF (cover page + copy) from live page on 2026-10-09
BI_B983,Bibliography only,,,,URL,www.kanavuppattarai.com. ‘Mathamma’. 2009. http://www.kanavuppattarai.com/mathamma.htm (accessed 2010).,BI_B983,BI_B983_Www_Mathamma,www.kanavuppattarai.com. ‘Mathamma’. 2009. http://www.kanavuppattarai.com/mathamma.htm (accessed 2010).,http://www.kanavuppattarai.com | http://www.kanavuppattarai.com/mathamma.htm,,,To do,,,,,,In the bibliography; no footnote matched to it | download failed - live page: Page.goto: net::ERR_NAME_NOT_RESOLVED at http://www.kanavuppattarai.co
BI_B986,Bibliography only,,,,URL,www.Iingui5fics.berkeley.edu. Murray Earnson Emeneau (1904-2005). 2005. JIttp://wvzw.linguistics.berkeley.edu/people/emeneauy'obit.html (accessed 12 September 2008).,BI_B986,BI_B986_Www_Murray-Earnson-Emeneau,www.Iingui5fics.berkeley.edu. Murray Earnson Emeneau (1904-2005). 2005. JIttp://wvzw.linguistics.berkeley.edu/people/emeneauy'obit.html (accessed 12 September 2008).,http://www.Iingui5fics.berkeley.edu,,,To do,,,,,,In the bibliography; no footnote matched to it | download failed - live page: Page.goto: net::ERR_NAME_NOT_RESOLVED at http://www.iingui5fics.berkel
BI_B990,Bibliography only,,,,URL,— ‘Maoists Working with Christian Organizations in Orissa*. 17 January 2008. http://www.nerve.in/news:253500124058 (accessed 10 Januarv 2009).,BI_B990,BI_B990_Maoists-Working_17-January-2008,— ‘Maoists Working with Christian Organizations in Orissa*. 17 January 2008. http://www.nerve.in/news:253500124058 (accessed 10 Januarv 2009).,http://www.nerve.in/news:253500124058,,,To do,,,,,,"In the bibliography; no footnote matched to it | download failed - live page: page is empty or is an error page, not a real copy"
BI_B992,Bibliography only,,,,Book/Print,J ngc-monitOr.org/article/ngo_monito.r_correspondence_with_director_of_ christian_aid_on_durban_ii_fundirlg (accessed 30 January 2010).,BI_B992,BI_B992_J-Ngc_J-ngc-monitOr,J ngc-monitOr.org/article/ngo_monito.r_correspondence_with_director_of_ christian_aid_on_durban_ii_fundirlg (accessed 30 January 2010).,,,,To do,,,,,https://www.google.com/search?tbm=bks&q=J%20ngc%20monitOr%20org%20article%20ngo_monito%20r_correspondence_with_director_of_%20christian_aid_on_durban_ii_fundirlg%20accessed%20J%20ngc-monitOr.org/article/ngo_monito.r_correspondence_with_director_of_%20christian_aid_on_durban_ii_fundirlg%20%28accessed%2030%20January%202010%29.,In the bibliography; no footnote matched to it
BI_B993,Bibliography only,,,,URL,www.omccindra.org. ‘Dalit Schools Ground Breaking Features*. 2002:2009. http://www.omccindia.org/ourschools.htm (accessed 10 Janua.ry 2009).,BI_B993,BI_B993_Www_Dalit-Schools-Ground-Breaking-Features,www.omccindra.org. ‘Dalit Schools Ground Breaking Features*. 2002:2009. http://www.omccindia.org/ourschools.htm (accessed 10 Janua.ry 2009).,http://www.omccindra.org | http://www.omccindia.org/ourschools.htm,,,To do,,,,,,In the bibliography; no footnote matched to it | download failed - live page: Page.goto: net::ERR_NAME_NOT_RESOLVED at http://www.omccindra.org/
BI_B994,Bibliography only,,,,URL,— ‘Operation Mercy Charitable Company India: About Us*. 2002:2009. http://www.omccindia.org/about.htm (accessed 10 January 2009).,BI_B994,BI_B994_Operation-Mercy_2002-2009,— ‘Operation Mercy Charitable Company India: About Us*. 2002:2009. http://www.omccindia.org/about.htm (accessed 10 January 2009).,http://www.omccindia.org/about.htm,,,To do,,,,,,In the bibliography; no footnote matched to it | download failed - live page: Page.goto: net::ERR_NAME_NOT_RESOLVED at http://www.omccindia.org/abou
BI_B995,Bibliography only,,,,URL,WWV7.omusa.org. ‘Operation Mobilization USA: About Us*. 2002. http://omusa.org/about-us/ (accessed 10 January 2009).,BI_B995,BI_B995_Wwv7_Operation-Mobilization-USA-About-Us,WWV7.omusa.org. ‘Operation Mobilization USA: About Us*. 2002. http://omusa.org/about-us/ (accessed 10 January 2009).,http://omusa.org/about-us/,,,On OneDrive,,BI_B995_Wwv7_Operation-Mobilization-USA-About-Us_omusa-org.pdf,https://1drv.ms/b/c/ACD215A5F926CFCE/IQC-APWZmNQJS6oIiTq675EPAQHDCaiVwcUCqsmsOY9LDls?download=1,,,In the bibliography; no footnote matched to it | Page saved as PDF (cover page + copy) from live page on 2026-10-09
BI_B997,Bibliography only,,,,URL,www.parliainent.uk. ‘Parliamentary Business*. United Kingdom Parliament. 8 May 2007. http://www.publications.parlian.ent.uk/pa/cm200607/crnhansrd/cm070508/halltext/70508h0006.htm (accessed 30 January^ 2009).,BI_B997,BI_B997_Www_Parliamentary-Business,www.parliainent.uk. ‘Parliamentary Business*. United Kingdom Parliament. 8 May 2007. http://www.publications.parlian.ent.uk/pa/cm200607/crnhansrd/cm070508/halltext/70508h0006.htm (accessed 30 January^ 2009).,http://www.parliainent.uk | http://www.publications.parlian.ent.uk/pa/cm200607/crnhansrd/cm070508/halltext/70508h0006.htm,,,To do,,,,,,In the bibliography; no footnote matched to it | download failed - live page: Page.goto: net::ERR_NAME_NOT_RESOLVED at http://www.parliainent.uk/
BI_B1006,Bibliography only,,,,URL,www.talkorigins.org. ‘ Claim CA005’. The TalkOrigins Archive. 2002. http://www.talkorigins.org/indexcc/CA/CA005_2.html (accessed 2010).,BI_B1006,BI_B1006_Www_Claim-CA005,www.talkorigins.org. ‘ Claim CA005’. The TalkOrigins Archive. 2002. http://www.talkorigins.org/indexcc/CA/CA005_2.html (accessed 2010).,http://www.talkorigins.org | http://www.talkorigins.org/indexcc/CA/CA005_2.html,,,On OneDrive,,BI_B1006_Www_Claim-CA005_talkorigins-org.pdf,https://1drv.ms/b/c/ACD215A5F926CFCE/IQCNYuY5BW8gS5_Uew540FtVAe78EZkzPfehUcdunNp5YcQ?download=1,,,In the bibliography; no footnote matched to it | Page saved as PDF (cover page + copy) from live page on 2026-10-09
BI_B1009,Bibliography only,,,,URL,"www.tamilnet.com. Call on UK to lift ban on LTTE, http://www.tamilnet.com' art.html?catid=l3&:artid=20755 (accessed 30 January 2009).",BI_B1009,BI_B1009_Www_Call-on-UK-to-lift-ban-on,"www.tamilnet.com. Call on UK to lift ban on LTTE, http://www.tamilnet.com' art.html?catid=l3&:artid=20755 (accessed 30 January 2009).",http://www.tamilnet.com | http://www.tamilnet.com,,,On OneDrive,,BI_B1009_Www_Call-on-UK-to-lift-ban-on_tamilnet-com.pdf,https://1drv.ms/b/c/ACD215A5F926CFCE/IQAl3t0Zdj7VQbu1KgykfUz3ARnmhtmTsg32APfiQ355dzk?download=1,,,In the bibliography; no footnote matched to it | Page saved as PDF (cover page + copy) from live page on 2026-10-09
BI_B1011,Bibliography only,,,,URL,— ‘Nepal: We need more support from China’. 2009. http://www.telegraphnepal.com/news_det.php?news_id=4859 (accessed 2009).,BI_B1011,BI_B1011_Nepal-We_2009,— ‘Nepal: We need more support from China’. 2009. http://www.telegraphnepal.com/news_det.php?news_id=4859 (accessed 2009).,http://www.telegraphnepal.com/news_det.php?news_id=4859,,,To do,,,,,,"Cited together with other sources in: BI_Ch19_24, BI_Ch19_30 (counted in 'most cited') | download failed - live page: web server answered HTTP 404"
BI_B1014,Bibliography only,,,,URL,www.uelci.org. The Indian Lutheran E News. Vol. 2: Issue 3. July-August 2007.,BI_B1014,BI_B1014_Www_The-Indian-Lutheran-E-News,www.uelci.org. The Indian Lutheran E News. Vol. 2: Issue 3. July-August 2007.,http://www.uelci.org,,,On OneDrive,,BI_B1014_Www_The-Indian-Lutheran-E-News_uelci-org.pdf,https://1drv.ms/b/c/ACD215A5F926CFCE/IQAdUtcSKJioQYTjRp56cTNwAYrrK3zLT8DoI28LjjIMMpg?download=1,,,"Cited together with other sources in: BI_Ch27_22, BI_Ch27_23 (counted in 'most cited') | Page saved as PDF (cover page + copy) from live page on 2026-10-09"
BI_B1015,Bibliography only,,,,URL,www.uelci.org. The Indian Lutheran E News. Vol. 3 Issue.3. May-June 2008.,BI_B1015,BI_B1015_Www_The-Indian-Lutheran-E-News,www.uelci.org. The Indian Lutheran E News. Vol. 3 Issue.3. May-June 2008.,http://www.uelci.org,,,On OneDrive,,BI_B1015_Www_The-Indian-Lutheran-E-News_uelci-org.pdf,https://1drv.ms/b/c/ACD215A5F926CFCE/IQD-IbFPRYQMTK-YrFLVW3JMAdbQRziTshUSIpfYBl0KdAo?download=1,,,"Cited together with other sources in: BI_Ch27_24, BI_Ch27_25 (counted in 'most cited') | Page saved as PDF (cover page + copy) from live page on 2026-10-09"
BI_B1022,Bibliography only,,,,URL,"— US AID: About, http://www.usaid.gov/about_usaid/ (accessed 30 January 2009).",BI_B1022,BI_B1022_Us-Aid_US-AID-About,"— US AID: About, http://www.usaid.gov/about_usaid/ (accessed 30 January 2009).",http://www.usaid.gov/about_usaid/,,,To do,,,,,,In the bibliography; no footnote matched to it | download failed - live page: web server answered HTTP 403
BI_B1023,Bibliography only,,,,URL,"www.uscfrf.gov. Bio of Nina Shea. http://www.uscirf.gov/cirfPages/bio_Shea. php3 (accessed Janaury 10, 2009).",BI_B1023,BI_B1023_Www_Bio-of-Nina-Shea,"www.uscfrf.gov. Bio of Nina Shea. http://www.uscirf.gov/cirfPages/bio_Shea. php3 (accessed Janaury 10, 2009).",http://www.uscfrf.gov | http://www.uscirf.gov/cirfPages/bio_Shea,,,To do,,,,,,In the bibliography; no footnote matched to it | download failed - live page: Page.goto: net::ERR_NAME_NOT_RESOLVED at http://www.uscfrf.gov/
BI_B1024,Bibliography only,,,,URL,— ‘USCIRF sends letter to Orissa CM’. October 2009. http://www.uscirf.gov/index.php?option=com_content&task=view&:id=2781 (accessed 5 January 2010).,BI_B1024,BI_B1024_Uscirf-Sends_October-2009,— ‘USCIRF sends letter to Orissa CM’. October 2009. http://www.uscirf.gov/index.php?option=com_content&task=view&:id=2781 (accessed 5 January 2010).,http://www.uscirf.gov/index.php?option=com_content&task=view&id=2781,,,On OneDrive,,BI_B1024_Uscirf-Sends_October-2009_uscirf-gov.pdf,https://1drv.ms/b/c/ACD215A5F926CFCE/IQD5_OKSwtPbTbL7mB7BNpi6Ab8HGxNje3md_o6gxyiX8Zg?download=1,,,In the bibliography; no footnote matched to it | Web address corrected from the earlier audit (the book's text read: http://www.uscirf.gov/index.php?option=com_content&task=view&:id=2781) | Page saved as PDF (cover page + copy) from live page on 2026-10-09
BI_B1025,Bibliography only,,,,URL,— ‘Visa Denied to USCIRF’. 2009. http://www.uscirf.gov/index. php?option=com_content&task=viewS<;id-2520&Itemid=58 (accessed 17 December 2009).,BI_B1025,BI_B1025_Visa-Denied_2009,— ‘Visa Denied to USCIRF’. 2009. http://www.uscirf.gov/index. php?option=com_content&task=viewS<;id-2520&Itemid=58 (accessed 17 December 2009).,http://www.uscirf.gov/index,,,To do,,,,,,In the bibliography; no footnote matched to it | download failed - live page: web server answered HTTP 404
BI_B1028,Bibliography only,,,,URL,— The Legacy of William Carey (1993). 2000:2009. http://www.vishalmangalwadi.com/vkmWebSite/works_carey.php (accessed 30 January 2009).,BI_B1028,BI_B1028_The-Legacy_2000-2009,— The Legacy of William Carey (1993). 2000:2009. http://www.vishalmangalwadi.com/vkmWebSite/works_carey.php (accessed 30 January 2009).,http://www.vishalmangalwadi.com/vkmWebSite/works_carey.php,,,To do,,,,,,"Cited together with other sources in: BI_Ch18_04, BI_Ch18_05, BI_Ch18_16 (counted in 'most cited') | download failed - live page: page is empty or is an error page, not a real copy"
BI_B1029,Bibliography only,,,,URL,— Vishal Mangalwadi: Works. 2000:2009. http://www.vishalmangalwadi.com/vkmWebSfte/works.php (accessed 10 January 2009).,BI_B1029,BI_B1029_Vishal-Mangalwadi_2000-2009,— Vishal Mangalwadi: Works. 2000:2009. http://www.vishalmangalwadi.com/vkmWebSfte/works.php (accessed 10 January 2009).,http://www.vishalmangalwadi.com/vkmWebSfte/works.php,,,To do,,,,,,"Cited together with other sources in: BI_Ch18_04, BI_Ch18_05, BI_Ch18_16 (counted in 'most cited') | download failed - live page: page is empty or is an error page, not a real copy"
BI_B1034,Bibliography only,,,,Book/Print,"— P^evolution in World Missions. Creation House, 1986.",BI_B1034,BI_B1034_P-Evolution_Creation-House,"— P^evolution in World Missions. Creation House, 1986.",,,,To do,,,,,https://www.google.com/search?tbm=bks&q=Creation%20House%201986%20%E2%80%94%20P%5Eevolution%20in%20World%20Missions,"Cited together with other sources in: BI_Ch18_44, BI_Ch18_45, BI_Ch18_46, BI_Ch18_47, BI_Ch18_48, BI_Ch18_60 (counted in 'most cited')"
