ID,Row type,Chapter,Chapter name,Note #,Category,Note / citation text,Source ID,File stem,Source (full citation),URL,Wayback link,Wayback status,Status,Download URL,Backup file,OneDrive link,Cited page,Google Books link,Remarks
AIFP_N001,Note,0,Introduction,1,Unlinked note,Ramayana 6.16.21 and also Ramayana 3.37.2.,,AIFP_N001,,,,,To do,,,,,,"No bibliography entry matched: the author's own comment, or a source to identify by hand"
AIFP_N002,Note,0,Introduction,2,URL,"See: https://www.bloomberg.com/news/articles/2020-05-28/google-sued-by-arizona-over-collecting-user-location-data (accessed July 20, 2020).",,AIFP_N002_bloomberg-com_google-sued-by-arizona-over-collecting-user,,https://www.bloomberg.com/news/articles/2020-05-28/google-sued-by-arizona-over-collecting-user-location-data,http://web.archive.org/web/20200621154401/https://www.bloomberg.com/news/articles/2020-05-28/google-sued-by-arizona-over-collecting-user-location-data,Snapshot found,On OneDrive,,AIFP_N002_bloomberg-com_google-sued-by-arizona-over-collecting-user.pdf,https://1drv.ms/b/c/ACD215A5F926CFCE/IQAD2smdcLvmQpgNd-t8fr1eAajSVPG27Z8gAmd1bio_1EA?e=gwObBs,,,Web page named in the endnote only (it is not in the bibliography)
AIFP_N003,Note,0,Introduction,3,URL,"Zuboff, “You Are Now Remotely Controlled.”",AIFP_B094,AIFP_N003_Zuboff_You-Are-Now-Remotely-Controlled,"Zuboff, Shoshana. “You Are Now Remotely Controlled”. New York Times, January 24, 2020. https://www.nytimes.com/2020/01/24/opinion/sunday/surveillance-capitalism.html",https://www.nytimes.com/2020/01/24/opinion/sunday/surveillance-capitalism.html,http://web.archive.org/web/20260131202419/https://www.nytimes.com/2020/01/24/opinion/sunday/surveillance-capitalism.html,Snapshot found,On OneDrive,,AIFP_B094_Zuboff_You-Are-Now-Remotely-Controlled_nytimes-com.pdf,https://1drv.ms/b/c/ACD215A5F926CFCE/IQAGqPbB-XP5R5rUzD_ETvd_AW1IRoCh0JZnAva0vACV1gw?e=VHs0ve,,,[match: author+title]
AIFP_N004,Note,0,Introduction,4,URL,"See:    https://www.nytimes.com/2020/06/10/technology/amazon-facial-recognition-backlash.html (accessed July 20, 2020). IBM has done likewise.",,AIFP_N004_nytimes-com_amazon-facial-recognition-backlash,,https://www.nytimes.com/2020/06/10/technology/amazon-facial-recognition-backlash.html,http://web.archive.org/web/20251226000820/https://www.nytimes.com/2020/06/10/technology/amazon-facial-recognition-backlash.html,Snapshot found,On OneDrive,,AIFP_N004_nytimes-com_amazon-facial-recognition-backlash.pdf,https://1drv.ms/b/c/ACD215A5F926CFCE/IQBBgi1OYbkBTI6LDFI67LmFATOgu1jVwp5VKZ0TPviStws?e=7Hl7uX,,,Web page named in the endnote only (it is not in the bibliography)
AIFP_N005,Note,0,Introduction,5,URL,"Zuboff, “You Are Now Remotely Controlled”.",AIFP_B094,AIFP_N005_Zuboff_You-Are-Now-Remotely-Controlled,"Zuboff, Shoshana. “You Are Now Remotely Controlled”. New York Times, January 24, 2020. https://www.nytimes.com/2020/01/24/opinion/sunday/surveillance-capitalism.html",https://www.nytimes.com/2020/01/24/opinion/sunday/surveillance-capitalism.html,http://web.archive.org/web/20260131202419/https://www.nytimes.com/2020/01/24/opinion/sunday/surveillance-capitalism.html,Snapshot found,On OneDrive,,AIFP_B094_Zuboff_You-Are-Now-Remotely-Controlled_nytimes-com.pdf,https://1drv.ms/b/c/ACD215A5F926CFCE/IQAGqPbB-XP5R5rUzD_ETvd_AW1IRoCh0JZnAva0vACV1gw?e=VHs0ve,,,[match: author+title]
AIFP_N006,Note,0,Introduction,6,URL,"Zuboff, “You Are Now Remotely Controlled”.",AIFP_B094,AIFP_N006_Zuboff_You-Are-Now-Remotely-Controlled,"Zuboff, Shoshana. “You Are Now Remotely Controlled”. New York Times, January 24, 2020. https://www.nytimes.com/2020/01/24/opinion/sunday/surveillance-capitalism.html",https://www.nytimes.com/2020/01/24/opinion/sunday/surveillance-capitalism.html,http://web.archive.org/web/20260131202419/https://www.nytimes.com/2020/01/24/opinion/sunday/surveillance-capitalism.html,Snapshot found,On OneDrive,,AIFP_B094_Zuboff_You-Are-Now-Remotely-Controlled_nytimes-com.pdf,https://1drv.ms/b/c/ACD215A5F926CFCE/IQAGqPbB-XP5R5rUzD_ETvd_AW1IRoCh0JZnAva0vACV1gw?e=VHs0ve,,,[match: author+title]
AIFP_N007,Note,0,Introduction,7,URL,"Edward Snowden warns that AI’s technical workers are complicit in the ethical impact their products have on society. See: https://www.vice.com/en_ca/article/wxqx8q/snowden-tech-workers-are-complicit-in-how-their-companies-hurt-society (accessed July 20, 2020).",,AIFP_N007_vice-com_snowden-tech-workers-are-complicit-in-how,,https://www.vice.com/en_ca/article/wxqx8q/snowden-tech-workers-are-complicit-in-how-their-companies-hurt-society,http://web.archive.org/web/20200927214445/https://www.vice.com/en_ca/article/wxqx8q/snowden-tech-workers-are-complicit-in-how-their-companies-hurt-society,Snapshot found,On OneDrive,,AIFP_N007_vice-com_snowden-tech-workers-are-complicit-in-how.pdf,https://1drv.ms/b/c/ACD215A5F926CFCE/IQD0zdkD8cPjS7aw5v-Z6CxSAVtMJTZfLS0cF-DhsbGevzI?e=5AbTqh,,,Web page named in the endnote only (it is not in the bibliography)
AIFP_N008,Note,0,Introduction,8,URL,"See: https://www.nature.com/articles/d41586-020-02003-2 (accessed July 20, 2020).",,AIFP_N008_nature-com_articles-d41586-020-02003-2,,https://www.nature.com/articles/d41586-020-02003-2,http://web.archive.org/web/20260817224828/https://www.nature.com/articles/d41586-020-02003-2,Snapshot found,On OneDrive,,AIFP_N008_nature-com_articles-d41586-020-02003-2.pdf,https://1drv.ms/b/c/ACD215A5F926CFCE/IQBZPtZyifV6RpdkG32LRa8GAfxCYgBKEDeAVXR4kjnjL7U?e=r8pokh,,,Web page named in the endnote only (it is not in the bibliography) | Page saved as PDF (cover page + copy) from live page on 2026-10-07
AIFP_N009,Note,0,Introduction,9,Unlinked note,"Vidura was cursed in that though he possessed an extremely high level of knowledge and wisdom and presented it with utter honesty, the people of his time would not believe him. The following words of Vidura are inscribed in letters of gold on a dome of the Indian parliament: “It is no assembly where there are no elders. They are not elders if they do not speak dharma. It is no dharma if there is no truth in it. It is not truth if it is vitiated by deception”. (Mahabharata 5.35.58).",,AIFP_N009,,,,,To do,,,,,,"No bibliography entry matched: the author's own comment, or a source to identify by hand"
AIFP_N010,Note,0,Introduction,10,URL,"As an example of concerns from influential people over the misuse of AI, there was an open letter signed by Elon Musk, Noam Chomsky, Stephen Hawking, among others, calling for a discussion on standards to ensure the ethical use of AI. See: https://futureoflife.org/ai-open-letter/ (accessed July 31, 2020). This watchdog movement has prepared a document on the ethical issues: https://futureoflife.org/data/documents/research_priorities.pdf?x59035 (accessed July 31, 2020)",,AIFP_N010_futureoflife-org_ai-open-letter,,https://futureoflife.org/ai-open-letter/,,,On OneDrive,,AIFP_N010_futureoflife-org_ai-open-letter.pdf,https://1drv.ms/b/c/ACD215A5F926CFCE/IQBChEdko3oBR6bM5MUl_z6KAU8YaqTyqWkYAG7GznPM2M8?e=efNTiL,,,"Checked by hand: this endnote does not cite a bibliography entry (the author's own comment, or a web page only named here) | Page saved as PDF (cover page + copy) from live page on 2026-10-07"
AIFP_N010_u2,Note (extra address),0,Introduction,10,URL,"As an example of concerns from influential people over the misuse of AI, there was an open letter signed by Elon Musk, Noam Chomsky, Stephen Hawking, among others, calling for a discussion on standards to ensure the ethical use of AI. See: https://futureoflife.org/ai-open-letter/ (accessed July 31, 2020). This watchdog movement has prepared a document on the ethical issues: https://futureoflife.org/data/documents/research_priorities.pdf?x59035 (accessed July 31, 2020)",,AIFP_N010_u2_futureoflife-org_research-priorities,,https://futureoflife.org/data/documents/research_priorities.pdf?x59035,,,On OneDrive,,AIFP_N010_u2_futureoflife-org_research-priorities.pdf,https://1drv.ms/b/c/ACD215A5F926CFCE/IQA-XQHOAok-SYbkO9NQl44VAfLxPNLgMFkKA8h3M9l9DeE?e=CdmQrk,,,Another web address printed in endnote 10 (the first one is on the row above) | Page saved as PDF (cover page + copy) from live page on 2026-10-07
AIFP_N011,Note,1,Chapter 1: Overview of AI Technologies,11,URL,"See: https://www.rt.com/news/401731-ai-rule-world-putin/ (accessed July 20, 2020).",,AIFP_N011_rt-com_401731-ai-rule-world-putin,,https://www.rt.com/news/401731-ai-rule-world-putin/,,NO snapshot - capture at web.archive.org/save,On OneDrive,,AIFP_N011_rt-com_401731-ai-rule-world-putin.pdf,https://1drv.ms/b/c/ACD215A5F926CFCE/IQDO7zzIRwFRQIA5jl6tkiTnAYJv4Gm3b6OjTtasc1a3eIY?e=Nj5jkt,,,Web page named in the endnote only (it is not in the bibliography)
AIFP_N012,Note,1,Chapter 1: Overview of AI Technologies,12,URL,"See: https://www.wordstream.com/blog/ws/2018/04/10/voice-search-statistics-2018 (accessed July 20, 2020).",,AIFP_N012_wordstream-com_voice-search-statistics-2018,,https://www.wordstream.com/blog/ws/2018/04/10/voice-search-statistics-2018,http://web.archive.org/web/20260408111150/https://www.wordstream.com/blog/ws/2018/04/10/voice-search-statistics-2018,Snapshot found,On OneDrive,,AIFP_N012_wordstream-com_voice-search-statistics-2018.pdf,https://1drv.ms/b/c/ACD215A5F926CFCE/IQAaxfjlOMgnR5S9LRZ9ciGSAeaamsBokZTZJPOpACI6FlQ?e=WyLDNd,,,Web page named in the endnote only (it is not in the bibliography) | Page saved as PDF (cover page + copy) from live page on 2026-10-07
AIFP_N013,Note,1,Chapter 1: Overview of AI Technologies,13,Unlinked note,"I use the terms emotional, aesthetic, and psychological as a single category and interchange these terms freely in applications.",,AIFP_N013,,,,,To do,,,,,,"No bibliography entry matched: the author's own comment, or a source to identify by hand"
AIFP_N014,Note,1,Chapter 1: Overview of AI Technologies,14,Unlinked note,"Machine learning has been around for a while. But its importance has increased recently as the availability of large amounts of data provided the fuel needed for unprecedented success. Conversely, not all traditional AI is based on machine learning.",,AIFP_N014,,,,,To do,,,,,,"No bibliography entry matched: the author's own comment, or a source to identify by hand"
AIFP_N015,Note,1,Chapter 1: Overview of AI Technologies,15,URL,"One blogger aptly remarked: “Machine learning is like sex in high school. Everyone is talking about it, a few know what to do, and only your teacher is doing it”. See: https://vas3k.com/blog/machine_learning/ (accessed July 20, 2020).",,AIFP_N015_vas3k-com_machine-learning,,https://vas3k.com/blog/machine_learning/,http://web.archive.org/web/20260906060524/https://vas3k.com/blog/machine_learning/,Snapshot found,On OneDrive,,AIFP_N015_vas3k-com_machine-learning.pdf,https://1drv.ms/b/c/ACD215A5F926CFCE/IQAp87ctoCKhS7g_wmkunQbTAVl-YXcvO6Sz-HmFsiOMWpA?e=W7zw2r,,,Web page named in the endnote only (it is not in the bibliography) | Page saved as PDF (cover page + copy) from live page on 2026-10-07
AIFP_N016,Note,1,Chapter 1: Overview of AI Technologies,16,URL,"In the pandemic, many AI-based models fell apart and machine learning systems will need to undergo re-training. Dramatic changes in human behavior are defeating the old training of machines when the new experiences are too different from what they have been trained on. Artificial Intelligence experts are discovering the limits of elasticity of behavior that a model is able to handle before it falls apart. See: https://www.technologyreview.com/2020/05/11/1001563/covid-pandemic-broken-ai-machine-learning-amazon-retail-fraud-humans-in-the-loop/ (accessed July 20, 2020).",,AIFP_N016_technologyreview-com_covid-pandemic-broken-ai-machine-learning-amazon,,https://www.technologyreview.com/2020/05/11/1001563/covid-pandemic-broken-ai-machine-learning-amazon-retail-fraud-humans-in-the-loop/,,,On OneDrive,,AIFP_N016_technologyreview-com_covid-pandemic-broken-ai-machine-learning-amazon.pdf,https://1drv.ms/b/c/ACD215A5F926CFCE/IQBgdbYsEMd3QoDuOT5xt4ALAQ94wcQUV8l2o9_UKl8_mPs?e=b8uJXw,,,"Checked by hand: this endnote does not cite a bibliography entry (the author's own comment, or a web page only named here) | Page saved as PDF (cover page + copy) from live page on 2026-10-07"
AIFP_N017,Note,1,Chapter 1: Overview of AI Technologies,17,Unlinked note,Even the best actors appreciate the director’s work in pointing out how they are coming across and suggesting changes and refinements. Public speakers watch themselves in a mirror or record and view their speech to understand their performance more objectively.,,AIFP_N017,,,,,To do,,,,,,"No bibliography entry matched: the author's own comment, or a source to identify by hand"
AIFP_N018,Note,1,Chapter 1: Overview of AI Technologies,18,URL,"See: https://news.harvard.edu/gazette/story/2019/04/harvard-google-team-up-to-tap-the-collective-mind-in-medicine/ (accessed July 20, 2020). (On a more philosophical level, I wonder if we can look at myths as a form of collective learning by a whole civilization.)",,AIFP_N018_news-harvard-edu_harvard-google-team-up-to-tap-the,,https://news.harvard.edu/gazette/story/2019/04/harvard-google-team-up-to-tap-the-collective-mind-in-medicine/,http://web.archive.org/web/20260613031636/https://news.harvard.edu/gazette/story/2019/04/harvard-google-team-up-to-tap-the-collective-mind-in-medicine/,Snapshot found,On OneDrive,,AIFP_N018_news-harvard-edu_harvard-google-team-up-to-tap-the.pdf,https://1drv.ms/b/c/ACD215A5F926CFCE/IQAqvNqDI5-iRbsQia3Pq1xCATFVmLoSF2-nNAy3pw6MN3Q?e=ZdbO3l,,,Web page named in the endnote only (it is not in the bibliography) | Page saved as PDF (cover page + copy) from live page on 2026-10-07
AIFP_N019,Note,1,Chapter 1: Overview of AI Technologies,19,Unlinked note,The term emergent property is sometimes used for a property that is present in a collection of individuals but not in the individual members.,,AIFP_N019,,,,,To do,,,,,,"No bibliography entry matched: the author's own comment, or a source to identify by hand"
AIFP_N020,Note,1,Chapter 1: Overview of AI Technologies,20,Unlinked note,Neural networks in AI were inspired by the structure and function of neurons in biological brains. The ongoing collaboration between neuroscience and computer science is one of the most fruitful alliances today.,,AIFP_N020,,,,,To do,,,,,,"No bibliography entry matched: the author's own comment, or a source to identify by hand"
AIFP_N021,Note,1,Chapter 1: Overview of AI Technologies,21,URL,"This discussion is based on the 3 Vs described at https://venturedc.com/2015/10/the-three-vs-of-big-data-volume-velocity-variety/. See also D. Laney. “3D Data Management: Controlling Data Volume, Velocity and Variety”. META Group Research Note 6, no. 70 (2001): 1.",,AIFP_N021_venturedc-com_the-three-vs-of-big-data-volume,,https://venturedc.com/2015/10/the-three-vs-of-big-data-volume-velocity-variety/,,,To do,,,,,,"Checked by hand: this endnote does not cite a bibliography entry (the author's own comment, or a web page only named here) | download failed - live page: Page.goto: net::ERR_SSL_PROTOCOL_ERROR at https://venturedc.com/2015/1 | download failed - live page: Page.goto: net::ERR_SSL_PROTOCOL_ERROR at https://venturedc.com/2015/1 | download failed - live page: Page.goto: net::ERR_SSL_PROTOCOL_ERROR at https://venturedc.com/2015/1"
AIFP_N022,Note,1,Chapter 1: Overview of AI Technologies,22,URL,"Recommendation system and recommender system are used synonymously. See http://infolab.stanford.edu/~ullman/mmds/ch9.pdf (accessed July 20, 2020).",,AIFP_N022_infolab-stanford-edu_ch9,,http://infolab.stanford.edu/~ullman/mmds/ch9.pdf,http://web.archive.org/web/20261004194043/http://infolab.stanford.edu/~ullman/mmds/ch9.pdf,Snapshot found,On OneDrive,,AIFP_N022_infolab-stanford-edu_ch9.pdf,https://1drv.ms/b/c/ACD215A5F926CFCE/IQAWdYPEpDX_SJA6t-ix2q5QAdkamePgVa_p-j4LQb-ACyE?e=bTszAX,,,Web page named in the endnote only (it is not in the bibliography) | download failed: Error: Page.goto: net::ERR_CONNECTION_REFUSED at http://web.archive.org/web/20261004194 | Page saved as PDF (cover page + copy) from live page on 2026-10-07
AIFP_N023,Note,1,Chapter 1: Overview of AI Technologies,23,Book/Print,"Obermeyer et al., “Dissecting racial bias in an algorithm used to manage the health of population”, 447-453.",AIFP_B042,AIFP_N023_Obermeyer_Dissecting-Racial-Bias-in-an-Algorithm-Used,"Obermeyer, Ziad, Brian Powers, Christine Vogeli, and Sendhil Mullainathan. “Dissecting Racial Bias in an Algorithm Used to Manage the Health of Populations”. Science 366, no. 6464, 2019.",,,,On OneDrive,https://sendhil.org/dissecting-racial-bias-in-an-algorithm-used-to-manage-the-health-of-populations/,AIFP_B042_Obermeyer_Dissecting-Racial-Bias-in-an-Algorithm-Used.pdf,https://1drv.ms/b/c/ACD215A5F926CFCE/IQD_o23Yxa44SbCXzvOn54TCASY38ZD1ydHo6mp9G0Qtvrg,,https://www.google.com/search?tbm=bks&q=Dissecting%20Racial%20Bias%20in%20an%20Algorithm%20Used%20to%20Manage%20Obermeyer,[match: author only (unique)] | Carried over from the earlier backup (A42_Obermeyer-et-al_2019_Science_DissectingRacialBiasInAlgorithm.pdf)
AIFP_N024,Note,1,Chapter 1: Overview of AI Technologies,24,URL,"See: https://www.reuters.com/article/us-amazon-com-jobs-automation-insight-idUSKCN1MK08G (accessed July 20, 2020).",,AIFP_N024_reuters-com_us-amazon-com-jobs-automation-insight-idUSKCN1MK08G,,https://www.reuters.com/article/us-amazon-com-jobs-automation-insight-idUSKCN1MK08G,http://web.archive.org/web/20260917230652/https://www.reuters.com/article/us-amazon-com-jobs-automation-insight-idUSKCN1MK08G/,Snapshot found,Downloaded,,AIFP_N024_reuters-com_us-amazon-com-jobs-automation-insight-idUSKCN1MK08G.pdf,,,,Web page named in the endnote only (it is not in the bibliography) | download failed: Error: Page.goto: net::ERR_CONNECTION_REFUSED at http://web.archive.org/web/20260917230 | Page saved as PDF (cover page + copy) from Wayback snapshot on 2026-10-07
AIFP_N025,Note,1,Chapter 1: Overview of AI Technologies,25,URL,"See: https://www.theverge.com/2016/3/24/11297050/tay-microsoft-chatbot-racist (accessed July 20, 2020).",,AIFP_N025_theverge-com_tay-microsoft-chatbot-racist,,https://www.theverge.com/2016/3/24/11297050/tay-microsoft-chatbot-racist,http://web.archive.org/web/20260929055616/https://www.theverge.com/2016/3/24/11297050/tay-microsoft-chatbot-racist,Snapshot found,Downloaded,,AIFP_N025_theverge-com_tay-microsoft-chatbot-racist.pdf,,,,Web page named in the endnote only (it is not in the bibliography) | Page saved as PDF (cover page + copy) from live page on 2026-10-07
AIFP_N026,Note,1,Chapter 1: Overview of AI Technologies,26,Unlinked note,I am indebted to Anurag Kesari for helping develop this section.,,AIFP_N026,,,,,To do,,,,,,"No bibliography entry matched: the author's own comment, or a source to identify by hand"
AIFP_N027,Note,1,Chapter 1: Overview of AI Technologies,27,Unlinked note,"It is therefore no surprise that companies like Apple are now better positioned to track public health with their ability to monitor vital signs including blood oxygen, etc. with user consent.",,AIFP_N027,,,,,To do,,,,,,"No bibliography entry matched: the author's own comment, or a source to identify by hand"
AIFP_N028,Note,1,Chapter 1: Overview of AI Technologies,28,URL,See: https://www.fastcompany.com/90241545/alexa-powered-amazon-houses-may-be-closer-than-you-think,,AIFP_N028_fastcompany-com_alexa-powered-amazon-houses-may-be-closer,,https://www.fastcompany.com/90241545/alexa-powered-amazon-houses-may-be-closer-than-you-think,http://web.archive.org/web/20220925021835/https://www.fastcompany.com/90241545/alexa-powered-amazon-houses-may-be-closer-than-you-think,Snapshot found,Downloaded,,AIFP_N028_fastcompany-com_alexa-powered-amazon-houses-may-be-closer.pdf,,,,Web page named in the endnote only (it is not in the bibliography) | Page saved as PDF (cover page + copy) from Wayback snapshot on 2026-10-07
AIFP_N029,Note,1,Chapter 1: Overview of AI Technologies,29,Unlinked note,"Various terms such as AR (Augmented Reality), MR (Mixed Reality) and XR (Extended Reality) are used in the industry to describe these systems. But these hair-splitting differences are likely to blur into a whole continuum of technologies in the near future. I use the term augmented reality to encompass the entire range of these capabilities.",,AIFP_N029,,,,,To do,,,,,,"No bibliography entry matched: the author's own comment, or a source to identify by hand"
AIFP_N030,Note,1,Chapter 1: Overview of AI Technologies,30,Unlinked note,Very advanced yogis do have the ability to raise their consciousness to such an extent that they become conscious of the subtle mechanisms within their own bodies and even outside their bodies.,,AIFP_N030,,,,,To do,,,,,,"No bibliography entry matched: the author's own comment, or a source to identify by hand"
AIFP_N031,Note,1,Chapter 1: Overview of AI Technologies,31,URL,"See: https://www.nbcsandiego.com/news/local/ucsd-health-using-ai-to-identify-pneumonia-helping-covid-19-analysis/2301350/ (accessed July 20, 2020).",,AIFP_N031_nbcsandiego-com_ucsd-health-using-ai-to-identify-pneumonia,,https://www.nbcsandiego.com/news/local/ucsd-health-using-ai-to-identify-pneumonia-helping-covid-19-analysis/2301350/,http://web.archive.org/web/20250622112851/https://www.nbcsandiego.com/news/local/ucsd-health-using-ai-to-identify-pneumonia-helping-covid-19-analysis/2301350/,Snapshot found,Downloaded,,AIFP_N031_nbcsandiego-com_ucsd-health-using-ai-to-identify-pneumonia.pdf,,,,Web page named in the endnote only (it is not in the bibliography) | Page saved as PDF (cover page + copy) from live page on 2026-10-07
AIFP_N032,Note,1,Chapter 1: Overview of AI Technologies,32,URL,"See: https://emerj.com/ai-sector-overviews/ai-in-pharma-and-biomedicine/ (accessed July 20, 2020).",,AIFP_N032_emerj-com_ai-in-pharma-and-biomedicine,,https://emerj.com/ai-sector-overviews/ai-in-pharma-and-biomedicine/,http://web.archive.org/web/20240718023537/https://emerj.com/ai-sector-overviews/ai-in-pharma-and-biomedicine/,Snapshot found,Downloaded,,AIFP_N032_emerj-com_ai-in-pharma-and-biomedicine.pdf,,,,Web page named in the endnote only (it is not in the bibliography) | Page saved as PDF (cover page + copy) from live page on 2026-10-07
AIFP_N033,Note,1,Chapter 1: Overview of AI Technologies,33,URL,"See: https://www.thehindu.com/sci-tech/health/coronavirus-densely-packed-areas-in-cities-are-vulnerable-says-biocomplexity-expert-madhav-marathe/article31195212.ece (accessed July 20, 2020).",,AIFP_N033_thehindu-com_article31195212-ece,,https://www.thehindu.com/sci-tech/health/coronavirus-densely-packed-areas-in-cities-are-vulnerable-says-biocomplexity-expert-madhav-marathe/article31195212.ece,http://web.archive.org/web/20211106121101/https://www.thehindu.com/sci-tech/health/coronavirus-densely-packed-areas-in-cities-are-vulnerable-says-biocomplexity-expert-madhav-marathe/article31195212.ece,Snapshot found,Downloaded,,AIFP_N033_thehindu-com_article31195212-ece.pdf,,,,Web page named in the endnote only (it is not in the bibliography)
AIFP_N034,Note,1,Chapter 1: Overview of AI Technologies,34,Book/Print,"Sundram et al., “Utilizing Artificial Intelligence as a Dengue Surveillance and Prediction Tool”.",AIFP_B071,AIFP_N034_Sundram_Utilizing-Artificial-Intelligence-as-a-Dengue-Surveillance,"Sundram, Bala Murali, Dhesi Baha Raja, Fazilah Mydin, Ting Choo Yee, Kamesh Raj, and Fadzilah Kamaludin. “Utilizing Artificial Intelligence as a Dengue Surveillance and Prediction Tool”. Journal of Applied Bioinformatics & Computational Biology 8 no. 1, 2019.",,,,To do,,,,,https://www.google.com/search?tbm=bks&q=Utilizing%20Artificial%20Intelligence%20as%20a%20Dengue%20Surveillance%20and%20Prediction%20Sundram,[match: author+title]
AIFP_N035,Note,1,Chapter 1: Overview of AI Technologies,35,URL,"See: https://www.wired.com/story/ai-epidemiologist-wuhan-public-health-warnings/ (accessed July 20, 2020). Another AI-based approach is of a digital twin model of a city. The model is connected to sensors to feed it real data from a specific environment and use AI to simulate the real environment. Users can build the digital twin to learn how a given pathogen spreads under different conditions. These network models are too large and complex to analyze without AI-based analytics.",,AIFP_N035_wired-com_ai-epidemiologist-wuhan-public-health-warnings,,https://www.wired.com/story/ai-epidemiologist-wuhan-public-health-warnings/,http://web.archive.org/web/20260917102515/https://www.wired.com/story/ai-epidemiologist-wuhan-public-health-warnings/,Snapshot found,Downloaded,,AIFP_N035_wired-com_ai-epidemiologist-wuhan-public-health-warnings.pdf,,,,Web page named in the endnote only (it is not in the bibliography)
AIFP_N036,Note,1,Chapter 1: Overview of AI Technologies,36,URL,"See: https://sciencenode.org/feature/machine-learning-and-the-microbiome-computers-spot-sick-guts.php (accessed July 20, 2020). A large repository of microbes in San Diego’s prestigious Scripps Institute can be seen at https://www.the-scientist.com/multimedia/slideshow—scads-of-microbes-now-stored-at-scripps-66920 (accessed July 20, 2020). The WEF took note of the potential use of AI in biological weapons before the Covid-19 pandemic. See https://www.weforum.org/agenda/2019/03/how-emerging-technologies-increase-the-threat-from-biological-weapons/ (accessed July 20, 2020). There are unconfirmed and contested reports that China’s Wuhan Institute of Virology has used AI to understand the viruses carried by various animals like bats and to discover which of these viruses can jump from animal to human. Separately, a recent machine learning-based study used fifty-seven factors to predict which type of bats are likely to carry Ebola. See Han et al., “Undiscovered Bat Hosts of Filoviruses”.",,AIFP_N036_sciencenode-org_machine-learning-and-the-microbiome-computers-spot,,https://sciencenode.org/feature/machine-learning-and-the-microbiome-computers-spot-sick-guts.php,,,To do,,,,,,"Checked by hand: this endnote does not cite a bibliography entry (the author's own comment, or a web page only named here) | download failed - live page: web server answered HTTP 404 | download failed - live page: web server answered HTTP 404 | download failed - live page: web server answered HTTP 404"
AIFP_N036_u2,Note (extra address),1,Chapter 1: Overview of AI Technologies,36,URL,"See: https://sciencenode.org/feature/machine-learning-and-the-microbiome-computers-spot-sick-guts.php (accessed July 20, 2020). A large repository of microbes in San Diego’s prestigious Scripps Institute can be seen at https://www.the-scientist.com/multimedia/slideshow—scads-of-microbes-now-stored-at-scripps-66920 (accessed July 20, 2020). The WEF took note of the potential use of AI in biological weapons before the Covid-19 pandemic. See https://www.weforum.org/agenda/2019/03/how-emerging-technologies-increase-the-threat-from-biological-weapons/ (accessed July 20, 2020). There are unconfirmed and contested reports that China’s Wuhan Institute of Virology has used AI to understand the viruses carried by various animals like bats and to discover which of these viruses can jump from animal to human. Separately, a recent machine learning-based study used fifty-seven factors to predict which type of bats are likely to carry Ebola. See Han et al., “Undiscovered Bat Hosts of Filoviruses”.",,AIFP_N036_u2_the-scientist-com_slideshow-scads-of-microbes-now-stored-at,,https://www.the-scientist.com/multimedia/slideshow—scads-of-microbes-now-stored-at-scripps-66920,,,To do,,,,,,Another web address printed in endnote 36 (the first one is on the row above) | download failed - live page: web server answered HTTP 404 | download failed - live page: web server answered HTTP 404 | download failed - live page: web server answered HTTP 404
AIFP_N036_u3,Note (extra address),1,Chapter 1: Overview of AI Technologies,36,URL,"See: https://sciencenode.org/feature/machine-learning-and-the-microbiome-computers-spot-sick-guts.php (accessed July 20, 2020). A large repository of microbes in San Diego’s prestigious Scripps Institute can be seen at https://www.the-scientist.com/multimedia/slideshow—scads-of-microbes-now-stored-at-scripps-66920 (accessed July 20, 2020). The WEF took note of the potential use of AI in biological weapons before the Covid-19 pandemic. See https://www.weforum.org/agenda/2019/03/how-emerging-technologies-increase-the-threat-from-biological-weapons/ (accessed July 20, 2020). There are unconfirmed and contested reports that China’s Wuhan Institute of Virology has used AI to understand the viruses carried by various animals like bats and to discover which of these viruses can jump from animal to human. Separately, a recent machine learning-based study used fifty-seven factors to predict which type of bats are likely to carry Ebola. See Han et al., “Undiscovered Bat Hosts of Filoviruses”.",,AIFP_N036_u3_weforum-org_how-emerging-technologies-increase-the-threat-from,,https://www.weforum.org/agenda/2019/03/how-emerging-technologies-increase-the-threat-from-biological-weapons/,,,Downloaded,,AIFP_N036_u3_weforum-org_how-emerging-technologies-increase-the-threat-from.pdf,,,,Another web address printed in endnote 36 (the first one is on the row above) | Page saved as PDF (cover page + copy) from live page on 2026-10-07
AIFP_N037,Note,1,Chapter 1: Overview of AI Technologies,37,URL,"See: https://www.melloddy.eu/ (accessed July 20, 2020). Another breakthrough use of machine learning for biological discovery is explained in: https://www.quantamagazine.org/new-machine-learning-system-decodes-how-proteins-interact-20200603/ (accessed July 20, 2020).",,AIFP_N037_melloddy-eu,,https://www.melloddy.eu/,http://web.archive.org/web/20260204021012/https://www.melloddy.eu/,Snapshot found,Downloaded,,AIFP_N037_melloddy-eu.pdf,,,,Web page named in the endnote only (it is not in the bibliography) | download failed: Error: Page.goto: net::ERR_CONNECTION_REFUSED at http://web.archive.org/web/20260204021 | Page saved as PDF (cover page + copy) from Wayback snapshot on 2026-10-07
AIFP_N037_u2,Note (extra address),1,Chapter 1: Overview of AI Technologies,37,URL,"See: https://www.melloddy.eu/ (accessed July 20, 2020). Another breakthrough use of machine learning for biological discovery is explained in: https://www.quantamagazine.org/new-machine-learning-system-decodes-how-proteins-interact-20200603/ (accessed July 20, 2020).",,AIFP_N037_u2_quantamagazine-org_new-machine-learning-system-decodes-how-proteins,,https://www.quantamagazine.org/new-machine-learning-system-decodes-how-proteins-interact-20200603/,,,Downloaded,,AIFP_N037_u2_quantamagazine-org_new-machine-learning-system-decodes-how-proteins.pdf,,,,Another web address printed in endnote 37 (the first one is on the row above) | Page saved as PDF (cover page + copy) from live page on 2026-10-07
AIFP_N038,Note,1,Chapter 1: Overview of AI Technologies,38,Social post,"See: https://twitter.com/FrRonconi/status/1201841058713350144 (accessed July 20, 2020). See also: https://www-technologyreview-com.cdn.ampproject.org/c/s/www.technologyreview.com/2019/06/27/238884/the-pentagon-has-a-laser-that-can-identify-people-from-a-distanceby-their-heartbeat/amp/ (accessed July 20, 2020).",,AIFP_N038_twitter-com_status-1201841058713350144,,https://twitter.com/FrRonconi/status/1201841058713350144,,NO snapshot - capture at web.archive.org/save,Downloaded,,AIFP_N038_twitter-com_status-1201841058713350144.pdf,,,,Web page named in the endnote only (it is not in the bibliography) | download failed: RuntimeError: web server answered HTTP 403 | download failed - live page: web server answered HTTP 403 | download failed - live page: web server answered HTTP 403
AIFP_N038_u2,Note (extra address),1,Chapter 1: Overview of AI Technologies,38,URL,"See: https://twitter.com/FrRonconi/status/1201841058713350144 (accessed July 20, 2020). See also: https://www-technologyreview-com.cdn.ampproject.org/c/s/www.technologyreview.com/2019/06/27/238884/the-pentagon-has-a-laser-that-can-identify-people-from-a-distanceby-their-heartbeat/amp/ (accessed July 20, 2020).",,AIFP_N038_u2_www-technologyreview-com-cdn-ampproject-org_amp,,https://www-technologyreview-com.cdn.ampproject.org/c/s/www.technologyreview.com/2019/06/27/238884/the-pentagon-has-a-laser-that-can-identify-people-from-a-distanceby-their-heartbeat/amp/,,,Downloaded,,AIFP_N038_u2_www-technologyreview-com-cdn-ampproject-org_amp.pdf,,,,Another web address printed in endnote 38 (the first one is on the row above) | Page saved as PDF (cover page + copy) from live page on 2026-10-07
AIFP_N039,Note,1,Chapter 1: Overview of AI Technologies,39,URL,"See: https://www.fda.gov/news-events/press-announcements/fda-permits-marketing-first-game-based-digital-therapeutic-improve-attention-function-children-adhd (accessed July 20, 2020).",,AIFP_N039_fda-gov_fda-permits-marketing-first-game-based-digital,,https://www.fda.gov/news-events/press-announcements/fda-permits-marketing-first-game-based-digital-therapeutic-improve-attention-function-children-adhd,,NO snapshot - capture at web.archive.org/save,To do,,,,,,Web page named in the endnote only (it is not in the bibliography) | download failed: RuntimeError: web server answered HTTP 404 | download failed - live page: web server answered HTTP 404 | download failed - live page: web server answered HTTP 404 | download failed - live page: web server answered HTTP 404 | download failed - live page: web server answered HTTP 404 | download failed - live page: web server answered HTTP 404 | download failed - live page: web server answered HTTP 404 | download failed - live page: web server answered HTTP 404
AIFP_N040,Note,1,Chapter 1: Overview of AI Technologies,40,Unlinked note,"Carnegie-Mellon University’s famous Robotics Institute played a lead role in robotics in general and driverless vehicles in particular. Its founding director was Raj Reddy, one of the world’s pioneers in AI.",,AIFP_N040,,,,,To do,,,,,,"Checked by hand: this endnote does not cite a bibliography entry (the author's own comment, or a web page only named here)"
AIFP_N041,Note,1,Chapter 1: Overview of AI Technologies,41,URL,"See: https://www.cnbc.com/2019/05/07/uber-lyft-drivers-to-go-on-strike-over-low-wages-and-benefits.html (accessed July 20, 2020).",,AIFP_N041_cnbc-com_uber-lyft-drivers-to-go-on-strike,,https://www.cnbc.com/2019/05/07/uber-lyft-drivers-to-go-on-strike-over-low-wages-and-benefits.html,,,Downloaded,,AIFP_N041_cnbc-com_uber-lyft-drivers-to-go-on-strike.pdf,,,,Web page named in the endnote only (it is not in the bibliography) | URL repaired (the book's text had cut the web address at a line break) | Page saved as PDF (cover page + copy) from live page on 2026-10-07
AIFP_N042,Note,1,Chapter 1: Overview of AI Technologies,42,URL,"See: https://www.nytimes.com/2019/04/18/technology/uber-atg-autonomous-cars-investment.html (accessed July 20, 2020).",,AIFP_N042_nytimes-com_uber-atg-autonomous-cars-investment,,https://www.nytimes.com/2019/04/18/technology/uber-atg-autonomous-cars-investment.html,http://web.archive.org/web/20250608213233/https://www.nytimes.com/2019/04/18/technology/uber-atg-autonomous-cars-investment.html,Snapshot found,Downloaded,,AIFP_N042_nytimes-com_uber-atg-autonomous-cars-investment.pdf,,,,Web page named in the endnote only (it is not in the bibliography)
AIFP_N043,Note,1,Chapter 1: Overview of AI Technologies,43,URL,"United States Government, Artificial Intelligence for the American People.",AIFP_B080,AIFP_N043_United-States_Artificial-Intelligence-for-the-American-People,"United States Government. Artificial Intelligence for the American People. Accessed May 8, 2020. https://www.whitehouse.gov/ai/",https://www.whitehouse.gov/ai/,http://web.archive.org/web/20210120164851/https://www.whitehouse.gov/ai/,Snapshot found,On OneDrive,,AIFP_B080_United-States_Artificial-Intelligence-for-the-American-People_whitehouse-gov.pdf,https://1drv.ms/b/c/ACD215A5F926CFCE/IQDizl7Acs0aRZTxnfu79FVuAWqLiLf0qCzc-a90kqmTD14,,,[match: author+title]
AIFP_N044,Note,1,Chapter 1: Overview of AI Technologies,44,Unlinked note,"For example, the US Navy is investing in companies such as Leidos, SAIC, AECOM, and Orbital ATK, while the Army’s programs are supported by firms such as SAIC, CACI, Torch Technologies, and Millennium Engineering.",,AIFP_N044,,,,,To do,,,,,,"No bibliography entry matched: the author's own comment, or a source to identify by hand"
AIFP_N045,Note,1,Chapter 1: Overview of AI Technologies,45,Social post,"See: https://www.youtube.com/watch?v=YdnJI9T-yXI (accessed July 20, 2020).",,AIFP_N045_youtube-com_watch,,https://www.youtube.com/watch?v=YdnJI9T-yXI,http://web.archive.org/web/20250109145333/https://www.youtube.com/watch?v=YdnJI9T-yXI,Snapshot found,Downloaded,,AIFP_N045_youtube-com_watch.pdf,,,,Web page named in the endnote only (it is not in the bibliography)
AIFP_N046,Note,1,Chapter 1: Overview of AI Technologies,46,URL,"See: https://emerj.com/ai-sector-overviews/ai-in-banking-analysis/ (accessed July 20, 2020).",,AIFP_N046_emerj-com_ai-in-banking-analysis,,https://emerj.com/ai-sector-overviews/ai-in-banking-analysis/,http://web.archive.org/web/20240614002612/https://emerj.com/ai-sector-overviews/ai-in-banking-analysis/,Snapshot found,Downloaded,,AIFP_N046_emerj-com_ai-in-banking-analysis.pdf,,,,Web page named in the endnote only (it is not in the bibliography) | Page saved as PDF (cover page + copy) from live page on 2026-10-07
AIFP_N047,Note,1,Chapter 1: Overview of AI Technologies,47,URL,"See: https://emerj.com/ai-sector-overviews/machine-learning-at-insurance-companies/ (accessed July 20, 2020).",,AIFP_N047_emerj-com_machine-learning-at-insurance-companies,,https://emerj.com/ai-sector-overviews/machine-learning-at-insurance-companies/,,check failed: HTTP 429,Downloaded,,AIFP_N047_emerj-com_machine-learning-at-insurance-companies.pdf,,,,Web page named in the endnote only (it is not in the bibliography)
AIFP_N048,Note,1,Chapter 1: Overview of AI Technologies,48,URL,"See: https://www.bloomberg.com/news/articles/2019-12-06/robots-in-finance-could-wipe-out-some-of-its-highest-paying-jobs (accessed July 20, 2020).",,AIFP_N048_bloomberg-com_robots-in-finance-could-wipe-out-some,,https://www.bloomberg.com/news/articles/2019-12-06/robots-in-finance-could-wipe-out-some-of-its-highest-paying-jobs,,check failed: HTTP 429,Downloaded,,AIFP_N048_bloomberg-com_robots-in-finance-could-wipe-out-some.pdf,,,,Web page named in the endnote only (it is not in the bibliography) | Saved by hand from live page on 2026-10-07
AIFP_N049,Note,1,Chapter 1: Overview of AI Technologies,49,Book/Print,"Harari, Homo Deus, 327.",AIFP_B021,AIFP_N049_Harari_Homo-Deus-A-Brief-History-of-Tomorrow,"Harari, Yuval Noah. Homo Deus: A Brief History of Tomorrow. New York: Harper Perennial, 2017.",,,,To do,,,,,https://books.google.com/books?id=XgksEQAAQBAJ,[match: author only (unique)] | Google Books preview: PARTIAL (check it is the right edition)
AIFP_N050,Note,1,Chapter 1: Overview of AI Technologies,50,URL,"See: https://www.wsj.com/amp/articles/chinas-efforts-to-lead-the-way-in-ai-start-in-its-classrooms-11571958181 (accessed July 20, 2020).",,AIFP_N050_wsj-com_chinas-efforts-to-lead-the-way-in,,https://www.wsj.com/amp/articles/chinas-efforts-to-lead-the-way-in-ai-start-in-its-classrooms-11571958181,,,To do,,,,,,Web page named in the endnote only (it is not in the bibliography) | URL repaired (the book's text had cut the web address at a line break) | download failed - live page: web server answered HTTP 401 | download failed - live page: web server answered HTTP 401 | download failed - live page: web server answered HTTP 401 | download failed - live page: web server answered HTTP 401 | download failed - live page: web server answered HTTP 401
AIFP_N051,Note,1,Chapter 1: Overview of AI Technologies,51,URL,"One example of modeling motivation is the 8-dimensional grid developed by Octalysis. See: https://yukaichou.com/gamification-examples/octalysis-complete-gamification-framework/ (accessed July 31, 2020).",,AIFP_N051_yukaichou-com_octalysis-complete-gamification-framework,,https://yukaichou.com/gamification-examples/octalysis-complete-gamification-framework/,http://web.archive.org/web/20251208224733/https://yukaichou.com/gamification-examples/octalysis-complete-gamification-framework/,Snapshot found,Downloaded,,AIFP_N051_yukaichou-com_octalysis-complete-gamification-framework.pdf,,,,Web page named in the endnote only (it is not in the bibliography) | Page saved as PDF (cover page + copy) from live page on 2026-10-07
AIFP_N052,Note,1,Chapter 1: Overview of AI Technologies,52,URL,"There is an example of the use of gamification in politics in Portugal. See: https://sites.psu.edu/ist446/2017/01/23/gamification-of-politics/ (accessed July 31, 2020).",,AIFP_N052_sites-psu-edu_gamification-of-politics,,https://sites.psu.edu/ist446/2017/01/23/gamification-of-politics/,http://web.archive.org/web/20190505182508/http://sites.psu.edu:80/ist446/2017/01/23/gamification-of-politics/,Snapshot found,Downloaded,,AIFP_N052_sites-psu-edu_gamification-of-politics.pdf,,,,Web page named in the endnote only (it is not in the bibliography) | download failed: Error: Page.goto: net::ERR_CONNECTION_REFUSED at http://web.archive.org/web/20190505182 | Page saved as PDF (cover page + copy) from Wayback snapshot on 2026-10-07
AIFP_N053,Note,1,Chapter 1: Overview of AI Technologies,53,Unlinked note,"Zuboff, Surveillance Capitalism, 313.",,AIFP_N053,,,,,To do,,,,,,"No bibliography entry matched: the author's own comment, or a source to identify by hand"
AIFP_N054,Note,1,Chapter 1: Overview of AI Technologies,54,Unlinked note,"Zuboff, Surveillance Capitalism, 8. (Emphasis original).",,AIFP_N054,,,,,To do,,,,,,"No bibliography entry matched: the author's own comment, or a source to identify by hand"
AIFP_N055,Note,1,Chapter 1: Overview of AI Technologies,55,Unlinked note,"Zuboff, Surveillance Capitalism, 20-21.",,AIFP_N055,,,,,To do,,,,,,"No bibliography entry matched: the author's own comment, or a source to identify by hand"
AIFP_N056,Note,1,Chapter 1: Overview of AI Technologies,56,Book/Print,"Zuboff, Surveillance Capitalism, 413. Furthermore, the whole creed of human-centric design is as much about making it easy for machines to understand and gather data on us as it is about humans understanding machines.",AIFP_B095,AIFP_N056_Zuboff_The-Age-of-Surveillance-Capitalism-The-Fight,"Zuboff, Shoshana. The Age of Surveillance Capitalism: The Fight for a Human Future at the New Frontier of Power. PublicAffairs, 2019.",,,,To do,,,,,https://books.google.com/books?id=lRqrDQAAQBAJ,[match: author+title] | Google Books preview: PARTIAL (check it is the right edition)
AIFP_N057,Note,1,Chapter 1: Overview of AI Technologies,57,Unlinked note,"Zuboff, Surveillance Capitalism, 416.",,AIFP_N057,,,,,To do,,,,,,"No bibliography entry matched: the author's own comment, or a source to identify by hand"
AIFP_N058,Note,1,Chapter 1: Overview of AI Technologies,58,URL,"See: https://www.theatlantic.com/technology/archive/2017/02/artificial-intelligence-christianity/515463/ (accessed July 31, 2020).",,AIFP_N058_theatlantic-com_artificial-intelligence-christianity-515463,,https://www.theatlantic.com/technology/archive/2017/02/artificial-intelligence-christianity/515463/,http://web.archive.org/web/20260521173110/https://www.theatlantic.com/technology/archive/2017/02/artificial-intelligence-christianity/515463/,Snapshot found,Downloaded,,AIFP_N058_theatlantic-com_artificial-intelligence-christianity-515463.pdf,,,,Web page named in the endnote only (it is not in the bibliography) | Page saved as PDF (cover page + copy) from live page on 2026-10-07
AIFP_N059,Note,1,Chapter 1: Overview of AI Technologies,59,Unlinked note,"Zuboff, Surveillance Capitalism, 10.",,AIFP_N059,,,,,To do,,,,,,"No bibliography entry matched: the author's own comment, or a source to identify by hand"
AIFP_N060,Note,1,Chapter 1: Overview of AI Technologies,60,Unlinked note,Critics would say that this gamification contradicts the fundamental premise that dharmic action should emerge spontaneously from within and not be a project of the ego to get rewards from some external mechanism.,,AIFP_N060,,,,,To do,,,,,,"No bibliography entry matched: the author's own comment, or a source to identify by hand"
AIFP_N061,Note,1,Chapter 1: Overview of AI Technologies,61,URL,"See: https://www.businessinsider.com/why-google-ai-game-go-is-harder-than-chess-2016-3 (accessed July 20, 2020).",,AIFP_N061_businessinsider-com_why-google-ai-game-go-is-harder,,https://www.businessinsider.com/why-google-ai-game-go-is-harder-than-chess-2016-3,http://web.archive.org/web/20261004112501/https://www.businessinsider.com/why-google-ai-game-go-is-harder-than-chess-2016-3,Snapshot found,Downloaded,,AIFP_N061_businessinsider-com_why-google-ai-game-go-is-harder.pdf,,,,Web page named in the endnote only (it is not in the bibliography) | Page saved as PDF (cover page + copy) from live page on 2026-10-07
AIFP_N062,Note,1,Chapter 1: Overview of AI Technologies,62,URL,"See: https://cuseum.com/blog/2019/12/17/3-things-you-need-to-know-about-ai-powered-deep-fakes-in-art-amp-culture (accessed July 20, 2020).",,AIFP_N062_cuseum-com_3-things-you-need-to-know-about,,https://cuseum.com/blog/2019/12/17/3-things-you-need-to-know-about-ai-powered-deep-fakes-in-art-amp-culture,http://web.archive.org/web/20260225164242/https://cuseum.com/blog/2019/12/17/3-things-you-need-to-know-about-ai-powered-deep-fakes-in-art-amp-culture,Snapshot found,Downloaded,,AIFP_N062_cuseum-com_3-things-you-need-to-know-about.pdf,,,,Web page named in the endnote only (it is not in the bibliography) | Page saved as PDF (cover page + copy) from live page on 2026-10-07
AIFP_N063,Note,1,Chapter 1: Overview of AI Technologies,63,URL,"See: https://www.vice.com/en_us/article/ywyxex/deepfake-of-mark-zuckerberg-facebook-fake-video-policy (accessed July 20, 2020).",,AIFP_N063_vice-com_deepfake-of-mark-zuckerberg-facebook-fake-video,,https://www.vice.com/en_us/article/ywyxex/deepfake-of-mark-zuckerberg-facebook-fake-video-policy,,,Downloaded,,AIFP_N063_vice-com_deepfake-of-mark-zuckerberg-facebook-fake-video.pdf,,,,Web page named in the endnote only (it is not in the bibliography) | URL repaired (the book's text had cut the web address at a line break) | Page saved as PDF (cover page + copy) from live page on 2026-10-07
AIFP_N064,Note,1,Chapter 1: Overview of AI Technologies,64,Unlinked note,Artificial Intelligence poses another interesting challenge: whether a copy made to train AI is a “copy” for copyright protection. Google has also developed a technique in which training data is localized to the mobile device rather than copying data to a centralized server.,,AIFP_N064,,,,,To do,,,,,,"Checked by hand: this endnote does not cite a bibliography entry (the author's own comment, or a web page only named here)"
AIFP_N065,Note,1,Chapter 1: Overview of AI Technologies,65,Book/Print,"Herman and Chomsky, Manufacturing Consent, 306.",AIFP_B023,AIFP_N065_Herman_and-Chomsky,"Herman, Edward S. and Chomsky, Noam. Manufacturing Consent. New York: Pantheon Books, 1995.",,,,To do,,,,,https://books.google.com/books?id=1KFpAAAAIAAJ,[match: author only (unique)] | Google Books preview: NO_PAGES (check it is the right edition)
AIFP_N066,Note,1,Chapter 1: Overview of AI Technologies,66,URL,"“The term ‘propaganda’ apparently first came into common use in Europe as a result of the missionary activities of the Catholic church. In 1622 Pope Gregory XV created in Rome the Congregation for the Propagation of the Faith. This was a commission of cardinals charged with spreading the faith and regulating church affairs in heathen lands. A College of Propaganda was set up under Pope Urban VIII to train priests for the missions”. See: https://www.historians.org/about-aha-and-membership/aha-history-and-archives/gi-roundtable-series/pamphlets/em-2-what-is-propaganda-(1944)/the-story-of-propaganda (accessed July 20, 2020).",,AIFP_N066_historians-org_em-2-what-is-propaganda-1944,,https://www.historians.org/about-aha-and-membership/aha-history-and-archives/gi-roundtable-series/pamphlets/em-2-what-is-propaganda-(1944,http://web.archive.org/web/20220707162901/https://www.historians.org/about-aha-and-membership/aha-history-and-archives/gi-roundtable-series/pamphlets/em-2-what-is-propaganda-(1944,Snapshot found,Downloaded,,AIFP_N066_historians-org_em-2-what-is-propaganda-1944.pdf,,,,Web page named in the endnote only (it is not in the bibliography) | Page saved as PDF (cover page + copy) from live page on 2026-10-07
AIFP_N067,Note,1,Chapter 1: Overview of AI Technologies,67,Unlinked note,"For instance, my interviews with Ayurvedic doctors giving advice on protection from Covid-19 were rejected. When I finally managed to reach a human employee, I was told that the algorithm probably does not recognize Ayurveda as a legitimate healthcare practice and consequently treated the video as propagating quackery.",,AIFP_N067,,,,,To do,,,,,,"No bibliography entry matched: the author's own comment, or a source to identify by hand"
AIFP_N068,Note,1,Chapter 1: Overview of AI Technologies,68,URL,"See: https://www.ndtv.com/world-news/facebook-names-1st-board-members-of-its-supreme-court-to-oversee-content-2224527 (accessed July 20, 2020).",,AIFP_N068_ndtv-com_facebook-names-1st-board-members-of-its,,https://www.ndtv.com/world-news/facebook-names-1st-board-members-of-its-supreme-court-to-oversee-content-2224527,http://web.archive.org/web/20231207111108/https://www.ndtv.com/world-news/facebook-names-1st-board-members-of-its-supreme-court-to-oversee-content-2224527,Snapshot found,Downloaded,,AIFP_N068_ndtv-com_facebook-names-1st-board-members-of-its.pdf,,,,Web page named in the endnote only (it is not in the bibliography) | download failed: Error: Page.goto: net::ERR_CONNECTION_REFUSED at http://web.archive.org/web/20231207111 | Page saved as PDF (cover page + copy) from Wayback snapshot on 2026-10-07
AIFP_N069,Note,1,Chapter 1: Overview of AI Technologies,69,URL,"Digital platforms also have the power to control the critical evidence on serious criminal cases. See: https://www.cnbctv18.com/technology/us-court-asked-to-force-facebook-to-release-myanmar-officials-data-for-rohingya-genocide-case-6112291.htm (accessed July 20, 2020).",,AIFP_N069_cnbctv18-com_us-court-asked-to-force-facebook-to,,https://www.cnbctv18.com/technology/us-court-asked-to-force-facebook-to-release-myanmar-officials-data-for-rohingya-genocide-case-6112291.htm,,,Downloaded,,AIFP_N069_cnbctv18-com_us-court-asked-to-force-facebook-to.pdf,,,,Web page named in the endnote only (it is not in the bibliography) | URL repaired (the book's text had cut the web address at a line break) | Page saved as PDF (cover page + copy) from live page on 2026-10-07
AIFP_N070,Note,1,Chapter 1: Overview of AI Technologies,70,URL,"Recently, Donald Trump has threatened legal actions against Twitter and Facebook for what he considers to be their bias on his posts. See: https://www.bloomberg.com/news/articles/2020-05-28/trump-furious-at-twitter-aims-executive-order-at-tech-giants (accessed July 20, 2020).",,AIFP_N070_bloomberg-com_trump-furious-at-twitter-aims-executive-order,,https://www.bloomberg.com/news/articles/2020-05-28/trump-furious-at-twitter-aims-executive-order-at-tech-giants,http://web.archive.org/web/20250903212836/https://www.bloomberg.com/news/articles/2020-05-28/trump-furious-at-twitter-aims-executive-order-at-tech-giants,Snapshot found,Downloaded,,AIFP_N070_bloomberg-com_trump-furious-at-twitter-aims-executive-order.pdf,,,,Web page named in the endnote only (it is not in the bibliography) | download failed: Error: Page.goto: net::ERR_CONNECTION_REFUSED at http://web.archive.org/web/20250903212 | Page saved as PDF (cover page + copy) from Wayback snapshot on 2026-10-07
AIFP_N071,Note,1,Chapter 1: Overview of AI Technologies,71,Unlinked note,"In certain circumstances, telecom carriers could be compelled by courts to breach this freedom.",,AIFP_N071,,,,,To do,,,,,,"No bibliography entry matched: the author's own comment, or a source to identify by hand"
AIFP_N072,Note,1,Chapter 1: Overview of AI Technologies,72,URL,"See: https://www.warc.com/content/paywall/article/warc-datapoints/nearly-90-of-consumers-have-changed-their-behaviour-because-of-covid-19/132043 (accessed July 20, 2020).",,AIFP_N072_warc-com_nearly-90-of-consumers-have-changed-their,,https://www.warc.com/content/paywall/article/warc-datapoints/nearly-90-of-consumers-have-changed-their-behaviour-because-of-covid-19/132043,http://web.archive.org/web/20231001174625/https://www.warc.com/content/paywall/article/warc-datapoints/nearly-90-of-consumers-have-changed-their-behaviour-because-of-covid-19/132043,Snapshot found,Downloaded,,AIFP_N072_warc-com_nearly-90-of-consumers-have-changed-their.pdf,,,,Web page named in the endnote only (it is not in the bibliography)
AIFP_N073,Note,1,Chapter 1: Overview of AI Technologies,73,URL,"See: https://www.democraticmedia.org/article/platforms-privacy-pandemic-and-data-profiteering-covid-19-crisis-further-fuels-unaccountable (accessed July 20, 2020) and https://www.nielsen.com/us/en/insights/article/2020/key-consumer-behavior-thresholds-identified-as-the-coronavirus-outbreak-evolves/ (accessed July 20, 2020).",,AIFP_N073_democraticmedia-org_platforms-privacy-pandemic-and-data-profiteering-covid,,https://www.democraticmedia.org/article/platforms-privacy-pandemic-and-data-profiteering-covid-19-crisis-further-fuels-unaccountable,,NO snapshot - capture at web.archive.org/save,To do,,,,,,Web page named in the endnote only (it is not in the bibliography) | download failed: RuntimeError: web server answered HTTP 404 | download failed - live page: web server answered HTTP 404 | download failed - live page: web server answered HTTP 404 | download failed - live page: web server answered HTTP 404 | download failed - live page: web server answered HTTP 404 | download failed - live page: web server answered HTTP 404 | download failed - live page: web server answered HTTP 404 | download failed - live page: web server answered HTTP 404
AIFP_N073_u2,Note (extra address),1,Chapter 1: Overview of AI Technologies,73,URL,"See: https://www.democraticmedia.org/article/platforms-privacy-pandemic-and-data-profiteering-covid-19-crisis-further-fuels-unaccountable (accessed July 20, 2020) and https://www.nielsen.com/us/en/insights/article/2020/key-consumer-behavior-thresholds-identified-as-the-coronavirus-outbreak-evolves/ (accessed July 20, 2020).",,AIFP_N073_u2_nielsen-com_key-consumer-behavior-thresholds-identified-as-the,,https://www.nielsen.com/us/en/insights/article/2020/key-consumer-behavior-thresholds-identified-as-the-coronavirus-outbreak-evolves/,,,Downloaded,,AIFP_N073_u2_nielsen-com_key-consumer-behavior-thresholds-identified-as-the.pdf,,,,Another web address printed in endnote 73 (the first one is on the row above) | Page saved as PDF (cover page + copy) from live page on 2026-10-07
AIFP_N074,Note,1,Chapter 1: Overview of AI Technologies,74,Book/Print,"United Nations, Convention on Biological Diversity (1992). See especially Articles 15.7, 16.3, 16.4, 18.2, and 18.4. The Nagoya Protocol is an excellent tool to implement this treaty’s spirit. The legal obligations of the recipient side include cooperation in monitoring the utilization of genetic resources after they leave a country including by establishing effective checkpoints at various stages of the value-chain, such as “research, development, innovation, pre-commercialization, or commercialization”. See also the following 2010 addendum: United Nations, The Nagoya Protocol on Access to Genetic Resources and the Fair and Equitable Sharing of Benefits Arising from their Utilization to the Convention on Biological Diversity, supplementary agreement to the 1992 Convention on Biological Diversity (2010).",AIFP_B078,AIFP_N074_United-Nations_Digital-Economy-Report-2019,"United Nations Conference on Trade and Development. Digital Economy Report 2019. Value Creation and Capture: Implications for Developing Countries. New York: United Nations, 2019.",,,,To do,,,,,https://books.google.com/books?id=BrXcw-FoEkYC,[match: author+title] | Google Books preview: NO_PAGES (check it is the right edition)
AIFP_N075,Note,1,Chapter 1: Overview of AI Technologies,75,URL,"Smith and Anderson, AI, Robotics, and the Future of Jobs.",AIFP_B068,AIFP_N075_Smith_AI,"Smith, Aaron, and Janna Anderson. AI, Robotics, and the Future of Jobs. Pew Research Center, August 6, 2014. https://www.pewresearch.org/internet/2014/08/06/future-of-jobs/",https://www.pewresearch.org/internet/2014/08/06/future-of-jobs/,http://web.archive.org/web/20261001144015/https://www.pewresearch.org/internet/2014/08/06/future-of-jobs/,Snapshot found,On OneDrive,,AIFP_B068_Smith_AI_pewresearch-org.pdf,https://1drv.ms/b/c/ACD215A5F926CFCE/IQDaZpuq7Sj4S43kMDLX8XwqAWGsM5m2goLvjliJ4_I21Is,,,[match: author only (unique)]
AIFP_N076,Note,1,Chapter 1: Overview of AI Technologies,76,URL,"See: https://www.forbes.com/sites/hilarybrueck/2015/09/01/why-computers-could-design-more-organic-products-than-humans/ (accessed July 20, 2020).",,AIFP_N076_forbes-com_why-computers-could-design-more-organic-products,,https://www.forbes.com/sites/hilarybrueck/2015/09/01/why-computers-could-design-more-organic-products-than-humans/,http://web.archive.org/web/20240723093534/https://www.forbes.com/sites/hilarybrueck/2015/09/01/why-computers-could-design-more-organic-products-than-humans/,Snapshot found,Downloaded,,AIFP_N076_forbes-com_why-computers-could-design-more-organic-products.pdf,,,,Web page named in the endnote only (it is not in the bibliography) | Page saved as PDF (cover page + copy) from Wayback snapshot on 2026-10-07
AIFP_N077,Note,1,Chapter 1: Overview of AI Technologies,77,Book/Print,"Susskind, A World Without Work, 73.",AIFP_B072,AIFP_N077_Susskind_A-World-Without-Work-Technology,"Susskind, Daniel. A World Without Work: Technology, Automation, and How We Should Respond. New York: Metropolitan Books, Henry Holt and Company, 2020.",,,,To do,,,,,https://books.google.com/books?id=-m-VDwAAQBAJ,[match: author+title] | Google Books preview: PARTIAL (check it is the right edition)
AIFP_N078,Note,1,Chapter 1: Overview of AI Technologies,78,Book/Print,"Susskind, A World Without Work, 74.",AIFP_B072,AIFP_N078_Susskind_A-World-Without-Work-Technology,"Susskind, Daniel. A World Without Work: Technology, Automation, and How We Should Respond. New York: Metropolitan Books, Henry Holt and Company, 2020.",,,,To do,,,,,https://books.google.com/books?id=-m-VDwAAQBAJ,[match: author+title] | Google Books preview: PARTIAL (check it is the right edition)
AIFP_N079,Note,1,Chapter 1: Overview of AI Technologies,79,Book/Print,"Chou, Gamification, 19.",AIFP_B008,AIFP_N079_Chou_Actionable-Gamification-Beyond-Points,"Chou, Yu-kai. Actionable Gamification – Beyond Points, Badges, and Leaderboards. Milpitas, CA: Octalysis Media, 2019.",,,,To do,,,,,https://books.google.com/books?id=9ZfBDwAAQBAJ,[match: author only (unique)] | Google Books preview: PARTIAL (check it is the right edition)
AIFP_N080,Note,2,Chapter 2: The Battle for Jobs,80,Book/Print,"Parker, Alstyne, and Choudary, Platform Revolution, 26.",AIFP_B046,AIFP_N080_Parker_Alstyne-and-S,"Parker, G.G., M.W. Alstyne and S.P. Choudary. Platform Revolution: How Networked Markets are Transforming the Economy—And How to Make Them Work for You. New York: W.W. Norton & Company, 2016.",,,,To do,,,,,https://books.google.com/books?id=Bvd1CQAAQBAJ,[match: author only (unique)] | Google Books preview: PARTIAL (check it is the right edition)
AIFP_N081,Note,2,Chapter 2: The Battle for Jobs,81,Book/Print,"United Nations Conference on Trade and Development, Digital Economy Report 2019, 83.",AIFP_B078,AIFP_N081_United-Nations_Digital-Economy-Report-2019,"United Nations Conference on Trade and Development. Digital Economy Report 2019. Value Creation and Capture: Implications for Developing Countries. New York: United Nations, 2019.",,,,To do,,,,83,https://books.google.com/books?id=BrXcw-FoEkYC&pg=PA83,Google Books preview: NO_PAGES (check it is the right edition)
AIFP_N082,Note,2,Chapter 2: The Battle for Jobs,82,Unlinked note,"DuckDuckGo, which saliently markets itself as being a significantly more privacy-conscious search engine, is one of the emerging dark horses standing up to Google. In November 2019, it achieved over 50 million search queries per day, and by April 2020 was averaging over 61 million per day.",,AIFP_N082,,,,,To do,,,,,,"No bibliography entry matched: the author's own comment, or a source to identify by hand"
AIFP_N083,Note,2,Chapter 2: The Battle for Jobs,83,Unlinked note,"Platforms also build moats to prevent users from leaving. For example, Facebook does not permit page owners to create an email list of all followers, even threatening to block pages if owners use a third- party tool that allows extraction of followers’ email contacts. Although blatantly monopolistic, the practice has yet to be challenged legally. In effect, these invisible barriers and disincentives serve to enforce loyalty.",,AIFP_N083,,,,,To do,,,,,,"No bibliography entry matched: the author's own comment, or a source to identify by hand"
AIFP_N084,Note,2,Chapter 2: The Battle for Jobs,84,Book/Print,"“For example, in 2013, Facebook reportedly approached Snapchat—a competing social media platform —with an offer to acquire it for $3 billion. The offer was declined, and Snapchat later proceeded with an IPO in 2017 valued at around $33 billion. After the rejection, Facebook introduced many of the features that had made Snapchat unique by adding AR effects, QR codes, the ‘story’ format, similar filters, and even similar interfaces. Snapchat has since been plagued by low user growth and dwindling investor confidence, with shares down about seventy-five percent from its opening day price. In this case, even a $33 billion company was unable to compete with the resources of a top-tier platform”. (United Nations Conference on Trade and Development, Digital Economy Report 2019, 87).",AIFP_B078,AIFP_N084_United-Nations_Digital-Economy-Report-2019,"United Nations Conference on Trade and Development. Digital Economy Report 2019. Value Creation and Capture: Implications for Developing Countries. New York: United Nations, 2019.",,,,To do,,,,87,https://books.google.com/books?id=BrXcw-FoEkYC&pg=PA87,Google Books preview: NO_PAGES (check it is the right edition)
AIFP_N085,Note,2,Chapter 2: The Battle for Jobs,85,URL,"Amazon has a delivery robot called Scout. See: https://blog.aboutamazon.com/transportation/whats-next-for-amazon-scout (accessed July 20, 2020).",,AIFP_N085_blog-aboutamazon-com_whats-next-for-amazon-scout,,https://blog.aboutamazon.com/transportation/whats-next-for-amazon-scout,http://web.archive.org/web/20201029121408/https://blog.aboutamazon.com/transportation/whats-next-for-amazon-scout,Snapshot found,Downloaded,,AIFP_N085_blog-aboutamazon-com_whats-next-for-amazon-scout.pdf,,,,Web page named in the endnote only (it is not in the bibliography) | Page saved as PDF (cover page + copy) from live page on 2026-10-07
AIFP_N086,Note,2,Chapter 2: The Battle for Jobs,86,Book/Print,"PricewaterhouseCoopers, Sizing the Prize, 6.",AIFP_B051,AIFP_N086_Pricewaterhousecoopers_Sizing-the-Prize-What-s-the-Real,"PricewaterhouseCoopers. Sizing the Prize: What’s the Real Value of AI for Your Business and How Can You Capitalise? PricewaterhouseCoopers, 2017.",,,,On OneDrive,https://www.pwc.be/en/documents/20170904-sizing-the-price-ai-analysis.pdf,AIFP_B051_Pricewaterhousecoopers_Sizing-the-Prize-What-s-the-Real.pdf,https://1drv.ms/b/c/ACD215A5F926CFCE/IQAVUQyC3a0ARbF1gUwfyyOkAX_9_0n5w6jt7h9Z8PX83Sw,,https://www.google.com/search?tbm=bks&q=Sizing%20the%20Prize%20What%20s%20the%20Real%20Value%20of%20PricewaterhouseCoopers,[match: author+title] | Carried over from the earlier backup (A51_PwC_2017_SizingThePrize-ValueOfAIForBusiness.pdf)
AIFP_N087,Note,2,Chapter 2: The Battle for Jobs,87,Book/Print,"For an example of this approach, see Zande et al. The Substitution of Labor.",AIFP_B092,AIFP_N087_Zande_The-Substitution-of-Labor-From-Technological-Feasibility,"Zande, Jochem van der, Karoline Teigland, Shahryar Siri, and Robin Teigland. The Substitution of Labor: From Technological Feasibility to Other Factors Influencing Job Automation. Stockholm, Sweden: Center for Strategy and Competitiveness, Stockholm School of Economics Institute for Research, 2018.",,,,On OneDrive,https://research.chalmers.se/publication/527806,AIFP_B092_Zande_The-Substitution-of-Labor-From-Technological-Feasibility.pdf,https://1drv.ms/b/c/ACD215A5F926CFCE/IQB-i5H9-XaTTbPojbW13ESYAYaYyBb5zRIuMN8WZkq9Zoc?e=nB9ZK6,,https://www.google.com/search?tbm=bks&q=The%20Substitution%20of%20Labor%20From%20Technological%20Feasibility%20to%20Other%20Zande,[match: author only (unique)] | Carried over from the earlier backup (A92_vanderZande-Teigland_SubstitutionOfLabor.pdf)
AIFP_N088,Note,2,Chapter 2: The Battle for Jobs,88,Unlinked note,"See (1) Muro, Whiton, and Maxim, What Jobs Are Affected by AI? (2) Webb, The Impact of Artificial Intelligence on the Labor Market. (3) Webb et al., Some Facts of High-Tech Patenting.",,AIFP_N088,,,,,To do,,,,,,"No bibliography entry matched: the author's own comment, or a source to identify by hand"
AIFP_N089,Note,2,Chapter 2: The Battle for Jobs,89,Unlinked note,"There is no evidence that Ned Ludd actually existed, and many scholars speculate that he is a fictional character like Robin Hood to symbolize an idea.",,AIFP_N089,,,,,To do,,,,,,"No bibliography entry matched: the author's own comment, or a source to identify by hand"
AIFP_N090,Note,2,Chapter 2: The Battle for Jobs,90,Book/Print,"PricewaterhouseCoopers, Will Robots Really Steal Our Jobs?, 7.",AIFP_B052,AIFP_N090_Pricewaterhousecoopers_Will-Robots-Really-Steal-Our-Jobs,"PricewaterhouseCoopers. Will Robots Really Steal Our Jobs? An International Analysis of the Potential Long-term Impact of Automation. PricewaterhouseCoopers, 2018.",,,,On OneDrive,https://www.pwc.co.uk/economic-services/assets/international-impact-of-automation-feb-2018.pdf,AIFP_B052_Pricewaterhousecoopers_Will-Robots-Really-Steal-Our-Jobs.pdf,https://1drv.ms/b/c/ACD215A5F926CFCE/IQCcGN8YMAwtT4T6ZYTKjGJgAeatTxQrq6xXkS3D6a2ZQvs,,https://www.google.com/search?tbm=bks&q=Will%20Robots%20Really%20Steal%20Our%20Jobs%20An%20International%20Analysis%20PricewaterhouseCoopers,[match: author+title] | Carried over from the earlier backup (A52_PwC_2018_WillRobotsReallyStealOurJobs.pdf)
AIFP_N091,Note,2,Chapter 2: The Battle for Jobs,91,Book/Print,"Harris, Kimson, and Schwedel, Labor 2030, 1.",AIFP_B022,AIFP_N091_Harris_Labor-2030-The-Collision-of-Demographics,"Harris, Karen, Austin Kimson, and Andrew Schwedel. Labor 2030: The Collision of Demographics, Automation and Inequality. Bain & Company, 2018.",,,,On OneDrive,https://www.bain.com/insights/labor-2030-the-collision-of-demographics-automation-and-inequality,AIFP_B022_Harris_Labor-2030-The-Collision-of-Demographics.pdf,https://1drv.ms/b/c/ACD215A5F926CFCE/IQD2Hckyvi00Sq8GwqeHLAmmAR_kYAk873K6Ui2qhU-i74s,1,https://www.google.com/search?tbm=bks&q=Labor%202030%20The%20Collision%20of%20Demographics%20Automation%20and%20Inequality%20Harris,Carried over from the earlier backup (A22_Bain_2018_Labor2030-CollisionOfDemographicsAutomationInequality.pdf)
AIFP_N092,Note,2,Chapter 2: The Battle for Jobs,92,URL,"See: https://su.org/blog/exponential-technology-trends-defined-2019/ (accessed July 20, 2020).",,AIFP_N092_su-org_exponential-technology-trends-defined-2019,,https://su.org/blog/exponential-technology-trends-defined-2019/,http://web.archive.org/web/20240308235021/https://www.su.org/blog/exponential-technology-trends-defined-2019,Snapshot found,Downloaded,,AIFP_N092_su-org_exponential-technology-trends-defined-2019.pdf,,,,Web page named in the endnote only (it is not in the bibliography)
AIFP_N093,Note,2,Chapter 2: The Battle for Jobs,93,Book/Print,"PricewaterhouseCoopers, Will Robots Really Steal Our Jobs?, 7.",AIFP_B052,AIFP_N093_Pricewaterhousecoopers_Will-Robots-Really-Steal-Our-Jobs,"PricewaterhouseCoopers. Will Robots Really Steal Our Jobs? An International Analysis of the Potential Long-term Impact of Automation. PricewaterhouseCoopers, 2018.",,,,On OneDrive,https://www.pwc.co.uk/economic-services/assets/international-impact-of-automation-feb-2018.pdf,AIFP_B052_Pricewaterhousecoopers_Will-Robots-Really-Steal-Our-Jobs.pdf,https://1drv.ms/b/c/ACD215A5F926CFCE/IQCcGN8YMAwtT4T6ZYTKjGJgAeatTxQrq6xXkS3D6a2ZQvs,,https://www.google.com/search?tbm=bks&q=Will%20Robots%20Really%20Steal%20Our%20Jobs%20An%20International%20Analysis%20PricewaterhouseCoopers,[match: author+title] | Carried over from the earlier backup (A52_PwC_2018_WillRobotsReallyStealOurJobs.pdf)
AIFP_N094,Note,2,Chapter 2: The Battle for Jobs,94,Book/Print,"Harris, Kimson, and Schwedel, Labor 2030, 29.",AIFP_B022,AIFP_N094_Harris_Labor-2030-The-Collision-of-Demographics,"Harris, Karen, Austin Kimson, and Andrew Schwedel. Labor 2030: The Collision of Demographics, Automation and Inequality. Bain & Company, 2018.",,,,On OneDrive,https://www.bain.com/insights/labor-2030-the-collision-of-demographics-automation-and-inequality,AIFP_B022_Harris_Labor-2030-The-Collision-of-Demographics.pdf,https://1drv.ms/b/c/ACD215A5F926CFCE/IQD2Hckyvi00Sq8GwqeHLAmmAR_kYAk873K6Ui2qhU-i74s,29,https://www.google.com/search?tbm=bks&q=Labor%202030%20The%20Collision%20of%20Demographics%20Automation%20and%20Inequality%20Harris,Carried over from the earlier backup (A22_Bain_2018_Labor2030-CollisionOfDemographicsAutomationInequality.pdf)
AIFP_N095,Note,2,Chapter 2: The Battle for Jobs,95,Book/Print,"Harris, Kimson, and Schwedel, Labor 2030, 30.",AIFP_B022,AIFP_N095_Harris_Labor-2030-The-Collision-of-Demographics,"Harris, Karen, Austin Kimson, and Andrew Schwedel. Labor 2030: The Collision of Demographics, Automation and Inequality. Bain & Company, 2018.",,,,On OneDrive,https://www.bain.com/insights/labor-2030-the-collision-of-demographics-automation-and-inequality,AIFP_B022_Harris_Labor-2030-The-Collision-of-Demographics.pdf,https://1drv.ms/b/c/ACD215A5F926CFCE/IQD2Hckyvi00Sq8GwqeHLAmmAR_kYAk873K6Ui2qhU-i74s,30,https://www.google.com/search?tbm=bks&q=Labor%202030%20The%20Collision%20of%20Demographics%20Automation%20and%20Inequality%20Harris,Carried over from the earlier backup (A22_Bain_2018_Labor2030-CollisionOfDemographicsAutomationInequality.pdf)
AIFP_N096,Note,2,Chapter 2: The Battle for Jobs,96,Book/Print,"Harris, Kimson, and Schwedel, Labor 2030, 36.",AIFP_B022,AIFP_N096_Harris_Labor-2030-The-Collision-of-Demographics,"Harris, Karen, Austin Kimson, and Andrew Schwedel. Labor 2030: The Collision of Demographics, Automation and Inequality. Bain & Company, 2018.",,,,On OneDrive,https://www.bain.com/insights/labor-2030-the-collision-of-demographics-automation-and-inequality,AIFP_B022_Harris_Labor-2030-The-Collision-of-Demographics.pdf,https://1drv.ms/b/c/ACD215A5F926CFCE/IQD2Hckyvi00Sq8GwqeHLAmmAR_kYAk873K6Ui2qhU-i74s,36,https://www.google.com/search?tbm=bks&q=Labor%202030%20The%20Collision%20of%20Demographics%20Automation%20and%20Inequality%20Harris,Carried over from the earlier backup (A22_Bain_2018_Labor2030-CollisionOfDemographicsAutomationInequality.pdf)
AIFP_N097,Note,2,Chapter 2: The Battle for Jobs,97,Book/Print,"Harris, Kimson, and Schwedel, Labor 2030, 59.",AIFP_B022,AIFP_N097_Harris_Labor-2030-The-Collision-of-Demographics,"Harris, Karen, Austin Kimson, and Andrew Schwedel. Labor 2030: The Collision of Demographics, Automation and Inequality. Bain & Company, 2018.",,,,On OneDrive,https://www.bain.com/insights/labor-2030-the-collision-of-demographics-automation-and-inequality,AIFP_B022_Harris_Labor-2030-The-Collision-of-Demographics.pdf,https://1drv.ms/b/c/ACD215A5F926CFCE/IQD2Hckyvi00Sq8GwqeHLAmmAR_kYAk873K6Ui2qhU-i74s,59,https://www.google.com/search?tbm=bks&q=Labor%202030%20The%20Collision%20of%20Demographics%20Automation%20and%20Inequality%20Harris,Carried over from the earlier backup (A22_Bain_2018_Labor2030-CollisionOfDemographicsAutomationInequality.pdf)
AIFP_N098,Note,2,Chapter 2: The Battle for Jobs,98,Book/Print,"Harris, Kimson, and Schwedel, Labor 2030, 30.",AIFP_B022,AIFP_N098_Harris_Labor-2030-The-Collision-of-Demographics,"Harris, Karen, Austin Kimson, and Andrew Schwedel. Labor 2030: The Collision of Demographics, Automation and Inequality. Bain & Company, 2018.",,,,On OneDrive,https://www.bain.com/insights/labor-2030-the-collision-of-demographics-automation-and-inequality,AIFP_B022_Harris_Labor-2030-The-Collision-of-Demographics.pdf,https://1drv.ms/b/c/ACD215A5F926CFCE/IQD2Hckyvi00Sq8GwqeHLAmmAR_kYAk873K6Ui2qhU-i74s,30,https://www.google.com/search?tbm=bks&q=Labor%202030%20The%20Collision%20of%20Demographics%20Automation%20and%20Inequality%20Harris,Carried over from the earlier backup (A22_Bain_2018_Labor2030-CollisionOfDemographicsAutomationInequality.pdf)
AIFP_N099,Note,2,Chapter 2: The Battle for Jobs,99,Book/Print,"Harris, Kimson, and Schwedel, Labor 2030, 42.",AIFP_B022,AIFP_N099_Harris_Labor-2030-The-Collision-of-Demographics,"Harris, Karen, Austin Kimson, and Andrew Schwedel. Labor 2030: The Collision of Demographics, Automation and Inequality. Bain & Company, 2018.",,,,On OneDrive,https://www.bain.com/insights/labor-2030-the-collision-of-demographics-automation-and-inequality,AIFP_B022_Harris_Labor-2030-The-Collision-of-Demographics.pdf,https://1drv.ms/b/c/ACD215A5F926CFCE/IQD2Hckyvi00Sq8GwqeHLAmmAR_kYAk873K6Ui2qhU-i74s,42,https://www.google.com/search?tbm=bks&q=Labor%202030%20The%20Collision%20of%20Demographics%20Automation%20and%20Inequality%20Harris,Carried over from the earlier backup (A22_Bain_2018_Labor2030-CollisionOfDemographicsAutomationInequality.pdf)
AIFP_N100,Note,2,Chapter 2: The Battle for Jobs,100,Book/Print,"Credit Suisse Research Institute, Global Wealth Report 2019, (October 2019).",AIFP_B010,AIFP_N100_Credit-Suisse_Global-Wealth-Report-2019,Credit Suisse Research Institute. Global Wealth Report 2019. October 2019.,,,,To do,,,,,https://books.google.com/books?id=Vn05CwAAQBAJ,Google Books preview: PARTIAL (check it is the right edition)
AIFP_N101,Note,2,Chapter 2: The Battle for Jobs,101,URL,"Further data is available in: https://www.bloomberg.com/news/articles/2019-12-27/world-s-richest-gain-1-2-trillion-as-kylie-baby-sharks-prosper (accessed July 20, 2020).",,AIFP_N101_bloomberg-com_world-s-richest-gain-1-2-trillion,,https://www.bloomberg.com/news/articles/2019-12-27/world-s-richest-gain-1-2-trillion-as-kylie-baby-sharks-prosper,http://web.archive.org/web/20260523153634/https://www.bloomberg.com/news/articles/2019-12-27/world-s-richest-gain-1-2-trillion-as-kylie-baby-sharks-prosper,Snapshot found,Downloaded,,AIFP_N101_bloomberg-com_world-s-richest-gain-1-2-trillion.pdf,,,,Web page named in the endnote only (it is not in the bibliography)
AIFP_N102,Note,2,Chapter 2: The Battle for Jobs,102,Book/Print,"Lee, AI Superpowers, 150.",AIFP_B032,AIFP_N102_Lee_AI-Superpowers-China,"Lee, Kai-Fu. AI Superpowers: China, Silicon Valley, and the New World Order. Boston, MA: Houghton Mifflin Hartcourt, 2018.",,,,To do,,,,,https://books.google.com/books?id=Xb9wDwAAQBAJ,[match: author only (unique)] | Google Books preview: PARTIAL (check it is the right edition)
AIFP_N103,Note,2,Chapter 2: The Battle for Jobs,103,Book/Print,"Lawson et al., “Time to Care”, 9.",AIFP_B031,AIFP_N103_Lawson_Time-to-Care-Unpaid-and-Underpaid-Care,"Lawson, Max, Anam Parvez Butt, Rowan Harvey, Diana Sarosi, Clare Coffey, Kim Piaget, Julie and Thekkudan. “Time to Care: Unpaid and Underpaid Care Work and the Global Inequality Crisis”. OxFam International, January 20, 2020.",,,,On OneDrive,https://oxfamilibrary.openrepository.com/handle/10546/620928,AIFP_B031_Lawson_Time-to-Care-Unpaid-and-Underpaid-Care.pdf,https://1drv.ms/b/c/ACD215A5F926CFCE/IQBehX1zf6mHSouDuLPnpuraAYDhP_aY20EdNs8fZ0ePrQM,,https://www.google.com/search?tbm=bks&q=Time%20to%20Care%20Unpaid%20and%20Underpaid%20Care%20Work%20and%20Lawson,[match: author only (unique)] | Carried over from the earlier backup (A31_Oxfam_2020_TimeToCare-GlobalInequalityReport.pdf)
AIFP_N104,Note,2,Chapter 2: The Battle for Jobs,104,Book/Print,"Lawson et al., “Time to Care”, 11.",AIFP_B031,AIFP_N104_Lawson_Time-to-Care-Unpaid-and-Underpaid-Care,"Lawson, Max, Anam Parvez Butt, Rowan Harvey, Diana Sarosi, Clare Coffey, Kim Piaget, Julie and Thekkudan. “Time to Care: Unpaid and Underpaid Care Work and the Global Inequality Crisis”. OxFam International, January 20, 2020.",,,,On OneDrive,https://oxfamilibrary.openrepository.com/handle/10546/620928,AIFP_B031_Lawson_Time-to-Care-Unpaid-and-Underpaid-Care.pdf,https://1drv.ms/b/c/ACD215A5F926CFCE/IQBehX1zf6mHSouDuLPnpuraAYDhP_aY20EdNs8fZ0ePrQM,,https://www.google.com/search?tbm=bks&q=Time%20to%20Care%20Unpaid%20and%20Underpaid%20Care%20Work%20and%20Lawson,[match: author only (unique)] | Carried over from the earlier backup (A31_Oxfam_2020_TimeToCare-GlobalInequalityReport.pdf)
AIFP_N105,Note,2,Chapter 2: The Battle for Jobs,105,Book/Print,"Harris, Kimson, and Schwedel, Labor 2030, 37.",AIFP_B022,AIFP_N105_Harris_Labor-2030-The-Collision-of-Demographics,"Harris, Karen, Austin Kimson, and Andrew Schwedel. Labor 2030: The Collision of Demographics, Automation and Inequality. Bain & Company, 2018.",,,,On OneDrive,https://www.bain.com/insights/labor-2030-the-collision-of-demographics-automation-and-inequality,AIFP_B022_Harris_Labor-2030-The-Collision-of-Demographics.pdf,https://1drv.ms/b/c/ACD215A5F926CFCE/IQD2Hckyvi00Sq8GwqeHLAmmAR_kYAk873K6Ui2qhU-i74s,37,https://www.google.com/search?tbm=bks&q=Labor%202030%20The%20Collision%20of%20Demographics%20Automation%20and%20Inequality%20Harris,Carried over from the earlier backup (A22_Bain_2018_Labor2030-CollisionOfDemographicsAutomationInequality.pdf)
AIFP_N106,Note,2,Chapter 2: The Battle for Jobs,106,Book/Print,"Susskind, Future Politics, 322.",AIFP_B073,AIFP_N106_Susskind_Future-Politics-Living-Together-in-a-World,"Susskind, Jamie. Future Politics: Living Together in a World Transformed by Tech. Oxford, UK: Oxford University Press, 2018.",,,,To do,,,,,https://books.google.com/books?id=bpw1EAAAQBAJ,[match: author+title] | Google Books preview: PARTIAL (check it is the right edition)
AIFP_N107,Note,2,Chapter 2: The Battle for Jobs,107,Book/Print,"Lawson et al., “Time to Care”, 9-10.",AIFP_B031,AIFP_N107_Lawson_Time-to-Care-Unpaid-and-Underpaid-Care,"Lawson, Max, Anam Parvez Butt, Rowan Harvey, Diana Sarosi, Clare Coffey, Kim Piaget, Julie and Thekkudan. “Time to Care: Unpaid and Underpaid Care Work and the Global Inequality Crisis”. OxFam International, January 20, 2020.",,,,On OneDrive,https://oxfamilibrary.openrepository.com/handle/10546/620928,AIFP_B031_Lawson_Time-to-Care-Unpaid-and-Underpaid-Care.pdf,https://1drv.ms/b/c/ACD215A5F926CFCE/IQBehX1zf6mHSouDuLPnpuraAYDhP_aY20EdNs8fZ0ePrQM,,https://www.google.com/search?tbm=bks&q=Time%20to%20Care%20Unpaid%20and%20Underpaid%20Care%20Work%20and%20Lawson,[match: author only (unique)] | Carried over from the earlier backup (A31_Oxfam_2020_TimeToCare-GlobalInequalityReport.pdf)
AIFP_N108,Note,2,Chapter 2: The Battle for Jobs,108,URL,"Oxford Economics, How Robots Change the World, 23.",AIFP_B044,AIFP_N108_Oxford-Economics_How-Robots-Change-the-World-What-automation,Oxford Economics. How Robots Change the World: What automation really means for jobs and productivity. June 2019. http://resources.oxfordeconomics.com/how-robots-change-the-world,http://resources.oxfordeconomics.com/how-robots-change-the-world,http://web.archive.org/web/20251209234740/https://resources.oxfordeconomics.com/how-robots-change-the-world/,Snapshot found,On OneDrive,,AIFP_B044_Oxford-Economics_How-Robots-Change-the-World-What-automation_resources-oxfordeconomics-com.pdf,https://1drv.ms/b/c/ACD215A5F926CFCE/IQCDQzZCSffhTpA0_TaaiIrOAerM3dSrTqdcFyXSbybt7mQ,,,[match: author only (unique)]
AIFP_N109,Note,2,Chapter 2: The Battle for Jobs,109,Book/Print,"World Economic Forum, The Global Risks Report 2020, 66.",AIFP_B089,AIFP_N109_World-Economic_The-Global-Risks-Report-2020,"World Economic Forum. The Global Risks Report 2020, Geneva, Switzerland: World Economic Forum, 2020.",,,,On OneDrive,https://www.weforum.org/publications/the-global-risks-report-2020/,AIFP_B089_World-Economic_The-Global-Risks-Report-2020.pdf,https://1drv.ms/b/c/ACD215A5F926CFCE/IQC6FOzC3MG7SbFdQxjz7U9PARoBy3OK4lSuBookNrXNMEg?e=Iu46e5,66,https://books.google.com/books?id=qUkQEAAAQBAJ&pg=PA66,Google Books preview: ALL_PAGES (check it is the right edition) | Carried over from the earlier backup (A89_WEF_2020_Global-Risks-Report.pdf)
AIFP_N110,Note,2,Chapter 2: The Battle for Jobs,110,Book/Print,"World Economic Forum, The Global Risks Report 2020, 67.",AIFP_B089,AIFP_N110_World-Economic_The-Global-Risks-Report-2020,"World Economic Forum. The Global Risks Report 2020, Geneva, Switzerland: World Economic Forum, 2020.",,,,On OneDrive,https://www.weforum.org/publications/the-global-risks-report-2020/,AIFP_B089_World-Economic_The-Global-Risks-Report-2020.pdf,https://1drv.ms/b/c/ACD215A5F926CFCE/IQC6FOzC3MG7SbFdQxjz7U9PARoBy3OK4lSuBookNrXNMEg?e=Iu46e5,67,https://books.google.com/books?id=qUkQEAAAQBAJ&pg=PA67,Google Books preview: ALL_PAGES (check it is the right edition) | Carried over from the earlier backup (A89_WEF_2020_Global-Risks-Report.pdf)
AIFP_N111,Note,2,Chapter 2: The Battle for Jobs,111,Book/Print,"United Nations Conference on Trade and Development, Digital Economy Report 2019, 96.",AIFP_B078,AIFP_N111_United-Nations_Digital-Economy-Report-2019,"United Nations Conference on Trade and Development. Digital Economy Report 2019. Value Creation and Capture: Implications for Developing Countries. New York: United Nations, 2019.",,,,To do,,,,96,https://books.google.com/books?id=BrXcw-FoEkYC&pg=PA96,Google Books preview: NO_PAGES (check it is the right edition)
AIFP_N112,Note,2,Chapter 2: The Battle for Jobs,112,Book/Print,"Lawson et al., “Time to Care”, 20.",AIFP_B031,AIFP_N112_Lawson_Time-to-Care-Unpaid-and-Underpaid-Care,"Lawson, Max, Anam Parvez Butt, Rowan Harvey, Diana Sarosi, Clare Coffey, Kim Piaget, Julie and Thekkudan. “Time to Care: Unpaid and Underpaid Care Work and the Global Inequality Crisis”. OxFam International, January 20, 2020.",,,,On OneDrive,https://oxfamilibrary.openrepository.com/handle/10546/620928,AIFP_B031_Lawson_Time-to-Care-Unpaid-and-Underpaid-Care.pdf,https://1drv.ms/b/c/ACD215A5F926CFCE/IQBehX1zf6mHSouDuLPnpuraAYDhP_aY20EdNs8fZ0ePrQM,,https://www.google.com/search?tbm=bks&q=Time%20to%20Care%20Unpaid%20and%20Underpaid%20Care%20Work%20and%20Lawson,[match: author only (unique)] | Carried over from the earlier backup (A31_Oxfam_2020_TimeToCare-GlobalInequalityReport.pdf)
AIFP_N113,Note,2,Chapter 2: The Battle for Jobs,113,Book/Print,"Lawson et al., “Time to Care”, 12.",AIFP_B031,AIFP_N113_Lawson_Time-to-Care-Unpaid-and-Underpaid-Care,"Lawson, Max, Anam Parvez Butt, Rowan Harvey, Diana Sarosi, Clare Coffey, Kim Piaget, Julie and Thekkudan. “Time to Care: Unpaid and Underpaid Care Work and the Global Inequality Crisis”. OxFam International, January 20, 2020.",,,,On OneDrive,https://oxfamilibrary.openrepository.com/handle/10546/620928,AIFP_B031_Lawson_Time-to-Care-Unpaid-and-Underpaid-Care.pdf,https://1drv.ms/b/c/ACD215A5F926CFCE/IQBehX1zf6mHSouDuLPnpuraAYDhP_aY20EdNs8fZ0ePrQM,,https://www.google.com/search?tbm=bks&q=Time%20to%20Care%20Unpaid%20and%20Underpaid%20Care%20Work%20and%20Lawson,[match: author only (unique)] | Carried over from the earlier backup (A31_Oxfam_2020_TimeToCare-GlobalInequalityReport.pdf)
AIFP_N114,Note,2,Chapter 2: The Battle for Jobs,114,URL,"See: http://www.cnbctv18.com/economy/coronavirus-crisis-could-plunge-half-a-billion-people-into-poverty-oxfam-5654871.htm (accessed July 20, 2020).",,AIFP_N114_cnbctv18-com_coronavirus-crisis-could-plunge-half-a-billion,,http://www.cnbctv18.com/economy/coronavirus-crisis-could-plunge-half-a-billion-people-into-poverty-oxfam-5654871.htm,,NO snapshot - capture at web.archive.org/save,Downloaded,,AIFP_N114_cnbctv18-com_coronavirus-crisis-could-plunge-half-a-billion.pdf,,,,Web page named in the endnote only (it is not in the bibliography)
AIFP_N115,Note,2,Chapter 2: The Battle for Jobs,115,URL,"See: https://edition.cnn.com/2020/03/31/perspectives/equal-pay-day-coronavirus/index.html (accessed July 20, 2020).",,AIFP_N115_edition-cnn-com_index,,https://edition.cnn.com/2020/03/31/perspectives/equal-pay-day-coronavirus/index.html,http://web.archive.org/web/20240710215549/https://edition.cnn.com/2020/03/31/perspectives/equal-pay-day-coronavirus/index.html,Snapshot found,Downloaded,,AIFP_N115_edition-cnn-com_index.pdf,,,,Web page named in the endnote only (it is not in the bibliography)
AIFP_N116,Note,2,Chapter 2: The Battle for Jobs,116,Book/Print,"Harris, Kimson, and Schwedel, Labor 2030, 38.",AIFP_B022,AIFP_N116_Harris_Labor-2030-The-Collision-of-Demographics,"Harris, Karen, Austin Kimson, and Andrew Schwedel. Labor 2030: The Collision of Demographics, Automation and Inequality. Bain & Company, 2018.",,,,On OneDrive,https://www.bain.com/insights/labor-2030-the-collision-of-demographics-automation-and-inequality,AIFP_B022_Harris_Labor-2030-The-Collision-of-Demographics.pdf,https://1drv.ms/b/c/ACD215A5F926CFCE/IQD2Hckyvi00Sq8GwqeHLAmmAR_kYAk873K6Ui2qhU-i74s,38,https://www.google.com/search?tbm=bks&q=Labor%202030%20The%20Collision%20of%20Demographics%20Automation%20and%20Inequality%20Harris,Carried over from the earlier backup (A22_Bain_2018_Labor2030-CollisionOfDemographicsAutomationInequality.pdf)
AIFP_N117,Note,2,Chapter 2: The Battle for Jobs,117,Book/Print,"Harris, Kimson, and Schwedel, Labor 2030.",AIFP_B022,AIFP_N117_Harris_Labor-2030-The-Collision-of-Demographics,"Harris, Karen, Austin Kimson, and Andrew Schwedel. Labor 2030: The Collision of Demographics, Automation and Inequality. Bain & Company, 2018.",,,,On OneDrive,https://www.bain.com/insights/labor-2030-the-collision-of-demographics-automation-and-inequality,AIFP_B022_Harris_Labor-2030-The-Collision-of-Demographics.pdf,https://1drv.ms/b/c/ACD215A5F926CFCE/IQD2Hckyvi00Sq8GwqeHLAmmAR_kYAk873K6Ui2qhU-i74s,,https://www.google.com/search?tbm=bks&q=Labor%202030%20The%20Collision%20of%20Demographics%20Automation%20and%20Inequality%20Harris,Carried over from the earlier backup (A22_Bain_2018_Labor2030-CollisionOfDemographicsAutomationInequality.pdf)
AIFP_N118,Note,2,Chapter 2: The Battle for Jobs,118,Book/Print,"Harris, Kimson, and Schwedel, Labor 2030, 44.",AIFP_B022,AIFP_N118_Harris_Labor-2030-The-Collision-of-Demographics,"Harris, Karen, Austin Kimson, and Andrew Schwedel. Labor 2030: The Collision of Demographics, Automation and Inequality. Bain & Company, 2018.",,,,On OneDrive,https://www.bain.com/insights/labor-2030-the-collision-of-demographics-automation-and-inequality,AIFP_B022_Harris_Labor-2030-The-Collision-of-Demographics.pdf,https://1drv.ms/b/c/ACD215A5F926CFCE/IQD2Hckyvi00Sq8GwqeHLAmmAR_kYAk873K6Ui2qhU-i74s,44,https://www.google.com/search?tbm=bks&q=Labor%202030%20The%20Collision%20of%20Demographics%20Automation%20and%20Inequality%20Harris,Carried over from the earlier backup (A22_Bain_2018_Labor2030-CollisionOfDemographicsAutomationInequality.pdf)
AIFP_N119,Note,2,Chapter 2: The Battle for Jobs,119,Book/Print,"Harris, Kimson, and Schwedel, Labor 2030, 47.",AIFP_B022,AIFP_N119_Harris_Labor-2030-The-Collision-of-Demographics,"Harris, Karen, Austin Kimson, and Andrew Schwedel. Labor 2030: The Collision of Demographics, Automation and Inequality. Bain & Company, 2018.",,,,On OneDrive,https://www.bain.com/insights/labor-2030-the-collision-of-demographics-automation-and-inequality,AIFP_B022_Harris_Labor-2030-The-Collision-of-Demographics.pdf,https://1drv.ms/b/c/ACD215A5F926CFCE/IQD2Hckyvi00Sq8GwqeHLAmmAR_kYAk873K6Ui2qhU-i74s,47,https://www.google.com/search?tbm=bks&q=Labor%202030%20The%20Collision%20of%20Demographics%20Automation%20and%20Inequality%20Harris,Carried over from the earlier backup (A22_Bain_2018_Labor2030-CollisionOfDemographicsAutomationInequality.pdf)
AIFP_N120,Note,2,Chapter 2: The Battle for Jobs,120,Book/Print,"McKinsey Global Institute, A Future That Works, ii.",AIFP_B036,AIFP_N120_Mckinsey-Global_A-Future-that-Works-Automation,"McKinsey Global Institute. A Future that Works: Automation, Employment, and Productivity. 2017.",,,,On OneDrive,https://www.mckinsey.com/featured-insights/digital-disruption/harnessing-automation-for-a-future-that-works,AIFP_B036_Mckinsey-Global_A-Future-that-Works-Automation.pdf,https://1drv.ms/b/c/ACD215A5F926CFCE/IQBqLmOErCZ7S6PSDNIGd7gUAWWMPREKpCCy9KoeIs9vEiQ,,https://books.google.com/books?id=NlR1swEACAAJ,[match: author+title] | Google Books preview: NO_PAGES (check it is the right edition) | Carried over from the earlier backup (A36_McKinsey_2017_AFutureThatWorks-AutomationEmploymentProductivity.pdf)
AIFP_N121,Note,2,Chapter 2: The Battle for Jobs,121,Book/Print,"World Economic Forum, We’ll Live to 100, 7.",AIFP_B090,AIFP_N121_World-Economic_We-ll-Live-to-100-How-Can,"World Economic Forum. We’ll Live to 100 – How Can We Afford It? Geneva, Switzerland: World Economic Forum, 2017.",,,,On OneDrive,https://www.weforum.org/publications/we-ll-live-to-100-how-can-we-afford-it/,AIFP_B090_World-Economic_We-ll-Live-to-100-How-Can.pdf,https://1drv.ms/b/c/ACD215A5F926CFCE/IQCPtWEVF0R-QqoFVLH57IomAQjxPL_aHQOvGpVIMeLCumw?e=EYqhDE,,https://books.google.com/books?id=Ld9jAwAAQBAJ,[match: author+title] | Google Books preview: PARTIAL (check it is the right edition) | Carried over from the earlier backup (A90_WEF_WellLiveTo100-HowCanWeAffordIt.pdf)
AIFP_N122,Note,2,Chapter 2: The Battle for Jobs,122,Book/Print,"Balliester and Elsheikhi, The Future of Work.",AIFP_B003,AIFP_N122_Balliester_The-Future-of-Work-A-Literature-Review,"Balliester, Thereza and Adam Elsheikhi. The Future of Work: A Literature Review. Geneva, Switzerland: International Labor Office, 2018.",,,,On OneDrive,https://www.ilo.org/sites/default/files/wcmsp5/groups/public/@dgreports/@inst/documents/publication/wcms_625866.pdf,AIFP_B003_Balliester_The-Future-of-Work-A-Literature-Review.pdf,https://1drv.ms/b/c/ACD215A5F926CFCE/IQBpIVQiZ4xaSJEkGTdAA73MAZLCowR_R2atdQZlJ2DSCJY,,https://www.google.com/search?tbm=bks&q=The%20Future%20of%20Work%20A%20Literature%20Review%20Geneva%20Switzerland%20Balliester,[match: author only (unique)] | Carried over from the earlier backup (A3_ILO_2017_Future-of-Work-Literature-Review.pdf)
AIFP_N123,Note,2,Chapter 2: The Battle for Jobs,123,Book/Print,"Lee, AI Superpowers, 151.",AIFP_B032,AIFP_N123_Lee_AI-Superpowers-China,"Lee, Kai-Fu. AI Superpowers: China, Silicon Valley, and the New World Order. Boston, MA: Houghton Mifflin Hartcourt, 2018.",,,,To do,,,,,https://books.google.com/books?id=Xb9wDwAAQBAJ,[match: author only (unique)] | Google Books preview: PARTIAL (check it is the right edition)
AIFP_N124,Note,2,Chapter 2: The Battle for Jobs,124,Book/Print,"Susskind, A World Without Work, 193-94.",AIFP_B072,AIFP_N124_Susskind_A-World-Without-Work-Technology,"Susskind, Daniel. A World Without Work: Technology, Automation, and How We Should Respond. New York: Metropolitan Books, Henry Holt and Company, 2020.",,,,To do,,,,,https://books.google.com/books?id=-m-VDwAAQBAJ,[match: author+title] | Google Books preview: PARTIAL (check it is the right edition)
AIFP_N125,Note,2,Chapter 2: The Battle for Jobs,125,Book/Print,"Susskind, A World Without Work, 167-68.",AIFP_B072,AIFP_N125_Susskind_A-World-Without-Work-Technology,"Susskind, Daniel. A World Without Work: Technology, Automation, and How We Should Respond. New York: Metropolitan Books, Henry Holt and Company, 2020.",,,,To do,,,,,https://books.google.com/books?id=-m-VDwAAQBAJ,[match: author+title] | Google Books preview: PARTIAL (check it is the right edition)
AIFP_N126,Note,2,Chapter 2: The Battle for Jobs,126,Book/Print,"McKinsey Global Institute, A Future That Works, ii.",AIFP_B036,AIFP_N126_Mckinsey-Global_A-Future-that-Works-Automation,"McKinsey Global Institute. A Future that Works: Automation, Employment, and Productivity. 2017.",,,,On OneDrive,https://www.mckinsey.com/featured-insights/digital-disruption/harnessing-automation-for-a-future-that-works,AIFP_B036_Mckinsey-Global_A-Future-that-Works-Automation.pdf,https://1drv.ms/b/c/ACD215A5F926CFCE/IQBqLmOErCZ7S6PSDNIGd7gUAWWMPREKpCCy9KoeIs9vEiQ,,https://books.google.com/books?id=NlR1swEACAAJ,[match: author+title] | Google Books preview: NO_PAGES (check it is the right edition) | Carried over from the earlier backup (A36_McKinsey_2017_AFutureThatWorks-AutomationEmploymentProductivity.pdf)
AIFP_N127,Note,2,Chapter 2: The Battle for Jobs,127,URL,"Oxford Economics, How Robots Change the World.",AIFP_B044,AIFP_N127_Oxford-Economics_How-Robots-Change-the-World-What-automation,Oxford Economics. How Robots Change the World: What automation really means for jobs and productivity. June 2019. http://resources.oxfordeconomics.com/how-robots-change-the-world,http://resources.oxfordeconomics.com/how-robots-change-the-world,http://web.archive.org/web/20251209234740/https://resources.oxfordeconomics.com/how-robots-change-the-world/,Snapshot found,On OneDrive,,AIFP_B044_Oxford-Economics_How-Robots-Change-the-World-What-automation_resources-oxfordeconomics-com.pdf,https://1drv.ms/b/c/ACD215A5F926CFCE/IQCDQzZCSffhTpA0_TaaiIrOAerM3dSrTqdcFyXSbybt7mQ,,,[match: author only (unique)]
AIFP_N128,Note,3,Chapter 3: The Battle for World Domination,128,Book/Print,"Sanjaya to Dhritarashtra in Bhishma Parva: Ray, The Mahabharata of Krishna-Dwaipayana Vyasa, 34.",AIFP_B054,AIFP_N128_Ray_The-Mahabharata-of-Krishna-Dwaipayana-Vyasa,"Ray, Pratap Chandra. The Mahabharata of Krishna-Dwaipayana Vyasa. Calcutta: Bharata Press, 1887.",,,,To do,,,,,https://www.google.com/search?tbm=bks&q=The%20Mahabharata%20of%20Krishna%20Dwaipayana%20Vyasa%20Calcutta%20Bharata%20Press%20Ray,[match: author only (unique)]
AIFP_N129,Note,3,Chapter 3: The Battle for World Domination,129,Book/Print,"PricewaterhouseCoopers, Sizing the Prize, 7.",AIFP_B051,AIFP_N129_Pricewaterhousecoopers_Sizing-the-Prize-What-s-the-Real,"PricewaterhouseCoopers. Sizing the Prize: What’s the Real Value of AI for Your Business and How Can You Capitalise? PricewaterhouseCoopers, 2017.",,,,On OneDrive,https://www.pwc.be/en/documents/20170904-sizing-the-price-ai-analysis.pdf,AIFP_B051_Pricewaterhousecoopers_Sizing-the-Prize-What-s-the-Real.pdf,https://1drv.ms/b/c/ACD215A5F926CFCE/IQAVUQyC3a0ARbF1gUwfyyOkAX_9_0n5w6jt7h9Z8PX83Sw,,https://www.google.com/search?tbm=bks&q=Sizing%20the%20Prize%20What%20s%20the%20Real%20Value%20of%20PricewaterhouseCoopers,[match: author+title] | Carried over from the earlier backup (A51_PwC_2017_SizingThePrize-ValueOfAIForBusiness.pdf)
AIFP_N130,Note,3,Chapter 3: The Battle for World Domination,130,Book/Print,"PricewaterhouseCoopers, Sizing the Prize, 7. Due to rounding, the total appears a bit higher than the $15.7 trillion forecast in the report.",AIFP_B051,AIFP_N130_Pricewaterhousecoopers_Sizing-the-Prize-What-s-the-Real,"PricewaterhouseCoopers. Sizing the Prize: What’s the Real Value of AI for Your Business and How Can You Capitalise? PricewaterhouseCoopers, 2017.",,,,On OneDrive,https://www.pwc.be/en/documents/20170904-sizing-the-price-ai-analysis.pdf,AIFP_B051_Pricewaterhousecoopers_Sizing-the-Prize-What-s-the-Real.pdf,https://1drv.ms/b/c/ACD215A5F926CFCE/IQAVUQyC3a0ARbF1gUwfyyOkAX_9_0n5w6jt7h9Z8PX83Sw,,https://www.google.com/search?tbm=bks&q=Sizing%20the%20Prize%20What%20s%20the%20Real%20Value%20of%20PricewaterhouseCoopers,[match: author+title] | Carried over from the earlier backup (A51_PwC_2017_SizingThePrize-ValueOfAIForBusiness.pdf)
AIFP_N131,Note,3,Chapter 3: The Battle for World Domination,131,Book/Print,"United Nations Conference on Trade and Development, Digital Economy Report 2019, 8-9, xvi.",AIFP_B078,AIFP_N131_United-Nations_Digital-Economy-Report-2019,"United Nations Conference on Trade and Development. Digital Economy Report 2019. Value Creation and Capture: Implications for Developing Countries. New York: United Nations, 2019.",,,,To do,,,,8,https://books.google.com/books?id=BrXcw-FoEkYC&pg=PA8,Google Books preview: NO_PAGES (check it is the right edition)
AIFP_N132,Note,3,Chapter 3: The Battle for World Domination,132,Book/Print,"United Nations Conference on Trade and Development, Digital Economy Report 2019, 7.",AIFP_B078,AIFP_N132_United-Nations_Digital-Economy-Report-2019,"United Nations Conference on Trade and Development. Digital Economy Report 2019. Value Creation and Capture: Implications for Developing Countries. New York: United Nations, 2019.",,,,To do,,,,7,https://books.google.com/books?id=BrXcw-FoEkYC&pg=PA7,Google Books preview: NO_PAGES (check it is the right edition)
AIFP_N133,Note,3,Chapter 3: The Battle for World Domination,133,Book/Print,"Wisskirchen et al., Artificial Intelligence and Robotics, 18. See also pages 14 and 17 for risks facing the poor workers.",AIFP_B086,AIFP_N133_Wisskirchen_Artificial-Intelligence-and-Robotics-and-Their-Impact,"Wisskirchen, Gerlind, Blandine Thibault Biacabe, Ulrich Bormann, Annemarie Muntz, Gunda Niehaus, Guillermo Jiménez Soler and Beatrice von Brauchitsch. Artificial Intelligence and Robotics and Their Impact on the Workplace. IBA Global Employment Institute, 2017.",,,,To do,,,,,https://www.google.com/search?tbm=bks&q=Artificial%20Intelligence%20and%20Robotics%20and%20Their%20Impact%20on%20the%20Wisskirchen,[match: author+title]
AIFP_N134,Note,3,Chapter 3: The Battle for World Domination,134,Book/Print,"Harris, Kimson, and Schwedel, Labor 2030, 46.",AIFP_B022,AIFP_N134_Harris_Labor-2030-The-Collision-of-Demographics,"Harris, Karen, Austin Kimson, and Andrew Schwedel. Labor 2030: The Collision of Demographics, Automation and Inequality. Bain & Company, 2018.",,,,On OneDrive,https://www.bain.com/insights/labor-2030-the-collision-of-demographics-automation-and-inequality,AIFP_B022_Harris_Labor-2030-The-Collision-of-Demographics.pdf,https://1drv.ms/b/c/ACD215A5F926CFCE/IQD2Hckyvi00Sq8GwqeHLAmmAR_kYAk873K6Ui2qhU-i74s,46,https://www.google.com/search?tbm=bks&q=Labor%202030%20The%20Collision%20of%20Demographics%20Automation%20and%20Inequality%20Harris,Carried over from the earlier backup (A22_Bain_2018_Labor2030-CollisionOfDemographicsAutomationInequality.pdf)
AIFP_N135,Note,3,Chapter 3: The Battle for World Domination,135,Book/Print,"Thierer, O’Sullivan, and Russell, “Artificial Intelligence and Public Policy”. In support of this trend, analysts with Bank of America and Merrill Lynch estimate that robotics and AI will perform 45% of manufacturing tasks by 2025.",AIFP_B076,AIFP_N135_Thierer_Arlington,"Thierer, Adam, Andrea Castillo O’Sullivan, and Raymond Russell, Artificial Intelligence and Public Policy. Arlington, VA: Mercatus Center, George Mason University, 2017.",,,,On OneDrive,https://www.mercatus.org/research/policy-briefs/artificial-intelligence-and-public-policy,AIFP_B076_Thierer_Arlington.pdf,https://1drv.ms/b/c/ACD215A5F926CFCE/IQB3gbNWh1B_TrK4I15cXUK7AStzbDOYxu8kHydfuCsQi_g,,https://www.google.com/search?tbm=bks&q=Arlington%20VA%20Mercatus%20Center%20George%20Mason%20University%202017%20Thierer,[match: author+title] | Carried over from the earlier backup (A76_Mercatus_ArtificialIntelligenceAndPublicPolicy.pdf)
AIFP_N136,Note,3,Chapter 3: The Battle for World Domination,136,URL,"Oxford Economics, How Robots Change the World, 3.",AIFP_B044,AIFP_N136_Oxford-Economics_How-Robots-Change-the-World-What-automation,Oxford Economics. How Robots Change the World: What automation really means for jobs and productivity. June 2019. http://resources.oxfordeconomics.com/how-robots-change-the-world,http://resources.oxfordeconomics.com/how-robots-change-the-world,http://web.archive.org/web/20251209234740/https://resources.oxfordeconomics.com/how-robots-change-the-world/,Snapshot found,On OneDrive,,AIFP_B044_Oxford-Economics_How-Robots-Change-the-World-What-automation_resources-oxfordeconomics-com.pdf,https://1drv.ms/b/c/ACD215A5F926CFCE/IQCDQzZCSffhTpA0_TaaiIrOAerM3dSrTqdcFyXSbybt7mQ,,,[match: author only (unique)]
AIFP_N137,Note,3,Chapter 3: The Battle for World Domination,137,URL,"Oxford Economics, How Robots Change the World, 4.",AIFP_B044,AIFP_N137_Oxford-Economics_How-Robots-Change-the-World-What-automation,Oxford Economics. How Robots Change the World: What automation really means for jobs and productivity. June 2019. http://resources.oxfordeconomics.com/how-robots-change-the-world,http://resources.oxfordeconomics.com/how-robots-change-the-world,http://web.archive.org/web/20251209234740/https://resources.oxfordeconomics.com/how-robots-change-the-world/,Snapshot found,On OneDrive,,AIFP_B044_Oxford-Economics_How-Robots-Change-the-World-What-automation_resources-oxfordeconomics-com.pdf,https://1drv.ms/b/c/ACD215A5F926CFCE/IQCDQzZCSffhTpA0_TaaiIrOAerM3dSrTqdcFyXSbybt7mQ,,,[match: author only (unique)]
AIFP_N138,Note,3,Chapter 3: The Battle for World Domination,138,Book/Print,"World Economic Forum, The Global Risks Report 2020, 66.",AIFP_B089,AIFP_N138_World-Economic_The-Global-Risks-Report-2020,"World Economic Forum. The Global Risks Report 2020, Geneva, Switzerland: World Economic Forum, 2020.",,,,On OneDrive,https://www.weforum.org/publications/the-global-risks-report-2020/,AIFP_B089_World-Economic_The-Global-Risks-Report-2020.pdf,https://1drv.ms/b/c/ACD215A5F926CFCE/IQC6FOzC3MG7SbFdQxjz7U9PARoBy3OK4lSuBookNrXNMEg?e=Iu46e5,66,https://books.google.com/books?id=qUkQEAAAQBAJ&pg=PA66,Google Books preview: ALL_PAGES (check it is the right edition) | Carried over from the earlier backup (A89_WEF_2020_Global-Risks-Report.pdf)
AIFP_N139,Note,3,Chapter 3: The Battle for World Domination,139,Book/Print,"United Nations Conference on Trade and Development, Digital Economy Report 2019, 92.",AIFP_B078,AIFP_N139_United-Nations_Digital-Economy-Report-2019,"United Nations Conference on Trade and Development. Digital Economy Report 2019. Value Creation and Capture: Implications for Developing Countries. New York: United Nations, 2019.",,,,To do,,,,92,https://books.google.com/books?id=BrXcw-FoEkYC&pg=PA92,Google Books preview: NO_PAGES (check it is the right edition)
AIFP_N140,Note,3,Chapter 3: The Battle for World Domination,140,URL,"See: https://www.orfonline.org/expert-speak/the-tsinghua-of-economic-development-in-pakistan-66037/ (accessed July 20, 2020).",,AIFP_N140_orfonline-org_the-tsinghua-of-economic-development-in-pakistan,,https://www.orfonline.org/expert-speak/the-tsinghua-of-economic-development-in-pakistan-66037/,http://web.archive.org/web/20260309204617/https://www.orfonline.org/expert-speak/the-tsinghua-of-economic-development-in-pakistan-66037,Snapshot found,Downloaded,,AIFP_N140_orfonline-org_the-tsinghua-of-economic-development-in-pakistan.pdf,,,,Web page named in the endnote only (it is not in the bibliography) | Page saved as PDF (cover page + copy) from live page on 2026-10-07
AIFP_N141,Note,3,Chapter 3: The Battle for World Domination,141,Book/Print,"United Nations Conference on Trade and Development, Digital Economy Report 2019, 92.",AIFP_B078,AIFP_N141_United-Nations_Digital-Economy-Report-2019,"United Nations Conference on Trade and Development. Digital Economy Report 2019. Value Creation and Capture: Implications for Developing Countries. New York: United Nations, 2019.",,,,To do,,,,92,https://books.google.com/books?id=BrXcw-FoEkYC&pg=PA92,Google Books preview: NO_PAGES (check it is the right edition)
AIFP_N142,Note,3,Chapter 3: The Battle for World Domination,142,Book/Print,"United Nations Conference on Trade and Development, Digital Economy Report 2019, 92.",AIFP_B078,AIFP_N142_United-Nations_Digital-Economy-Report-2019,"United Nations Conference on Trade and Development. Digital Economy Report 2019. Value Creation and Capture: Implications for Developing Countries. New York: United Nations, 2019.",,,,To do,,,,92,https://books.google.com/books?id=BrXcw-FoEkYC&pg=PA92,Google Books preview: NO_PAGES (check it is the right edition)
AIFP_N143,Note,3,Chapter 3: The Battle for World Domination,143,Book/Print,"United Nations Conference on Trade and Development, Digital Economy Report 2019, 35.",AIFP_B078,AIFP_N143_United-Nations_Digital-Economy-Report-2019,"United Nations Conference on Trade and Development. Digital Economy Report 2019. Value Creation and Capture: Implications for Developing Countries. New York: United Nations, 2019.",,,,To do,,,,35,https://books.google.com/books?id=BrXcw-FoEkYC&pg=PA35,Google Books preview: NO_PAGES (check it is the right edition)
AIFP_N144,Note,3,Chapter 3: The Battle for World Domination,144,Book/Print,"Susskind, Future Politics, 155.",AIFP_B073,AIFP_N144_Susskind_Future-Politics-Living-Together-in-a-World,"Susskind, Jamie. Future Politics: Living Together in a World Transformed by Tech. Oxford, UK: Oxford University Press, 2018.",,,,To do,,,,,https://books.google.com/books?id=bpw1EAAAQBAJ,[match: author+title] | Google Books preview: PARTIAL (check it is the right edition)
AIFP_N145,Note,3,Chapter 3: The Battle for World Domination,145,Book/Print,"Lee, AI Superpowers, 33.",AIFP_B032,AIFP_N145_Lee_AI-Superpowers-China,"Lee, Kai-Fu. AI Superpowers: China, Silicon Valley, and the New World Order. Boston, MA: Houghton Mifflin Hartcourt, 2018.",,,,To do,,,,,https://books.google.com/books?id=Xb9wDwAAQBAJ,[match: author only (unique)] | Google Books preview: PARTIAL (check it is the right edition)
AIFP_N146,Note,3,Chapter 3: The Battle for World Domination,146,Unlinked note,"China silently bought out Germany’s crown jewel, KUKA Robotics, a fact which has attracted much backlash recently. Chinese also own the Segway robotics and mobility company started by American entrepreneur Dean Kamen, founder of FIRST robotics.",,AIFP_N146,,,,,To do,,,,,,"No bibliography entry matched: the author's own comment, or a source to identify by hand"
AIFP_N147,Note,3,Chapter 3: The Battle for World Domination,147,Book/Print,"Lee, AI Superpowers, 99.",AIFP_B032,AIFP_N147_Lee_AI-Superpowers-China,"Lee, Kai-Fu. AI Superpowers: China, Silicon Valley, and the New World Order. Boston, MA: Houghton Mifflin Hartcourt, 2018.",,,,To do,,,,,https://books.google.com/books?id=Xb9wDwAAQBAJ,[match: author only (unique)] | Google Books preview: PARTIAL (check it is the right edition)
AIFP_N148,Note,3,Chapter 3: The Battle for World Domination,148,Book/Print,"See Rajiv Malhotra, Breaking India.",AIFP_B033,AIFP_N148_Malhotra_Breaking-India-Western-Interventions-in-Dravidian-and,"Malhotra, Rajiv, and Neelakandan, Aravindan. Breaking India: Western Interventions in Dravidian and Dalit Faultlines. Princeton, NJ: Infinity Foundation, 2011.",,,,To do,,,,,https://books.google.com/books?id=MqjTZwEACAAJ,[match: author+title] | Google Books preview: NO_PAGES (check it is the right edition)
AIFP_N149,Note,3,Chapter 3: The Battle for World Domination,149,Book/Print,"Lee, AI Superpowers.",AIFP_B032,AIFP_N149_Lee_AI-Superpowers-China,"Lee, Kai-Fu. AI Superpowers: China, Silicon Valley, and the New World Order. Boston, MA: Houghton Mifflin Hartcourt, 2018.",,,,To do,,,,,https://books.google.com/books?id=Xb9wDwAAQBAJ,[match: author only (unique)] | Google Books preview: PARTIAL (check it is the right edition)
AIFP_N150,Note,3,Chapter 3: The Battle for World Domination,150,URL,"See: https://www.financialexpress.com/opinion/an-ai-innovation-engine-for-new-india/1649078/lite/ (accessed July 20, 2020). Furthermore, as of December 2018, the Chinese government claimed it has accumulated $1.8 trillion in state money across thousands of venture capital funds in order to achieve its goal of tech dominance by 2025. Some of the companies that came out of that experiment are Didi Chuxing ($56 billion), SenseTime ($4.5 billion) and ByteDance ($75 billion).",,AIFP_N150_financialexpress-com_lite,,https://www.financialexpress.com/opinion/an-ai-innovation-engine-for-new-india/1649078/lite/,,,Downloaded,,AIFP_N150_financialexpress-com_lite.pdf,,,,"Checked by hand: this endnote does not cite a bibliography entry (the author's own comment, or a web page only named here) | Page saved as PDF (cover page + copy) from live page on 2026-10-07"
AIFP_N151,Note,3,Chapter 3: The Battle for World Domination,151,Unlinked note,"Nvidia has been the chip supplier for AI because it specializes in high-speed math. But the Chinese Ministry of Science and Technology has invested huge sums in private industry with the stated goal of developing a new chip that is twenty times better than Nvidia’s current offerings. Though Silicon Valley remains the leader in chip design, China is working to catch up.",,AIFP_N151,,,,,To do,,,,,,"No bibliography entry matched: the author's own comment, or a source to identify by hand"
AIFP_N152,Note,3,Chapter 3: The Battle for World Domination,152,URL,"See: https://www.inc.com/magazine/201809/amy-webb/china-artificial-intelligence.html (accessed July 20, 2020). See also https://www.newamerica.org/cybersecurity-initiative/digichina/blog/xi-jinping-calls-for-healthy-development-of-ai-translation/ (accessed July 20, 2020) and https://www.newamerica.org/cybersecurity-initiative/digichina/blog/full-translation-chinas-new-generation-artificial-intelligence-development-plan-2017/ (accessed July 20, 2020).",,AIFP_N152_inc-com_china-artificial-intelligence,,https://www.inc.com/magazine/201809/amy-webb/china-artificial-intelligence.html,http://web.archive.org/web/20250731132350/https://www.inc.com/magazine/201809/amy-webb/china-artificial-intelligence.html,Snapshot found,Downloaded,,AIFP_N152_inc-com_china-artificial-intelligence.pdf,,,,Web page named in the endnote only (it is not in the bibliography)
AIFP_N152_u2,Note (extra address),3,Chapter 3: The Battle for World Domination,152,URL,"See: https://www.inc.com/magazine/201809/amy-webb/china-artificial-intelligence.html (accessed July 20, 2020). See also https://www.newamerica.org/cybersecurity-initiative/digichina/blog/xi-jinping-calls-for-healthy-development-of-ai-translation/ (accessed July 20, 2020) and https://www.newamerica.org/cybersecurity-initiative/digichina/blog/full-translation-chinas-new-generation-artificial-intelligence-development-plan-2017/ (accessed July 20, 2020).",,AIFP_N152_u2_newamerica-org_xi-jinping-calls-for-healthy-development-of,,https://www.newamerica.org/cybersecurity-initiative/digichina/blog/xi-jinping-calls-for-healthy-development-of-ai-translation/,,,Downloaded,,AIFP_N152_u2_newamerica-org_xi-jinping-calls-for-healthy-development-of.pdf,,,,Another web address printed in endnote 152 (the first one is on the row above) | Page saved as PDF (cover page + copy) from live page on 2026-10-07
AIFP_N152_u3,Note (extra address),3,Chapter 3: The Battle for World Domination,152,URL,"See: https://www.inc.com/magazine/201809/amy-webb/china-artificial-intelligence.html (accessed July 20, 2020). See also https://www.newamerica.org/cybersecurity-initiative/digichina/blog/xi-jinping-calls-for-healthy-development-of-ai-translation/ (accessed July 20, 2020) and https://www.newamerica.org/cybersecurity-initiative/digichina/blog/full-translation-chinas-new-generation-artificial-intelligence-development-plan-2017/ (accessed July 20, 2020).",,AIFP_N152_u3_newamerica-org_full-translation-chinas-new-generation-artificial-intelligence,,https://www.newamerica.org/cybersecurity-initiative/digichina/blog/full-translation-chinas-new-generation-artificial-intelligence-development-plan-2017/,,,Downloaded,,AIFP_N152_u3_newamerica-org_full-translation-chinas-new-generation-artificial-intelligence.pdf,,,,Another web address printed in endnote 152 (the first one is on the row above) | Page saved as PDF (cover page + copy) from live page on 2026-10-07
AIFP_N153,Note,3,Chapter 3: The Battle for World Domination,153,URL,"Allen, Understanding China’s AI Strategy, 3.",AIFP_B001,AIFP_N153_Allen_Understanding-China-s-AI-Strategy,"Allen, Gregory C. Understanding China’s AI Strategy. Center for A New American Security, February 6, 2019. https://www.cnas.org/publications/reports/understanding-chinas-ai-strategy",https://www.cnas.org/publications/reports/understanding-chinas-ai-strategy,http://web.archive.org/web/20261004194647/https://www.cnas.org/publications/reports/understanding-chinas-ai-strategy,Snapshot found,On OneDrive,,AIFP_B001_Allen_Understanding-China-s-AI-Strategy_cnas-org.pdf,https://1drv.ms/b/c/ACD215A5F926CFCE/IQCkEpFegOVtQ72pbS70NL6HAd4uvwSJCRah0hgcwHeH7go,,,[match: author only (unique)]
AIFP_N154,Note,3,Chapter 3: The Battle for World Domination,154,Book/Print,"Lee, AI Superpowers, 89.",AIFP_B032,AIFP_N154_Lee_AI-Superpowers-China,"Lee, Kai-Fu. AI Superpowers: China, Silicon Valley, and the New World Order. Boston, MA: Houghton Mifflin Hartcourt, 2018.",,,,To do,,,,,https://books.google.com/books?id=Xb9wDwAAQBAJ,[match: author only (unique)] | Google Books preview: PARTIAL (check it is the right edition)
AIFP_N155,Note,3,Chapter 3: The Battle for World Domination,155,Book/Print,"Lee, AI Superpowers, 154.",AIFP_B032,AIFP_N155_Lee_AI-Superpowers-China,"Lee, Kai-Fu. AI Superpowers: China, Silicon Valley, and the New World Order. Boston, MA: Houghton Mifflin Hartcourt, 2018.",,,,To do,,,,,https://books.google.com/books?id=Xb9wDwAAQBAJ,[match: author only (unique)] | Google Books preview: PARTIAL (check it is the right edition)
AIFP_N156,Note,3,Chapter 3: The Battle for World Domination,156,URL,"See: https://www.scmp.com/news/china/military/article/3031462/china-stakes-claim-unmanned-warfare-national-day-show-drone (accessed July 20, 2020).",,AIFP_N156_scmp-com_china-stakes-claim-unmanned-warfare-national-day,,https://www.scmp.com/news/china/military/article/3031462/china-stakes-claim-unmanned-warfare-national-day-show-drone,http://web.archive.org/web/20250922025051/https://www.scmp.com/news/china/military/article/3031462/china-stakes-claim-unmanned-warfare-national-day-show-drone,Snapshot found,Downloaded,,AIFP_N156_scmp-com_china-stakes-claim-unmanned-warfare-national-day.pdf,,,,Web page named in the endnote only (it is not in the bibliography)
AIFP_N157,Note,3,Chapter 3: The Battle for World Domination,157,Book/Print,"Lee, AI Superpowers, 50.",AIFP_B032,AIFP_N157_Lee_AI-Superpowers-China,"Lee, Kai-Fu. AI Superpowers: China, Silicon Valley, and the New World Order. Boston, MA: Houghton Mifflin Hartcourt, 2018.",,,,To do,,,,,https://books.google.com/books?id=Xb9wDwAAQBAJ,[match: author only (unique)] | Google Books preview: PARTIAL (check it is the right edition)
AIFP_N158,Note,3,Chapter 3: The Battle for World Domination,158,URL,"See: https://in.reuters.com/article/grindr-m-a-beijingkunlun/chinas-kunlun-tech-agrees-to-u-s-demand-to-sell-grindr-gay-dating-app-idINKCN1SJ297 (accessed July 20, 2020).",,AIFP_N158_in-reuters-com_chinas-kunlun-tech-agrees-to-u-s,,https://in.reuters.com/article/grindr-m-a-beijingkunlun/chinas-kunlun-tech-agrees-to-u-s-demand-to-sell-grindr-gay-dating-app-idINKCN1SJ297,http://web.archive.org/web/20201115021609/https://in.reuters.com/article/grindr-m-a-beijingkunlun/chinas-kunlun-tech-agrees-to-u-s-demand-to-sell-grindr-gay-dating-app-idINKCN1SJ297,Snapshot found,Downloaded,,AIFP_N158_in-reuters-com_chinas-kunlun-tech-agrees-to-u-s.pdf,,,,Web page named in the endnote only (it is not in the bibliography)
AIFP_N159,Note,3,Chapter 3: The Battle for World Domination,159,URL,"See: https://apple.news/AajzW-k_CR7S2-i6EGxvLVg (accessed July 20, 2020).",,AIFP_N159_apple-news_AajzW-k-CR7S2-i6EGxvLVg,,https://apple.news/AajzW-k_CR7S2-i6EGxvLVg,http://web.archive.org/web/20261001115522/https://apple.news/AajzW-k_CR7S2-i6EGxvLVg,Snapshot found,Downloaded,,AIFP_N159_apple-news_AajzW-k-CR7S2-i6EGxvLVg.pdf,,,,Web page named in the endnote only (it is not in the bibliography)
AIFP_N160,Note,3,Chapter 3: The Battle for World Domination,160,URL,"See: https://www.cnn.com/videos/us/2020/02/25/tsa-airport-workers-tiktok-china-national-security-concerns-ots-vpx.hln/video/playlists/atv-trending-videos/ (accessed July 20, 2020).",,AIFP_N160_cnn-com_atv-trending-videos,,https://www.cnn.com/videos/us/2020/02/25/tsa-airport-workers-tiktok-china-national-security-concerns-ots-vpx.hln/video/playlists/atv-trending-videos/,http://web.archive.org/web/20200314135103/https://www.cnn.com/videos/us/2020/02/25/tsa-airport-workers-tiktok-china-national-security-concerns-ots-vpx.hln/video/playlists/atv-trending-videos/,Snapshot found,Downloaded,,AIFP_N160_cnn-com_atv-trending-videos.pdf,,,,Web page named in the endnote only (it is not in the bibliography) | Page saved as PDF (cover page + copy) from live page on 2026-10-07
AIFP_N161,Note,3,Chapter 3: The Battle for World Domination,161,URL,"See: https://www.eurozine.com/social-control-4-0-chinas-social-credit-systems/ (accessed July 20, 2020).",,AIFP_N161_eurozine-com_social-control-4-0-chinas-social-credit,,https://www.eurozine.com/social-control-4-0-chinas-social-credit-systems/,http://web.archive.org/web/20260517051657/https://www.eurozine.com/social-control-4-0-chinas-social-credit-systems/,Snapshot found,Downloaded,,AIFP_N161_eurozine-com_social-control-4-0-chinas-social-credit.pdf,,,,Web page named in the endnote only (it is not in the bibliography) | Page saved as PDF (cover page + copy) from live page on 2026-10-07
AIFP_N162,Note,3,Chapter 3: The Battle for World Domination,162,URL,"See: https://www.nytimes.com/2019/12/30/world/asia/china-xinjiang-muslims-labor.html (accessed July 20, 2020).",,AIFP_N162_nytimes-com_china-xinjiang-muslims-labor,,https://www.nytimes.com/2019/12/30/world/asia/china-xinjiang-muslims-labor.html,http://web.archive.org/web/20260428230228/https://www.nytimes.com/2019/12/30/world/asia/china-xinjiang-muslims-labor.html,Snapshot found,Downloaded,,AIFP_N162_nytimes-com_china-xinjiang-muslims-labor.pdf,,,,Web page named in the endnote only (it is not in the bibliography) | Page saved as PDF (cover page + copy) from Wayback snapshot on 2026-10-07
AIFP_N163,Note,3,Chapter 3: The Battle for World Domination,163,URL,"See: https://www.dailymail.co.uk/news/article-7824541/China-rewrite-Bible-Quran-reflect-socialist-values.html (accessed July 20, 2020).",,AIFP_N163_dailymail-co-uk_China-rewrite-Bible-Quran-reflect-socialist-values,,https://www.dailymail.co.uk/news/article-7824541/China-rewrite-Bible-Quran-reflect-socialist-values.html,http://web.archive.org/web/20251107124159/https://www.dailymail.co.uk/news/article-7824541/China-rewrite-Bible-Quran-reflect-socialist-values.html,Snapshot found,Downloaded,,AIFP_N163_dailymail-co-uk_China-rewrite-Bible-Quran-reflect-socialist-values.pdf,,,,Web page named in the endnote only (it is not in the bibliography) | Page saved as PDF (cover page + copy) from Wayback snapshot on 2026-10-07
AIFP_N164,Note,3,Chapter 3: The Battle for World Domination,164,URL,"Kania and Vorndick, “Weaponizing Biotech”.",AIFP_B030,AIFP_N164_Kania_and-Wilson-Vorndick,"Kania, Elsa B. and Wilson Vorndick. “Weaponizing Biotech: How China’s Military Is Preparing for a ‘New Domain of Warfare’”. Defense One, August 14, 2019. https://www.defenseone.com/ideas/2019/08/chinas-military-pursuing-biotech/159167/",https://www.defenseone.com/ideas/2019/08/chinas-military-pursuing-biotech/159167/,http://web.archive.org/web/20260924153320/https://www.defenseone.com/ideas/2019/08/chinas-military-pursuing-biotech/159167/,Snapshot found,On OneDrive,,AIFP_B030_Kania_and-Wilson-Vorndick_defenseone-com.pdf,https://1drv.ms/b/c/ACD215A5F926CFCE/IQC4snnyx85GTp4XwUaHbBUaAbxrRO8xiRDBsl6mOyHfA4I,,,[match: author only (unique)] | Page saved as PDF (cover page + copy) from live page on 2026-10-07
AIFP_N165,Note,3,Chapter 3: The Battle for World Domination,165,URL,"Kania and Vorndick, “Weaponizing Biotech”.",AIFP_B030,AIFP_N165_Kania_and-Wilson-Vorndick,"Kania, Elsa B. and Wilson Vorndick. “Weaponizing Biotech: How China’s Military Is Preparing for a ‘New Domain of Warfare’”. Defense One, August 14, 2019. https://www.defenseone.com/ideas/2019/08/chinas-military-pursuing-biotech/159167/",https://www.defenseone.com/ideas/2019/08/chinas-military-pursuing-biotech/159167/,http://web.archive.org/web/20260924153320/https://www.defenseone.com/ideas/2019/08/chinas-military-pursuing-biotech/159167/,Snapshot found,On OneDrive,,AIFP_B030_Kania_and-Wilson-Vorndick_defenseone-com.pdf,https://1drv.ms/b/c/ACD215A5F926CFCE/IQC4snnyx85GTp4XwUaHbBUaAbxrRO8xiRDBsl6mOyHfA4I,,,[match: author only (unique)] | Page saved as PDF (cover page + copy) from live page on 2026-10-07
AIFP_N166,Note,3,Chapter 3: The Battle for World Domination,166,URL,"See: https://www.reuters.com/article/us-usa-artificial-intelligence/us-government-limits-exports-of-artificial-intelligence-software-idUSKBN1Z21PT (accessed July 20, 2020).",,AIFP_N166_reuters-com_us-government-limits-exports-of-artificial-intelligence,,https://www.reuters.com/article/us-usa-artificial-intelligence/us-government-limits-exports-of-artificial-intelligence-software-idUSKBN1Z21PT,http://web.archive.org/web/20231107113940/https://www.reuters.com/article/us-usa-artificial-intelligence/us-government-limits-exports-of-artificial-intelligence-software-idUSKBN1Z21PT,Snapshot found,Downloaded,,AIFP_N166_reuters-com_us-government-limits-exports-of-artificial-intelligence.pdf,,,,Web page named in the endnote only (it is not in the bibliography)
AIFP_N167,Note,3,Chapter 3: The Battle for World Domination,167,URL,"See: https://www.cnn.com/2019/12/09/tech/china-us-computers-software/index.html (accessed July 20, 2020).",,AIFP_N167_cnn-com_index,,https://www.cnn.com/2019/12/09/tech/china-us-computers-software/index.html,http://web.archive.org/web/20231129033849/https://www.cnn.com/2019/12/09/tech/china-us-computers-software/index.html,Snapshot found,Downloaded,,AIFP_N167_cnn-com_index.pdf,,,,Web page named in the endnote only (it is not in the bibliography)
AIFP_N168,Note,3,Chapter 3: The Battle for World Domination,168,Book/Print,"SCMP Research, China AI Report 2020.",AIFP_B063,AIFP_N168_Scmp-Research_China-AI-Report-2020,"SCMP Research. China AI Report 2020. Hong Kong: South China Morning Post Publishers, 2020.",,,,To do,,,,,https://www.google.com/search?tbm=bks&q=China%20AI%20Report%202020%20Hong%20Kong%20South%20China%20Morning%20SCMP%20Research,
AIFP_N169,Note,3,Chapter 3: The Battle for World Domination,169,URL,"See: https://www.bloomberg.com/news/articles/2020-05-20/china-has-a-new-1-4-trillion-plan-to-overtake-the-u-s-in-tech (accessed July 31, 2020).",,AIFP_N169_bloomberg-com_china-has-a-new-1-4-trillion,,https://www.bloomberg.com/news/articles/2020-05-20/china-has-a-new-1-4-trillion-plan-to-overtake-the-u-s-in-tech,,NO snapshot - capture at web.archive.org/save,Downloaded,,AIFP_N169_bloomberg-com_china-has-a-new-1-4-trillion.pdf,,,,Web page named in the endnote only (it is not in the bibliography) | Saved by hand from live page on 2026-10-07
AIFP_N170,Note,3,Chapter 3: The Battle for World Domination,170,URL,"U.S. President, Maintaining American Leadership in Artificial Intelligence.",AIFP_B079,AIFP_N170_United-States_Executive-Order-on-Maintaining-American-Leadership-in,"United States Government. Executive Order on Maintaining American Leadership in Artificial Intelligence. February 11, 2019. https://www.whitehouse.gov/presidential-actions/executive-order-maintaining-american-leadership-artificial-intelligence/",https://www.whitehouse.gov/presidential-actions/executive-order-maintaining-american-leadership-artificial-intelligence/,http://web.archive.org/web/20210120012732/https://www.whitehouse.gov/presidential-actions/executive-order-maintaining-american-leadership-artificial-intelligence/,Snapshot found,On OneDrive,,AIFP_B079_United-States_Executive-Order-on-Maintaining-American-Leadership-in_whitehouse-gov.pdf,https://1drv.ms/b/c/ACD215A5F926CFCE/IQDjW18t2ZOjTpIwpOpZEd2pAWQP1mbKUkcZ9wlm_7S0i_I,,,Link checked by hand
AIFP_N171,Note,3,Chapter 3: The Battle for World Domination,171,URL,"United States Government, Artificial Intelligence for the American People",AIFP_B080,AIFP_N171_United-States_Artificial-Intelligence-for-the-American-People,"United States Government. Artificial Intelligence for the American People. Accessed May 8, 2020. https://www.whitehouse.gov/ai/",https://www.whitehouse.gov/ai/,http://web.archive.org/web/20210120164851/https://www.whitehouse.gov/ai/,Snapshot found,On OneDrive,,AIFP_B080_United-States_Artificial-Intelligence-for-the-American-People_whitehouse-gov.pdf,https://1drv.ms/b/c/ACD215A5F926CFCE/IQDizl7Acs0aRZTxnfu79FVuAWqLiLf0qCzc-a90kqmTD14,,,[match: author+title]
AIFP_N172,Note,3,Chapter 3: The Battle for World Domination,172,URL,"United States Government, Artificial Intelligence for the American People.",AIFP_B080,AIFP_N172_United-States_Artificial-Intelligence-for-the-American-People,"United States Government. Artificial Intelligence for the American People. Accessed May 8, 2020. https://www.whitehouse.gov/ai/",https://www.whitehouse.gov/ai/,http://web.archive.org/web/20210120164851/https://www.whitehouse.gov/ai/,Snapshot found,On OneDrive,,AIFP_B080_United-States_Artificial-Intelligence-for-the-American-People_whitehouse-gov.pdf,https://1drv.ms/b/c/ACD215A5F926CFCE/IQDizl7Acs0aRZTxnfu79FVuAWqLiLf0qCzc-a90kqmTD14,,,[match: author+title]
AIFP_N173,Note,3,Chapter 3: The Battle for World Domination,173,URL,"See: https://www.bloomberg.com/news/articles/2020-06-07/huawei-troops-see-dire-threat-to-future-from-latest-trump-salvo (accessed July 20, 2020).",,AIFP_N173_bloomberg-com_huawei-troops-see-dire-threat-to-future,,https://www.bloomberg.com/news/articles/2020-06-07/huawei-troops-see-dire-threat-to-future-from-latest-trump-salvo,http://web.archive.org/web/20220327074638/https://www.bloomberg.com/news/articles/2020-06-07/huawei-troops-see-dire-threat-to-future-from-latest-trump-salvo,Snapshot found,Downloaded,,AIFP_N173_bloomberg-com_huawei-troops-see-dire-threat-to-future.pdf,,,,Web page named in the endnote only (it is not in the bibliography) | download failed: Error: Page.goto: net::ERR_CONNECTION_REFUSED at http://web.archive.org/web/20220327074 | Page saved as PDF (cover page + copy) from Wayback snapshot on 2026-10-07
AIFP_N174,Note,3,Chapter 3: The Battle for World Domination,174,URL,"Roth, “Artificial Intelligence at the Top 5 US Defense Contractors”.",AIFP_B059,AIFP_N174_Roth_Artificial-Intelligence-at-the-Top-5-US,"Roth, Marcus. “Artificial Intelligence at the Top 5 US Defense Contractors”, Emerj, last updated January 3, 2019, https://emerj.com/ai-sector-overviews/artificial-intelligence-at-the-top-5-us-defense-contractors/",https://emerj.com/ai-sector-overviews/artificial-intelligence-at-the-top-5-us-defense-contractors/,http://web.archive.org/web/20240806135021/https://emerj.com/ai-sector-overviews/artificial-intelligence-at-the-top-5-us-defense-contractors/,Snapshot found,On OneDrive,,AIFP_B059_Roth_Artificial-Intelligence-at-the-Top-5-US_emerj-com.pdf,https://1drv.ms/b/c/ACD215A5F926CFCE/IQDqXlTl-hE8RoFzsedP2BwSAS5oDfSw9XmVYi8qmNv_AZ8,,,[match: author+title] | Page saved as PDF (cover page + copy) from live page on 2026-10-07
AIFP_N175,Note,3,Chapter 3: The Battle for World Domination,175,URL,"See: https://dodcio.defense.gov/About-DoD-CIO/Organization/JAIC/ (accessed July 20, 2020).",,AIFP_N175_dodcio-defense-gov_JAIC,,https://dodcio.defense.gov/About-DoD-CIO/Organization/JAIC/,http://web.archive.org/web/20220120092403/https://dodcio.defense.gov/About-DoD-CIO/Organization/JAIC///,Snapshot found,Downloaded,,AIFP_N175_dodcio-defense-gov_JAIC.pdf,,,,Web page named in the endnote only (it is not in the bibliography) | download failed: Error: Page.goto: net::ERR_CONNECTION_REFUSED at http://web.archive.org/web/20220120092 | Page saved as PDF (cover page + copy) from Wayback snapshot on 2026-10-07
AIFP_N176,Note,3,Chapter 3: The Battle for World Domination,176,URL,"See: https://www.ai.mil/about.html. The JAIC has also been working in collaboration with various federal, state, and local agencies to help disaster response operations by providing crucial intelligence support. For example, JAIC’s AI detection system has been instrumental in providing critical support to first responders battling wildfires by automatically analyzing video captured from aircraft sensors and sharing accurate wildfire-related intelligence. See: https://www.ai.mil/blog_09_16_19.html (accessed July 20, 2020).",,AIFP_N176_ai-mil_about,,https://www.ai.mil/about.html,,,To do,,,,,,"Checked by hand: this endnote does not cite a bibliography entry (the author's own comment, or a web page only named here) | download failed - live page: web server answered HTTP 403 | download failed - live page: web server answered HTTP 404 | download failed - live page: web server answered HTTP 404"
AIFP_N176_u2,Note (extra address),3,Chapter 3: The Battle for World Domination,176,URL,"See: https://www.ai.mil/about.html. The JAIC has also been working in collaboration with various federal, state, and local agencies to help disaster response operations by providing crucial intelligence support. For example, JAIC’s AI detection system has been instrumental in providing critical support to first responders battling wildfires by automatically analyzing video captured from aircraft sensors and sharing accurate wildfire-related intelligence. See: https://www.ai.mil/blog_09_16_19.html (accessed July 20, 2020).",,AIFP_N176_u2_ai-mil_blog-09-16-19,,https://www.ai.mil/blog_09_16_19.html,,,To do,,,,,,Another web address printed in endnote 176 (the first one is on the row above) | download failed - live page: web server answered HTTP 403 | download failed - live page: web server answered HTTP 404 | download failed - live page: web server answered HTTP 404
AIFP_N177,Note,3,Chapter 3: The Battle for World Domination,177,Book/Print,"Moran, It’s Time to Make Data Strategic for Our Navy, 17-18.",AIFP_B038,AIFP_N177_Moran_The-Future-of-the-Navy,"Moran, Bill, “It’s Time to Make Data Strategic for Our Navy”. The Future of the Navy, December 2019.",,,,To do,,,,,https://www.google.com/search?tbm=bks&q=The%20Future%20of%20the%20Navy%20December%202019%20Moran,[match: author only (unique)]
AIFP_N178,Note,3,Chapter 3: The Battle for World Domination,178,Book/Print,"Frandrup, The US Navy Needs Offensive Undersea Drones, 7-8.",AIFP_B014,AIFP_N178_Frandrup_The-US-Navy-Needs-Offensive-Undersea-Drones,"Frandrup, Erich. “The US Navy Needs Offensive Undersea Drones”. In The Future of the Navy, December 2019.",,,,To do,,,,,https://www.google.com/search?tbm=bks&q=The%20US%20Navy%20Needs%20Offensive%20Undersea%20Drones%20In%20The%20Frandrup,[match: author only (unique)]
AIFP_N179,Note,3,Chapter 3: The Battle for World Domination,179,Book/Print,"Moran, It’s Time to Make Data Strategic for Our Navy, 17-18.",AIFP_B038,AIFP_N179_Moran_The-Future-of-the-Navy,"Moran, Bill, “It’s Time to Make Data Strategic for Our Navy”. The Future of the Navy, December 2019.",,,,To do,,,,,https://www.google.com/search?tbm=bks&q=The%20Future%20of%20the%20Navy%20December%202019%20Moran,[match: author only (unique)]
AIFP_N180,Note,3,Chapter 3: The Battle for World Domination,180,URL,"U.S. Congress, Artificial Intelligence and National Security, 10.",AIFP_B009,AIFP_N180_Congressional-Research_Artificial-Intelligence-and-National-Security,"Congressional Research Service. Artificial Intelligence and National Security. Updated November 21, 2019, https://fas.org/sgp/crs/natsec/R45178.pdf",https://fas.org/sgp/crs/natsec/R45178.pdf,http://web.archive.org/web/20210607024418/https://fas.org/sgp/crs/natsec/R45178.pdf,Snapshot found,On OneDrive,,AIFP_B009_Congressional-Research_Artificial-Intelligence-and-National-Security_fas-org.pdf,https://1drv.ms/b/c/ACD215A5F926CFCE/IQCePGr4U1_nSJBvlUUYakFoAegTRnyzXkdmz7QPxwm-zcY,,,Link checked by hand
AIFP_N181,Note,3,Chapter 3: The Battle for World Domination,181,URL,"U.S. Congress, Artificial Intelligence and National Security, 12.",AIFP_B009,AIFP_N181_Congressional-Research_Artificial-Intelligence-and-National-Security,"Congressional Research Service. Artificial Intelligence and National Security. Updated November 21, 2019, https://fas.org/sgp/crs/natsec/R45178.pdf",https://fas.org/sgp/crs/natsec/R45178.pdf,http://web.archive.org/web/20210607024418/https://fas.org/sgp/crs/natsec/R45178.pdf,Snapshot found,On OneDrive,,AIFP_B009_Congressional-Research_Artificial-Intelligence-and-National-Security_fas-org.pdf,https://1drv.ms/b/c/ACD215A5F926CFCE/IQCePGr4U1_nSJBvlUUYakFoAegTRnyzXkdmz7QPxwm-zcY,,,Link checked by hand
AIFP_N182,Note,3,Chapter 3: The Battle for World Domination,182,URL,"Roth, “Artificial Intelligence at the Top 5 US Defense Contractors”.",AIFP_B059,AIFP_N182_Roth_Artificial-Intelligence-at-the-Top-5-US,"Roth, Marcus. “Artificial Intelligence at the Top 5 US Defense Contractors”, Emerj, last updated January 3, 2019, https://emerj.com/ai-sector-overviews/artificial-intelligence-at-the-top-5-us-defense-contractors/",https://emerj.com/ai-sector-overviews/artificial-intelligence-at-the-top-5-us-defense-contractors/,http://web.archive.org/web/20240806135021/https://emerj.com/ai-sector-overviews/artificial-intelligence-at-the-top-5-us-defense-contractors/,Snapshot found,On OneDrive,,AIFP_B059_Roth_Artificial-Intelligence-at-the-Top-5-US_emerj-com.pdf,https://1drv.ms/b/c/ACD215A5F926CFCE/IQDqXlTl-hE8RoFzsedP2BwSAS5oDfSw9XmVYi8qmNv_AZ8,,,[match: author+title] | Page saved as PDF (cover page + copy) from live page on 2026-10-07
AIFP_N183,Note,3,Chapter 3: The Battle for World Domination,183,URL,"Office of the Director of National Intelligence, A Strategy for Augmenting Intelligence Using Machines",AIFP_B043,AIFP_N183_Office-Of_The-Aim-Initiative-A-Strategy-for-Augmenting,"Office of the Director of National Intelligence, USA. The Aim Initiative: A Strategy for Augmenting Intelligence Using Machines. 2019. https://www.dni.gov/files/ODNI/documents/AIM-Strategy.pdf",https://www.dni.gov/files/ODNI/documents/AIM-Strategy.pdf,http://web.archive.org/web/20260429183503/https://www.dni.gov/files/ODNI/documents/AIM-Strategy.pdf,Snapshot found,On OneDrive,,AIFP_B043_Office-Of_The-Aim-Initiative-A-Strategy-for-Augmenting_dni-gov.pdf,https://1drv.ms/b/c/ACD215A5F926CFCE/IQCfh9fHmOe0Rq3hvVw4Qg9yAV7PHYTK2Hl8JjmYriwbedU,,,[match: author only (unique)] | download failed: Error: Page.goto: net::ERR_CONNECTION_REFUSED at http://web.archive.org/web/20260429183 | Page saved as PDF (cover page + copy) from Wayback snapshot on 2026-10-07
AIFP_N184,Note,3,Chapter 3: The Battle for World Domination,184,URL,"See: https://www.darpa.mil/program/media-forensics (accessed July 20, 2020).",,AIFP_N184_darpa-mil_media-forensics,,https://www.darpa.mil/program/media-forensics,http://web.archive.org/web/20241215052943/https://www.darpa.mil/program/media-forensics,Snapshot found,Downloaded,,AIFP_N184_darpa-mil_media-forensics.pdf,,,,Web page named in the endnote only (it is not in the bibliography) | Page saved as PDF (cover page + copy) from live page on 2026-10-07
AIFP_N185,Note,3,Chapter 3: The Battle for World Domination,185,URL,"U.S. Congress, Artificial Intelligence and National Security, 2.",AIFP_B009,AIFP_N185_Congressional-Research_Artificial-Intelligence-and-National-Security,"Congressional Research Service. Artificial Intelligence and National Security. Updated November 21, 2019, https://fas.org/sgp/crs/natsec/R45178.pdf",https://fas.org/sgp/crs/natsec/R45178.pdf,http://web.archive.org/web/20210607024418/https://fas.org/sgp/crs/natsec/R45178.pdf,Snapshot found,On OneDrive,,AIFP_B009_Congressional-Research_Artificial-Intelligence-and-National-Security_fas-org.pdf,https://1drv.ms/b/c/ACD215A5F926CFCE/IQCePGr4U1_nSJBvlUUYakFoAegTRnyzXkdmz7QPxwm-zcY,,,Link checked by hand
AIFP_N186,Note,3,Chapter 3: The Battle for World Domination,186,URL,"U.S. Congress, Artificial Intelligence and National Security, 10.",AIFP_B009,AIFP_N186_Congressional-Research_Artificial-Intelligence-and-National-Security,"Congressional Research Service. Artificial Intelligence and National Security. Updated November 21, 2019, https://fas.org/sgp/crs/natsec/R45178.pdf",https://fas.org/sgp/crs/natsec/R45178.pdf,http://web.archive.org/web/20210607024418/https://fas.org/sgp/crs/natsec/R45178.pdf,Snapshot found,On OneDrive,,AIFP_B009_Congressional-Research_Artificial-Intelligence-and-National-Security_fas-org.pdf,https://1drv.ms/b/c/ACD215A5F926CFCE/IQCePGr4U1_nSJBvlUUYakFoAegTRnyzXkdmz7QPxwm-zcY,,,Link checked by hand
AIFP_N187,Note,3,Chapter 3: The Battle for World Domination,187,URL,"United States Government, Artificial Intelligence for the American People.",AIFP_B080,AIFP_N187_United-States_Artificial-Intelligence-for-the-American-People,"United States Government. Artificial Intelligence for the American People. Accessed May 8, 2020. https://www.whitehouse.gov/ai/",https://www.whitehouse.gov/ai/,http://web.archive.org/web/20210120164851/https://www.whitehouse.gov/ai/,Snapshot found,On OneDrive,,AIFP_B080_United-States_Artificial-Intelligence-for-the-American-People_whitehouse-gov.pdf,https://1drv.ms/b/c/ACD215A5F926CFCE/IQDizl7Acs0aRZTxnfu79FVuAWqLiLf0qCzc-a90kqmTD14,,,[match: author+title]
AIFP_N188,Note,3,Chapter 3: The Battle for World Domination,188,URL,"See: https://www.energy.gov/articles/us-department-energy-and-cray-deliver-record-setting-frontier-supercomputer-ornl (accessed July 20, 2020).",,AIFP_N188_energy-gov_us-department-energy-and-cray-deliver-record,,https://www.energy.gov/articles/us-department-energy-and-cray-deliver-record-setting-frontier-supercomputer-ornl,http://web.archive.org/web/20260831105607/https://www.energy.gov/articles/us-department-energy-and-cray-deliver-record-setting-frontier-supercomputer-ornl,Snapshot found,Downloaded,,AIFP_N188_energy-gov_us-department-energy-and-cray-deliver-record.pdf,,,,Web page named in the endnote only (it is not in the bibliography) | Page saved as PDF (cover page + copy) from live page on 2026-10-07
AIFP_N189,Note,3,Chapter 3: The Battle for World Domination,189,URL,"United States Government, Artificial Intelligence for the American People.",AIFP_B080,AIFP_N189_United-States_Artificial-Intelligence-for-the-American-People,"United States Government. Artificial Intelligence for the American People. Accessed May 8, 2020. https://www.whitehouse.gov/ai/",https://www.whitehouse.gov/ai/,http://web.archive.org/web/20210120164851/https://www.whitehouse.gov/ai/,Snapshot found,On OneDrive,,AIFP_B080_United-States_Artificial-Intelligence-for-the-American-People_whitehouse-gov.pdf,https://1drv.ms/b/c/ACD215A5F926CFCE/IQDizl7Acs0aRZTxnfu79FVuAWqLiLf0qCzc-a90kqmTD14,,,[match: author+title]
AIFP_N190,Note,3,Chapter 3: The Battle for World Domination,190,Unlinked note,"U.S. Department of Transportation, Preparing for the Future of Transportation, 12.",,AIFP_N190,,,,,To do,,,,,,"No bibliography entry matched: the author's own comment, or a source to identify by hand"
AIFP_N191,Note,3,Chapter 3: The Battle for World Domination,191,Unlinked note,"U.S. Department of Transportation, Preparing for the Future of Transportation, 16.",,AIFP_N191,,,,,To do,,,,,,"No bibliography entry matched: the author's own comment, or a source to identify by hand"
AIFP_N192,Note,3,Chapter 3: The Battle for World Domination,192,Unlinked note,"U.S. Department of Transportation, Preparing for the Future of Transportation, 14.",,AIFP_N192,,,,,To do,,,,,,"No bibliography entry matched: the author's own comment, or a source to identify by hand"
AIFP_N193,Note,3,Chapter 3: The Battle for World Domination,193,URL,"See: https://onezero.medium.com/former-google-ceo-wants-to-create-a-government-funded-university-to-train-a-i-coders-9a2df09c5bce (accessed July 31, 2020).",,AIFP_N193_onezero-medium-com_former-google-ceo-wants-to-create-a,,https://onezero.medium.com/former-google-ceo-wants-to-create-a-government-funded-university-to-train-a-i-coders-9a2df09c5bce,http://web.archive.org/web/20251110012648/https://onezero.medium.com/former-google-ceo-wants-to-create-a-government-funded-university-to-train-a-i-coders-9a2df09c5bce,Snapshot found,Downloaded,,AIFP_N193_onezero-medium-com_former-google-ceo-wants-to-create-a.pdf,,,,Web page named in the endnote only (it is not in the bibliography) | Page saved as PDF (cover page + copy) from live page on 2026-10-07
AIFP_N194,Note,4,Chapter 4: The Battle for Agency,194,Unlinked note,"One may consider emotions as the method by which unconscious mechanisms send messages to consciousness. When a person’s unconscious produces an outcome that it wants the conscious level to address, the unconscious sends a signal that the conscious brain experiences as an emotion. Emotions are raw in the sense that the logical mind has not yet processed and interpreted the signal. While some psychological theories differentiate between emotions and intuition, for the purpose of this book I treat them as one category.",,AIFP_N194,,,,,To do,,,,,,"No bibliography entry matched: the author's own comment, or a source to identify by hand"
AIFP_N195,Note,4,Chapter 4: The Battle for Agency,195,URL,"See for example: https://www.bbc.com/news/technology-27762088 (accessed July 20, 2020). Similarly, Google Duplex is a technology that provides a voice assistant to make phone calls on a user’s behalf to make hotel reservations, ticket bookings etc. It is widely regarded as another Turing test beater in the traditional sense. However, now there are debates on the relevance of the Turing Test.",,AIFP_N195_bbc-com_technology-27762088,,https://www.bbc.com/news/technology-27762088,http://web.archive.org/web/20261001115654/https://www.bbc.com/news/technology-27762088,Snapshot found,Downloaded,,AIFP_N195_bbc-com_technology-27762088.pdf,,,,Web page named in the endnote only (it is not in the bibliography) | Page saved as PDF (cover page + copy) from live page on 2026-10-07
AIFP_N196,Note,4,Chapter 4: The Battle for Agency,196,URL,"While computers have become good at generating natural language in text and speech, their ability to understand natural language at a deep level still lags far behind humans. The advent of deep learning and big data has enabled the rise of voice assistants such as Apple Siri, Google Home, and Amazon Alexa. These technologies are not 100% accurate, but they are 85% to 90% accurate for most simple tasks. That rate is sufficient to field them by the hundreds of millions in products and services, collecting further data to compensate for the remaining few percentage points. Recently, in the pandemic era, Indian call centers have started using Conversational Service Automation based on NLP to offer good quality service to clients by phone. See: https://www.cnbctv18.com/technology/how-artificial-intelligence-can-power-call-centres-during-lockdowns-6033791.htm (accessed July 20, 2020).",AIFP_B009,AIFP_N196_Congressional-Research_Artificial-Intelligence-and-National-Security,"Congressional Research Service. Artificial Intelligence and National Security. Updated November 21, 2019, https://fas.org/sgp/crs/natsec/R45178.pdf",https://fas.org/sgp/crs/natsec/R45178.pdf,http://web.archive.org/web/20210607024418/https://fas.org/sgp/crs/natsec/R45178.pdf,Snapshot found,On OneDrive,,AIFP_B009_Congressional-Research_Artificial-Intelligence-and-National-Security_fas-org.pdf,https://1drv.ms/b/c/ACD215A5F926CFCE/IQCePGr4U1_nSJBvlUUYakFoAegTRnyzXkdmz7QPxwm-zcY,,,[match: author only (unique)] | download failed: Error: Page.goto: net::ERR_CONNECTION_REFUSED at http://web.archive.org/web/20210607024 | Page saved as PDF (cover page + copy) from Wayback snapshot on 2026-10-07
AIFP_N196_u2,Note (extra address),4,Chapter 4: The Battle for Agency,196,URL,"While computers have become good at generating natural language in text and speech, their ability to understand natural language at a deep level still lags far behind humans. The advent of deep learning and big data has enabled the rise of voice assistants such as Apple Siri, Google Home, and Amazon Alexa. These technologies are not 100% accurate, but they are 85% to 90% accurate for most simple tasks. That rate is sufficient to field them by the hundreds of millions in products and services, collecting further data to compensate for the remaining few percentage points. Recently, in the pandemic era, Indian call centers have started using Conversational Service Automation based on NLP to offer good quality service to clients by phone. See: https://www.cnbctv18.com/technology/how-artificial-intelligence-can-power-call-centres-during-lockdowns-6033791.htm (accessed July 20, 2020).",,AIFP_N196_u2_cnbctv18-com_how-artificial-intelligence-can-power-call-centres,,https://www.cnbctv18.com/technology/how-artificial-intelligence-can-power-call-centres-during-lockdowns-6033791.htm,,,Downloaded,,AIFP_N196_u2_cnbctv18-com_how-artificial-intelligence-can-power-call-centres.pdf,,,,Another web address printed in endnote 196 (the first one is on the row above) | Page saved as PDF (cover page + copy) from live page on 2026-10-07
AIFP_N197,Note,4,Chapter 4: The Battle for Agency,197,Unlinked note,"Companies like Amazon use sentiment analysis to understand customer attitudes toward and feelings about products by analyzing customer review text. This process demonstrates how companies use AI to identify patterns from unstructured data and turn them into structured, actionable insights. Twitter uses advanced text mining techniques to analyze the sentiment of tweets on a given topic at a given time.",,AIFP_N197,,,,,To do,,,,,,"No bibliography entry matched: the author's own comment, or a source to identify by hand"
AIFP_N198,Note,4,Chapter 4: The Battle for Agency,198,Unlinked note,MIT’s Media Lab is a pioneer in these studies.,,AIFP_N198,,,,,To do,,,,,,"No bibliography entry matched: the author's own comment, or a source to identify by hand"
AIFP_N199,Note,4,Chapter 4: The Battle for Agency,199,Unlinked note,"An early pioneering example of humans becoming emotionally connected with robots was the Sony Aibo robot dog from the late 1990s and early 2000s. The robotic dog had rudimentary AI that gave it a personality, and Japanese users found it adorable. People held Aibo clinics to maintain their robot dogs in good health, scheduled play dates for them, and often went so far as to hold elaborate ritual funerals for their deceased cyber canine pets.",,AIFP_N199,,,,,To do,,,,,,"No bibliography entry matched: the author's own comment, or a source to identify by hand"
AIFP_N200,Note,4,Chapter 4: The Battle for Agency,200,Book/Print,"Harari, Homo Deus, 342-343.",AIFP_B021,AIFP_N200_Harari_Homo-Deus-A-Brief-History-of-Tomorrow,"Harari, Yuval Noah. Homo Deus: A Brief History of Tomorrow. New York: Harper Perennial, 2017.",,,,To do,,,,,https://books.google.com/books?id=XgksEQAAQBAJ,[match: author only (unique)] | Google Books preview: PARTIAL (check it is the right edition)
AIFP_N201,Note,4,Chapter 4: The Battle for Agency,201,Book/Print,"Harari, Homo Deus, 342-343.",AIFP_B021,AIFP_N201_Harari_Homo-Deus-A-Brief-History-of-Tomorrow,"Harari, Yuval Noah. Homo Deus: A Brief History of Tomorrow. New York: Harper Perennial, 2017.",,,,To do,,,,,https://books.google.com/books?id=XgksEQAAQBAJ,[match: author only (unique)] | Google Books preview: PARTIAL (check it is the right edition)
AIFP_N202,Note,4,Chapter 4: The Battle for Agency,202,Book/Print,"Harari, Homo Deus, 342-343.",AIFP_B021,AIFP_N202_Harari_Homo-Deus-A-Brief-History-of-Tomorrow,"Harari, Yuval Noah. Homo Deus: A Brief History of Tomorrow. New York: Harper Perennial, 2017.",,,,To do,,,,,https://books.google.com/books?id=XgksEQAAQBAJ,[match: author only (unique)] | Google Books preview: PARTIAL (check it is the right edition)
AIFP_N203,Note,4,Chapter 4: The Battle for Agency,203,Book/Print,"Harari, Homo Deus, 342-343.",AIFP_B021,AIFP_N203_Harari_Homo-Deus-A-Brief-History-of-Tomorrow,"Harari, Yuval Noah. Homo Deus: A Brief History of Tomorrow. New York: Harper Perennial, 2017.",,,,To do,,,,,https://books.google.com/books?id=XgksEQAAQBAJ,[match: author only (unique)] | Google Books preview: PARTIAL (check it is the right edition)
AIFP_N204,Note,4,Chapter 4: The Battle for Agency,204,Unlinked note,"Zuboff, Surveillance Capitalism, 411-12.",,AIFP_N204,,,,,To do,,,,,,"No bibliography entry matched: the author's own comment, or a source to identify by hand"
AIFP_N205,Note,4,Chapter 4: The Battle for Agency,205,URL,"An example of culture-specific psychological habits is how Chinese web-surfing habits differ from those of Americans—the way Chinese look at a page is non-linear. A study tracked Chinese users’ eye movements and their clicks when they read a web page. On pages where the Americans spent an average of ten seconds, the Chinese spent an average of thirty to sixty seconds. The Chinese tended to shift between different parts of the same page, whereas the Americans did a linear scan. Websites that copied the American user interface for the Chinese market failed miserably. See: https://www.clicktale.com/resources/blog/puzzling-web-habits-across-the-globe-part-1/ (accessed July 20, 2020).",,AIFP_N205_clicktale-com_puzzling-web-habits-across-the-globe-part,,https://www.clicktale.com/resources/blog/puzzling-web-habits-across-the-globe-part-1/,http://web.archive.org/web/20191209020706/https://www.clicktale.com/resources/blog/puzzling-web-habits-across-the-globe-part-1/,Snapshot found,Downloaded,,AIFP_N205_clicktale-com_puzzling-web-habits-across-the-globe-part.pdf,,,,Web page named in the endnote only (it is not in the bibliography) | Page saved as PDF (cover page + copy) from live page on 2026-10-07
AIFP_N206,Note,4,Chapter 4: The Battle for Agency,206,Book/Print,"Eyal, Habit-forming Products.",AIFP_B013,AIFP_N206_Eyal_Hooked-How-to-Build-Habit-forming-Products,"Eyal, Nir. Hooked: How to Build Habit-forming Products. New York: Portfolio/Penguin, 2019.",,,,To do,,,,,https://books.google.com/books?id=dsz5AwAAQBAJ,[match: author only (unique)] | Google Books preview: PARTIAL (check it is the right edition)
AIFP_N207,Note,4,Chapter 4: The Battle for Agency,207,URL,"“After declining for nearly two decades, the suicide rate among Americans aged 10 to 24 jumped 56 percent between 2007 and 2017, according to data from the Centers for Disease Control and Prevention. …. At the same time, the rate of teen depression shot up 63 percent, an alarming but not surprising trend given the link between suicide and depression. … Some researchers emphasize the potential role of social media exposure and use of smartphones. There is some evidence that girls, who have shown greater rates of increase in depression than boys, experience more cyberbullying because of their greater use of mobile phones and texting”. See: https://www.nytimes.com/2020/01/06/opinion/suicide-young-people.html (accessed July 20, 2020).",,AIFP_N207_nytimes-com_suicide-young-people,,https://www.nytimes.com/2020/01/06/opinion/suicide-young-people.html,http://web.archive.org/web/20250830010154/https://www.nytimes.com/2020/01/06/opinion/suicide-young-people.html,Snapshot found,Downloaded,,AIFP_N207_nytimes-com_suicide-young-people.pdf,,,,Web page named in the endnote only (it is not in the bibliography) | download failed: Error: Page.goto: net::ERR_CONNECTION_REFUSED at http://web.archive.org/web/20250830010 | Page saved as PDF (cover page + copy) from Wayback snapshot on 2026-10-07
AIFP_N208,Note,4,Chapter 4: The Battle for Agency,208,Book/Print,"Susskind, Future Politics, 143.",AIFP_B073,AIFP_N208_Susskind_Future-Politics-Living-Together-in-a-World,"Susskind, Jamie. Future Politics: Living Together in a World Transformed by Tech. Oxford, UK: Oxford University Press, 2018.",,,,To do,,,,,https://books.google.com/books?id=bpw1EAAAQBAJ,[match: author+title] | Google Books preview: PARTIAL (check it is the right edition)
AIFP_N209,Note,4,Chapter 4: The Battle for Agency,209,URL,See: https://www.theverge.com/2020/1/31/21117217/amazon-kindle-tracking-page-turn-taps-e-reader-privacy-policy-security-whispersync,,AIFP_N209_theverge-com_amazon-kindle-tracking-page-turn-taps-e,,https://www.theverge.com/2020/1/31/21117217/amazon-kindle-tracking-page-turn-taps-e-reader-privacy-policy-security-whispersync,http://web.archive.org/web/20260918061540/https://www.theverge.com/2020/1/31/21117217/amazon-kindle-tracking-page-turn-taps-e-reader-privacy-policy-security-whispersync,Snapshot found,Downloaded,,AIFP_N209_theverge-com_amazon-kindle-tracking-page-turn-taps-e.pdf,,,,Web page named in the endnote only (it is not in the bibliography) | Page saved as PDF (cover page + copy) from live page on 2026-10-07
AIFP_N210,Note,4,Chapter 4: The Battle for Agency,210,Book/Print,"Susskind, Future Politics, 229.",AIFP_B073,AIFP_N210_Susskind_Future-Politics-Living-Together-in-a-World,"Susskind, Jamie. Future Politics: Living Together in a World Transformed by Tech. Oxford, UK: Oxford University Press, 2018.",,,,To do,,,,,https://books.google.com/books?id=bpw1EAAAQBAJ,[match: author+title] | Google Books preview: PARTIAL (check it is the right edition)
AIFP_N211,Note,4,Chapter 4: The Battle for Agency,211,Book/Print,"Harari, Homo Deus, 397.",AIFP_B021,AIFP_N211_Harari_Homo-Deus-A-Brief-History-of-Tomorrow,"Harari, Yuval Noah. Homo Deus: A Brief History of Tomorrow. New York: Harper Perennial, 2017.",,,,To do,,,,,https://books.google.com/books?id=XgksEQAAQBAJ,[match: author only (unique)] | Google Books preview: PARTIAL (check it is the right edition)
AIFP_N212,Note,4,Chapter 4: The Battle for Agency,212,URL,"IBM has at least temporarily ended all facial recognition technology due to police misuse: https://techcrunch.com/2020/06/08/ibm-ends-all-facial-recognition-work-as-ceo-calls-out-bias-and-inequality/ (accessed July 20, 2020).",,AIFP_N212_techcrunch-com_ibm-ends-all-facial-recognition-work-as,,https://techcrunch.com/2020/06/08/ibm-ends-all-facial-recognition-work-as-ceo-calls-out-bias-and-inequality/,http://web.archive.org/web/20260519103302/https://techcrunch.com/2020/06/08/ibm-ends-all-facial-recognition-work-as-ceo-calls-out-bias-and-inequality/,Snapshot found,Downloaded,,AIFP_N212_techcrunch-com_ibm-ends-all-facial-recognition-work-as.pdf,,,,Web page named in the endnote only (it is not in the bibliography) | Page saved as PDF (cover page + copy) from live page on 2026-10-07
AIFP_N213,Note,4,Chapter 4: The Battle for Agency,213,URL,"See: https://timesofindia.indiatimes.com/videos/city/jaipur/covid-19-robots-to-treat-patients-in-jaipurs-sms-hospital/videoshow/74818087.cms (accessed July 20, 2020) and https://timesofindia.indiatimes.com/videos/international/robots-seen-as-effective-tool-against-covid-19/videoshow/76072335.cms (accessed July 20, 2020).",,AIFP_N213_timesofindia-indiatimes-com_74818087,,https://timesofindia.indiatimes.com/videos/city/jaipur/covid-19-robots-to-treat-patients-in-jaipurs-sms-hospital/videoshow/74818087.cms,http://web.archive.org/web/20240727043420/https://timesofindia.indiatimes.com/videos/city/jaipur/covid-19-robots-to-treat-patients-in-jaipurs-sms-hospital/videoshow/74818087.cms,Snapshot found,Downloaded,,AIFP_N213_timesofindia-indiatimes-com_74818087.pdf,,,,Web page named in the endnote only (it is not in the bibliography)
AIFP_N213_u2,Note (extra address),4,Chapter 4: The Battle for Agency,213,URL,"See: https://timesofindia.indiatimes.com/videos/city/jaipur/covid-19-robots-to-treat-patients-in-jaipurs-sms-hospital/videoshow/74818087.cms (accessed July 20, 2020) and https://timesofindia.indiatimes.com/videos/international/robots-seen-as-effective-tool-against-covid-19/videoshow/76072335.cms (accessed July 20, 2020).",,AIFP_N213_u2_timesofindia-indiatimes-com_76072335,,https://timesofindia.indiatimes.com/videos/international/robots-seen-as-effective-tool-against-covid-19/videoshow/76072335.cms,,,To do,,,,,,Another web address printed in endnote 213 (the first one is on the row above) | download failed - live page: web server answered HTTP 410 | download failed - live page: web server answered HTTP 410 | download failed - live page: web server answered HTTP 410
AIFP_N214,Note,4,Chapter 4: The Battle for Agency,214,Book/Print,"Susskind, Future Politics, 188",AIFP_B073,AIFP_N214_Susskind_Future-Politics-Living-Together-in-a-World,"Susskind, Jamie. Future Politics: Living Together in a World Transformed by Tech. Oxford, UK: Oxford University Press, 2018.",,,,To do,,,,,https://books.google.com/books?id=bpw1EAAAQBAJ,[match: author+title] | Google Books preview: PARTIAL (check it is the right edition)
AIFP_N215,Note,4,Chapter 4: The Battle for Agency,215,Book/Print,"Harari, Homo Deus, 397.",AIFP_B021,AIFP_N215_Harari_Homo-Deus-A-Brief-History-of-Tomorrow,"Harari, Yuval Noah. Homo Deus: A Brief History of Tomorrow. New York: Harper Perennial, 2017.",,,,To do,,,,,https://books.google.com/books?id=XgksEQAAQBAJ,[match: author only (unique)] | Google Books preview: PARTIAL (check it is the right edition)
AIFP_N216,Note,4,Chapter 4: The Battle for Agency,216,Book/Print,"Susskind, Future Politics, 220.",AIFP_B073,AIFP_N216_Susskind_Future-Politics-Living-Together-in-a-World,"Susskind, Jamie. Future Politics: Living Together in a World Transformed by Tech. Oxford, UK: Oxford University Press, 2018.",,,,To do,,,,,https://books.google.com/books?id=bpw1EAAAQBAJ,[match: author+title] | Google Books preview: PARTIAL (check it is the right edition)
AIFP_N217,Note,4,Chapter 4: The Battle for Agency,217,Book/Print,"Foucault, Power/Knowledge: Selected Interviews and Other Writings, 155.",AIFP_B015,AIFP_N217_Foucault_Power-Knowledge-Selected-Interviews-and-Other-Writings,"Foucault, Michel. Power/Knowledge: Selected Interviews and Other Writings, 1972-1977. New York: Vintage Books, 1980.",,,,To do,,,,,https://books.google.com/books?id=Aqf309sk_EsC,[match: author only (unique)] | Google Books preview: PARTIAL (check it is the right edition)
AIFP_N218,Note,4,Chapter 4: The Battle for Agency,218,Book/Print,"Susskind, Future Politics, 122.",AIFP_B073,AIFP_N218_Susskind_Future-Politics-Living-Together-in-a-World,"Susskind, Jamie. Future Politics: Living Together in a World Transformed by Tech. Oxford, UK: Oxford University Press, 2018.",,,,To do,,,,,https://books.google.com/books?id=bpw1EAAAQBAJ,[match: author+title] | Google Books preview: PARTIAL (check it is the right edition)
AIFP_N219,Note,4,Chapter 4: The Battle for Agency,219,Book/Print,"Pollock, The Language of the Gods in the World of Men.",AIFP_B049,AIFP_N219_Pollock_The-Language-of-the-Gods-in-the,"Pollock, Sheldon. The Language of the Gods in the World of Men. Berkeley, CA: University of California Press, 2009.",,,,On OneDrive,https://sheldonpollock.org/archive/pollock_language_2006.pdf,AIFP_B049_Pollock_The-Language-of-the-Gods-in-the.pdf,https://1drv.ms/b/c/ACD215A5F926CFCE/IQC7ud3fqmkPTIp-pWFiysuuAaqjgdSjkx7_SW9n-vm0jKw,,https://books.google.com/books?id=U7owDwAAQBAJ,[match: author only (unique)] | Google Books preview: PARTIAL (check it is the right edition) | Carried over from the earlier backup (A49_Pollock_2006_LanguageOfGodsInWorldOfMen.pdf)
AIFP_N220,Note,4,Chapter 4: The Battle for Agency,220,Book/Print,"Tocqueville, Democracy in America, 692.",AIFP_B077,AIFP_N220_Tocqueville_Democracy-in-America,"Tocqueville, Alexis de. Democracy in America. Translated by George Lawrence. New York: HarperCollins 2006.",,,,Downloaded,https://www.gutenberg.org/ebooks/815,AIFP_B077_Tocqueville_Democracy-in-America_part-a.txt,,,https://books.google.com/books?id=De_KDwAAQBAJ,"[match: author only (unique)] | Google Books preview: PARTIAL (check it is the right edition) | Carried over from the earlier backup (A77_Tocqueville_DemocracyInAmerica_Part1_ReeveTranslation_PD.txt, A77b_Tocqueville_DemocracyInAmerica_Part2_ReeveTranslation_PD.txt); also saved: AIFP_B077_Tocqueville_Democracy-in-America_part-b.txt | CAUTION: the saved file is a different translation (Reeve) from the 2006 (Lawrence) edition the book cites; page numbers will differ"
AIFP_N221,Note,5,Chapter 5: The Battle for Self,221,Book/Print,"Harari, Homo Deus.",AIFP_B021,AIFP_N221_Harari_Homo-Deus-A-Brief-History-of-Tomorrow,"Harari, Yuval Noah. Homo Deus: A Brief History of Tomorrow. New York: Harper Perennial, 2017.",,,,To do,,,,,https://books.google.com/books?id=XgksEQAAQBAJ,[match: author only (unique)] | Google Books preview: PARTIAL (check it is the right edition)
AIFP_N222,Note,5,Chapter 5: The Battle for Self,222,Book/Print,"Harari, Homo Deus, 334.",AIFP_B021,AIFP_N222_Harari_Homo-Deus-A-Brief-History-of-Tomorrow,"Harari, Yuval Noah. Homo Deus: A Brief History of Tomorrow. New York: Harper Perennial, 2017.",,,,To do,,,,,https://books.google.com/books?id=XgksEQAAQBAJ,[match: author only (unique)] | Google Books preview: PARTIAL (check it is the right edition)
AIFP_N223,Note,5,Chapter 5: The Battle for Self,223,Unlinked note,"For example, patients with type 1 diabetes can wear a device that continuously monitors their blood- sugar level. It is not an implant, but straps to the arm and holds a microneedle in place for an extended time. Patient simply hold a smart phone up to the device to get a reading.",,AIFP_N223,,,,,To do,,,,,,"No bibliography entry matched: the author's own comment, or a source to identify by hand"
AIFP_N224,Note,5,Chapter 5: The Battle for Self,224,Unlinked note,An entire class of algorithms known as evolutionary (or genetic) algorithms can effectively mimic Darwinian evolutionary processes to iterate over multiple algorithmic generations to find the fittest ones with respect to certain parameters.,,AIFP_N224,,,,,To do,,,,,,"No bibliography entry matched: the author's own comment, or a source to identify by hand"
AIFP_N225,Note,5,Chapter 5: The Battle for Self,225,Book/Print,"Harari, Homo Deus, 338.",AIFP_B021,AIFP_N225_Harari_Homo-Deus-A-Brief-History-of-Tomorrow,"Harari, Yuval Noah. Homo Deus: A Brief History of Tomorrow. New York: Harper Perennial, 2017.",,,,To do,,,,,https://books.google.com/books?id=XgksEQAAQBAJ,[match: author only (unique)] | Google Books preview: PARTIAL (check it is the right edition)
AIFP_N226,Note,5,Chapter 5: The Battle for Self,226,Book/Print,"Harari, Homo Deus, 279.",AIFP_B021,AIFP_N226_Harari_Homo-Deus-A-Brief-History-of-Tomorrow,"Harari, Yuval Noah. Homo Deus: A Brief History of Tomorrow. New York: Harper Perennial, 2017.",,,,To do,,,,,https://books.google.com/books?id=XgksEQAAQBAJ,[match: author only (unique)] | Google Books preview: PARTIAL (check it is the right edition)
AIFP_N227,Note,5,Chapter 5: The Battle for Self,227,Book/Print,"Harari, Homo Deus, 66.",AIFP_B021,AIFP_N227_Harari_Homo-Deus-A-Brief-History-of-Tomorrow,"Harari, Yuval Noah. Homo Deus: A Brief History of Tomorrow. New York: Harper Perennial, 2017.",,,,To do,,,,,https://books.google.com/books?id=XgksEQAAQBAJ,[match: author only (unique)] | Google Books preview: PARTIAL (check it is the right edition)
AIFP_N228,Note,5,Chapter 5: The Battle for Self,228,Book/Print,"Harari, Homo Deus, 66.",AIFP_B021,AIFP_N228_Harari_Homo-Deus-A-Brief-History-of-Tomorrow,"Harari, Yuval Noah. Homo Deus: A Brief History of Tomorrow. New York: Harper Perennial, 2017.",,,,To do,,,,,https://books.google.com/books?id=XgksEQAAQBAJ,[match: author only (unique)] | Google Books preview: PARTIAL (check it is the right edition)
AIFP_N229,Note,5,Chapter 5: The Battle for Self,229,Book/Print,"Harari, Homo Deus, 199.",AIFP_B021,AIFP_N229_Harari_Homo-Deus-A-Brief-History-of-Tomorrow,"Harari, Yuval Noah. Homo Deus: A Brief History of Tomorrow. New York: Harper Perennial, 2017.",,,,To do,,,,,https://books.google.com/books?id=XgksEQAAQBAJ,[match: author only (unique)] | Google Books preview: PARTIAL (check it is the right edition)
AIFP_N230,Note,5,Chapter 5: The Battle for Self,230,Book/Print,"Harari, Homo Deus, 278.",AIFP_B021,AIFP_N230_Harari_Homo-Deus-A-Brief-History-of-Tomorrow,"Harari, Yuval Noah. Homo Deus: A Brief History of Tomorrow. New York: Harper Perennial, 2017.",,,,To do,,,,,https://books.google.com/books?id=XgksEQAAQBAJ,[match: author only (unique)] | Google Books preview: PARTIAL (check it is the right edition)
AIFP_N231,Note,5,Chapter 5: The Battle for Self,231,Book/Print,"Hume, Philosophical Works of David Hume, 247.",AIFP_B027,AIFP_N231_Hume_Philosophical-Works-of-David-Hume,"Hume, David. Philosophical Works of David Hume, Volume 4. Boston: Little Brown & Company, 1854.",,,,To do,,,,,https://books.google.com/books?id=SoM4vgAACAAJ,[match: author+title] | Google Books preview: NO_PAGES (check it is the right edition)
AIFP_N232,Note,5,Chapter 5: The Battle for Self,232,Book/Print,"Hume, Philosophical Works, 252.",AIFP_B027,AIFP_N232_Hume_Philosophical-Works-of-David-Hume,"Hume, David. Philosophical Works of David Hume, Volume 4. Boston: Little Brown & Company, 1854.",,,,To do,,,,,https://books.google.com/books?id=SoM4vgAACAAJ,[match: author+title] | Google Books preview: NO_PAGES (check it is the right edition)
AIFP_N233,Note,5,Chapter 5: The Battle for Self,233,URL,"Hume, On Morals, Politics and Society, 262.",AIFP_B026,AIFP_N233_Hume_On-Morals,"Hume, David. On Morals, Politics, and Society. New Haven, CT: Yale University Press, 2018. See https://davidhume.org/texts/m/3",https://davidhume.org/texts/m/3,http://web.archive.org/web/20260611035736/https://davidhume.org/texts/m/3,Snapshot found,On OneDrive,,AIFP_B026_Hume_On-Morals_davidhume-org.pdf,https://1drv.ms/b/c/ACD215A5F926CFCE/IQCMmFzd509WR5jwllsvSD10AQWllyqgl6nslC3KbhC_zNE,,,[match: author+title]
AIFP_N234,Note,5,Chapter 5: The Battle for Self,234,Social post,"See: https://youtu.be/r-vbh3t7WVI (accessed July 20, 2020).",,AIFP_N234_youtu-be_r-vbh3t7WVI,,https://youtu.be/r-vbh3t7WVI,,NO snapshot - capture at web.archive.org/save,Downloaded,,AIFP_N234_youtu-be_r-vbh3t7WVI.pdf,,,,Web page named in the endnote only (it is not in the bibliography)
AIFP_N235,Note,5,Chapter 5: The Battle for Self,235,URL,"Martone, “Scientists Demonstrate Direct Brain-to-Brain Communication in Humans”.",AIFP_B035,AIFP_N235_Martone_Scientists-Demonstrate-Direct-Brain-to-Brain-Communication,"Martone, Robert. “Scientists Demonstrate Direct Brain-to-Brain Communication in Humans”. Scientific American, October 9, 2019. https://www.scientificamerican.com/article/scientists-demonstrate-direct-brain-to-brain-communication-in-humans/",https://www.scientificamerican.com/article/scientists-demonstrate-direct-brain-to-brain-communication-in-humans/,http://web.archive.org/web/20260826153236/https://www.scientificamerican.com/article/scientists-demonstrate-direct-brain-to-brain-communication-in-humans/,Snapshot found,On OneDrive,,AIFP_B035_Martone_Scientists-Demonstrate-Direct-Brain-to-Brain-Communication_scientificamerican-com.pdf,https://1drv.ms/b/c/ACD215A5F926CFCE/IQDkiHPFJZo9RqGrEZQUug8fAfwmj3UzXQ8zK0CZEnzMD1c,,,[match: author only (unique)]
AIFP_N236,Note,5,Chapter 5: The Battle for Self,236,Book/Print,"Harari, Homo Deus.",AIFP_B021,AIFP_N236_Harari_Homo-Deus-A-Brief-History-of-Tomorrow,"Harari, Yuval Noah. Homo Deus: A Brief History of Tomorrow. New York: Harper Perennial, 2017.",,,,To do,,,,,https://books.google.com/books?id=XgksEQAAQBAJ,[match: author only (unique)] | Google Books preview: PARTIAL (check it is the right edition)
AIFP_N237,Note,5,Chapter 5: The Battle for Self,237,URL,"See for example: https://intellectualkshatriya.com/american-exceptionalism-and-the-myth-of-the-frontiers-1-introduction/ (accessed July 20, 2020).",,AIFP_N237_intellectualkshatriya-com_american-exceptionalism-and-the-myth-of-the,,https://intellectualkshatriya.com/american-exceptionalism-and-the-myth-of-the-frontiers-1-introduction/,http://web.archive.org/web/20231129085730/https://intellectualkshatriya.com/american-exceptionalism-and-the-myth-of-the-frontiers-1-introduction/,Snapshot found,Downloaded,,AIFP_N237_intellectualkshatriya-com_american-exceptionalism-and-the-myth-of-the.pdf,,,,Web page named in the endnote only (it is not in the bibliography) | Page saved as PDF (cover page + copy) from Wayback snapshot on 2026-10-07
AIFP_N238,Note,5,Chapter 5: The Battle for Self,238,Book/Print,"Harari, Homo Deus, 386.",AIFP_B021,AIFP_N238_Harari_Homo-Deus-A-Brief-History-of-Tomorrow,"Harari, Yuval Noah. Homo Deus: A Brief History of Tomorrow. New York: Harper Perennial, 2017.",,,,To do,,,,,https://books.google.com/books?id=XgksEQAAQBAJ,[match: author only (unique)] | Google Books preview: PARTIAL (check it is the right edition)
AIFP_N239,Note,5,Chapter 5: The Battle for Self,239,Book/Print,"Harari, Homo Deus, 391.",AIFP_B021,AIFP_N239_Harari_Homo-Deus-A-Brief-History-of-Tomorrow,"Harari, Yuval Noah. Homo Deus: A Brief History of Tomorrow. New York: Harper Perennial, 2017.",,,,To do,,,,,https://books.google.com/books?id=XgksEQAAQBAJ,[match: author only (unique)] | Google Books preview: PARTIAL (check it is the right edition)
AIFP_N240,Note,5,Chapter 5: The Battle for Self,240,Book/Print,"Harari, Homo Deus, 46.",AIFP_B021,AIFP_N240_Harari_Homo-Deus-A-Brief-History-of-Tomorrow,"Harari, Yuval Noah. Homo Deus: A Brief History of Tomorrow. New York: Harper Perennial, 2017.",,,,To do,,,,,https://books.google.com/books?id=XgksEQAAQBAJ,[match: author only (unique)] | Google Books preview: PARTIAL (check it is the right edition)
AIFP_N241,Note,5,Chapter 5: The Battle for Self,241,URL,"Martone, “Scientists Demonstrate Direct Brain-to-Brain Communication in Humans”.",AIFP_B035,AIFP_N241_Martone_Scientists-Demonstrate-Direct-Brain-to-Brain-Communication,"Martone, Robert. “Scientists Demonstrate Direct Brain-to-Brain Communication in Humans”. Scientific American, October 9, 2019. https://www.scientificamerican.com/article/scientists-demonstrate-direct-brain-to-brain-communication-in-humans/",https://www.scientificamerican.com/article/scientists-demonstrate-direct-brain-to-brain-communication-in-humans/,http://web.archive.org/web/20260826153236/https://www.scientificamerican.com/article/scientists-demonstrate-direct-brain-to-brain-communication-in-humans/,Snapshot found,On OneDrive,,AIFP_B035_Martone_Scientists-Demonstrate-Direct-Brain-to-Brain-Communication_scientificamerican-com.pdf,https://1drv.ms/b/c/ACD215A5F926CFCE/IQDkiHPFJZo9RqGrEZQUug8fAfwmj3UzXQ8zK0CZEnzMD1c,,,[match: author only (unique)]
AIFP_N242,Note,5,Chapter 5: The Battle for Self,242,Unlinked note,"See, for example, Sri Aurobindo, The Life Divine.",,AIFP_N242,,,,,To do,,,,,,"No bibliography entry matched: the author's own comment, or a source to identify by hand"
AIFP_N243,Note,6,Chapter 6: Stress Testing India,243,URL,"RAISE 2020 conference. See: https://raise2020.indiaai.gov.in/ (accessed October 2, 2020).",,AIFP_N243_raise2020-indiaai-gov-in,,https://raise2020.indiaai.gov.in/,http://web.archive.org/web/20220914213425/https://raise2020.indiaai.gov.in/,Snapshot found,Downloaded,,AIFP_N243_raise2020-indiaai-gov-in.pdf,,,,Web page named in the endnote only (it is not in the bibliography) | Page saved as PDF (cover page + copy) from Wayback snapshot on 2026-10-07
AIFP_N244,Note,6,Chapter 6: Stress Testing India,244,Book/Print,"Yudhishthira asks Bhishma in Shanti Parva: Roy, The Mahabharata of Krishna-Dwaipayana Vyasa, 9:103.",AIFP_B060,AIFP_N244_Roy_The-Mahabharata-of-Krishna-Dwaipayana-Vyasa,"Roy, Pratap Chandra. The Mahabharata of Krishna-Dwaipayana Vyasa, 12 vols. Calcutta: Oriental Publishing Company Calcutta, 1884-1894.",,,,To do,,,,,https://books.google.com/books?id=_51q0QEACAAJ,[match: author only (unique)] | Google Books preview: NO_PAGES (check it is the right edition)
AIFP_N245,Note,6,Chapter 6: Stress Testing India,245,Book/Print,"Vidura to Dhritarashtra in Udyoga Parva: Roy, The Mahabharata of Krishna-Dwaipayana Vyasa, 4:68.",AIFP_B060,AIFP_N245_Roy_The-Mahabharata-of-Krishna-Dwaipayana-Vyasa,"Roy, Pratap Chandra. The Mahabharata of Krishna-Dwaipayana Vyasa, 12 vols. Calcutta: Oriental Publishing Company Calcutta, 1884-1894.",,,,To do,,,,,https://books.google.com/books?id=_51q0QEACAAJ,[match: author only (unique)] | Google Books preview: NO_PAGES (check it is the right edition)
AIFP_N246,Note,6,Chapter 6: Stress Testing India,246,Unlinked note,"One report admits its own limitations in this regard: “Given that more than 50% of the sample population was unaware of the particulars of AI, namely neural networks, deep learning, machine learning and cognitive automation, it can be inferred that there is a lack of such skilled professionals in this field”. (PwC, How AI is reshaping jobs in India India, 19).",,AIFP_N246,,,,,To do,,,,,,"Checked by hand: this endnote does not cite a bibliography entry (the author's own comment, or a web page only named here)"
AIFP_N247,Note,6,Chapter 6: Stress Testing India,247,Unlinked note,"The zamindars in the colonial period acted under the suzerainty of the British Crown and served as a medium to siphon off wealth of the Indian peasants to their colonial masters. Today the British Crown is being replaced by big digital corporations like Google, Facebook etcetera and Indian billionaires have taken the place of zamindars.",,AIFP_N247,,,,,To do,,,,,,"No bibliography entry matched: the author's own comment, or a source to identify by hand"
AIFP_N248,Note,6,Chapter 6: Stress Testing India,248,URL,"As an exception to this, The Center for Internet and Society, a Bengaluru based think tank has produced some interesting reports on India’s AI situation, raising ethical and regulatory questions, highlighting the potential discrimination, lack of transparency, and impact on human rights. Its sponsors are dominated by Western agencies. See: Sinha, Hickok and Basu, AI in India: A Policy Agenda.",AIFP_B067,AIFP_N248_Sinha_AI-in-India-A-Policy-Agenda,"Sinha, Amber, Elonnai Hickok and Arindrajit Basu. AI in India: A Policy Agenda. The Centre for Internet & Society, September 5, 2018. https://cis-india.org/internet-governance/blog/ai-in-india-a-policy-agenda",https://cis-india.org/internet-governance/blog/ai-in-india-a-policy-agenda,http://web.archive.org/web/20260212220655/https://cis-india.org/internet-governance/blog/ai-in-india-a-policy-agenda,Snapshot found,On OneDrive,,AIFP_B067_Sinha_AI-in-India-A-Policy-Agenda_cis-india-org.pdf,https://1drv.ms/b/c/ACD215A5F926CFCE/IQAtolCjwSMoRKhvxrhCcWT-AQ-_8ztTPlG02oFBtTfqu_0,,,[match: author+title] | Page saved as PDF (cover page + copy) from live page on 2026-10-07
AIFP_N249,Note,6,Chapter 6: Stress Testing India,249,URL,"Vempati, India and the Artificial Intelligence Revolution.",AIFP_B083,AIFP_N249_Vempati_India-and-the-Artificial-Intelligence-Revolution,"Vempati, Shashi Shekhar. India and the Artificial Intelligence Revolution. Carnegie India, 2016. https://carnegieindia.org/2016/08/11/india-and-artificial-intelligence-revolution-pub-64299",https://carnegieindia.org/2016/08/11/india-and-artificial-intelligence-revolution-pub-64299,http://web.archive.org/web/20230503001115/https://carnegieindia.org/2016/08/11/india-and-artificial-intelligence-revolution-pub-64299,Snapshot found,On OneDrive,,AIFP_B083_Vempati_India-and-the-Artificial-Intelligence-Revolution_carnegieindia-org.pdf,https://1drv.ms/b/c/ACD215A5F926CFCE/IQAAcIsUjtg7T6r528CvzUHkAVcE8b-ffvXcJLNs1Y7Bh1Q?e=6Xn2lp,,,[match: author+title] | Page saved as PDF (cover page + copy) from live page on 2026-10-07
AIFP_N250,Note,6,Chapter 6: Stress Testing India,250,URL,"See for example: https://www.ndtv.com/business/niti-aayog-google-join-hands-to-foster-artificial-intelligence-ai-ecosystem-in-india-1848608 (accessed July 20, 2020).",,AIFP_N250_ndtv-com_niti-aayog-google-join-hands-to-foster,,https://www.ndtv.com/business/niti-aayog-google-join-hands-to-foster-artificial-intelligence-ai-ecosystem-in-india-1848608,http://web.archive.org/web/20201109020643/https://www.ndtv.com/business/niti-aayog-google-join-hands-to-foster-artificial-intelligence-ai-ecosystem-in-india-1848608,Snapshot found,Downloaded,,AIFP_N250_ndtv-com_niti-aayog-google-join-hands-to-foster.pdf,,,,Web page named in the endnote only (it is not in the bibliography) | download failed: RuntimeError: web server answered HTTP 429 | Page saved as PDF (cover page + copy) from Wayback snapshot on 2026-10-07
AIFP_N251,Note,6,Chapter 6: Stress Testing India,251,URL,"See: http://www.cnbctv18.com/views/how-one-indian-industry-beat-china-at-manufacturing-and-created-a-global-footprint-6135001.htm (accessed July 20, 2020).",,AIFP_N251_cnbctv18-com_how-one-indian-industry-beat-china-at,,http://www.cnbctv18.com/views/how-one-indian-industry-beat-china-at-manufacturing-and-created-a-global-footprint-6135001.htm,http://web.archive.org/web/20250818170912/https://www.cnbctv18.com/views/how-one-indian-industry-beat-china-at-manufacturing-and-created-a-global-footprint-6135001.htm/,Snapshot found,Downloaded,,AIFP_N251_cnbctv18-com_how-one-indian-industry-beat-china-at.pdf,,,,Web page named in the endnote only (it is not in the bibliography) | Page saved as PDF (cover page + copy) from live page on 2026-10-07
AIFP_N252,Note,6,Chapter 6: Stress Testing India,252,Unlinked note,"India has recently repaired the defect of Article 370, triple talaq laws, Ram Mandir in Ayodhya, among others.",,AIFP_N252,,,,,To do,,,,,,"Checked by hand: this endnote does not cite a bibliography entry (the author's own comment, or a web page only named here)"
AIFP_N253,Note,6,Chapter 6: Stress Testing India,253,URL,"See: http://armstrade.sipri.org/armstrade/page/toplist.php (accessed July 20, 2020) and https://www.defensenews.com/global/asia-pacific/2018/02/05/indias-defense-budget-will-rise-but-it-will-get-eaten-up-by-personnel-costs/ (accessed July 20, 2020). And: https://swarajyamag.com/videos/while-the-5-rafale-fighter-jets-arrive-indias-defence-sector-problems-remain (accessed July 20, 2020).",,AIFP_N253_armstrade-sipri-org_toplist,,http://armstrade.sipri.org/armstrade/page/toplist.php,http://web.archive.org/web/20240227005548/https://armstrade.sipri.org/armstrade/page/toplist.php,Snapshot found,Downloaded,,AIFP_N253_armstrade-sipri-org_toplist.pdf,,,,Web page named in the endnote only (it is not in the bibliography) | Page saved as PDF (cover page + copy) from Wayback snapshot on 2026-10-07
AIFP_N253_u2,Note (extra address),6,Chapter 6: Stress Testing India,253,URL,"See: http://armstrade.sipri.org/armstrade/page/toplist.php (accessed July 20, 2020) and https://www.defensenews.com/global/asia-pacific/2018/02/05/indias-defense-budget-will-rise-but-it-will-get-eaten-up-by-personnel-costs/ (accessed July 20, 2020). And: https://swarajyamag.com/videos/while-the-5-rafale-fighter-jets-arrive-indias-defence-sector-problems-remain (accessed July 20, 2020).",,AIFP_N253_u2_defensenews-com_indias-defense-budget-will-rise-but-it,,https://www.defensenews.com/global/asia-pacific/2018/02/05/indias-defense-budget-will-rise-but-it-will-get-eaten-up-by-personnel-costs/,,,Downloaded,,AIFP_N253_u2_defensenews-com_indias-defense-budget-will-rise-but-it.pdf,,,,Another web address printed in endnote 253 (the first one is on the row above) | Page saved as PDF (cover page + copy) from live page on 2026-10-07
AIFP_N253_u3,Note (extra address),6,Chapter 6: Stress Testing India,253,URL,"See: http://armstrade.sipri.org/armstrade/page/toplist.php (accessed July 20, 2020) and https://www.defensenews.com/global/asia-pacific/2018/02/05/indias-defense-budget-will-rise-but-it-will-get-eaten-up-by-personnel-costs/ (accessed July 20, 2020). And: https://swarajyamag.com/videos/while-the-5-rafale-fighter-jets-arrive-indias-defence-sector-problems-remain (accessed July 20, 2020).",,AIFP_N253_u3_swarajyamag-com_while-the-5-rafale-fighter-jets-arrive,,https://swarajyamag.com/videos/while-the-5-rafale-fighter-jets-arrive-indias-defence-sector-problems-remain,,,Downloaded,,AIFP_N253_u3_swarajyamag-com_while-the-5-rafale-fighter-jets-arrive.pdf,,,,Another web address printed in endnote 253 (the first one is on the row above) | Page saved as PDF (cover page + copy) from live page on 2026-10-07
AIFP_N254,Note,7,Chapter 7: Technological Dependence,254,URL,"Upadhyaya, Integral Humanism, 56.",AIFP_B081,AIFP_N254_Upadhyaya_Integral-Humanism,"Upadhyaya, Deendayal. Integral Humanism. Deendayal Research Institute, 2002. ht tps://www.dri.org.in/integral-humanism-booklet/",http://www.dri.org.in/integral-humanism-booklet/,,check failed: HTTP 429,On OneDrive,,AIFP_B081_Upadhyaya_Integral-Humanism_dri-org-in.pdf,https://1drv.ms/b/c/ACD215A5F926CFCE/IQDtsXMDzDwITrggZIEyNBHsAatMLBrfyJE54eeEdboTprM,,,[match: author only (unique)]
AIFP_N255,Note,7,Chapter 7: Technological Dependence,255,Unlinked note,"Among numerous other sources, Infinity Foundation’s fourteen-volume series History of Indian Science and Technology is a good starting point to get a glimpse of Indian scientific ingenuity in the past. ww w.InfinityFoundation.com has many of the volumes available.",,AIFP_N255,,,,,To do,,,,,,"No bibliography entry matched: the author's own comment, or a source to identify by hand"
AIFP_N256,Note,7,Chapter 7: Technological Dependence,256,Book/Print,"Sri Aurobindo, Karmayogin, 274.",AIFP_B070,AIFP_N256_Sri-Aurobindo_Karmayogin-Early-Political-Writings-II,"Sri Aurobindo. Karmayogin: Early Political Writings - II (1908-1910). Sri Aurobindo Birth Centenary Library, 1972.",,,,To do,,,,,https://books.google.com/books?id=DyZEEAAAQBAJ,[match: author+title] | Google Books preview: PARTIAL (check it is the right edition)
AIFP_N257,Note,7,Chapter 7: Technological Dependence,257,Unlinked note,"It is interesting to note that Indians were highly sought-after migrant workers even many centuries back – Middle East, China.",,AIFP_N257,,,,,To do,,,,,,"No bibliography entry matched: the author's own comment, or a source to identify by hand"
AIFP_N258,Note,7,Chapter 7: Technological Dependence,258,Unlinked note,"While ISRO has traditionally been a flagship success story for India, especially given its small budget, the entry of private players such as Boeing’s Starliner, SpaceX and Blue Origin into the global space sector has caused India to lose some ground in its relative standing.",,AIFP_N258,,,,,To do,,,,,,"Checked by hand: this endnote does not cite a bibliography entry (the author's own comment, or a web page only named here)"
AIFP_N259,Note,7,Chapter 7: Technological Dependence,259,URL,"India needs something equivalent to In-Q-Tel the CIA venture fund for national security game- changing technology investments. See: https://www.iqt.org/ (accessed July 20, 2020).",,AIFP_N259_iqt-org,,https://www.iqt.org/,,,Downloaded,,AIFP_N259_iqt-org.pdf,,,,"Checked by hand: this endnote does not cite a bibliography entry (the author's own comment, or a web page only named here) | Page saved as PDF (cover page + copy) from live page on 2026-10-07"
AIFP_N260,Note,7,Chapter 7: Technological Dependence,260,Unlinked note,Padma awards are the highest awards given by the president of India ostensibly to those who make important contributions to the nation.,,AIFP_N260,,,,,To do,,,,,,"Checked by hand: this endnote does not cite a bibliography entry (the author's own comment, or a web page only named here)"
AIFP_N261,Note,7,Chapter 7: Technological Dependence,261,Book/Print,"See: https://www.analyticsinsight.net/artificial-intelligence-india-comprehensive-overview/ (accessed July 20, 2020). Furthermore, India’s tech workers face serious challenges in the coming years, according to The Center for Internet and Society based in Bengaluru, that has produced a report on the technological impact on IT/ITES based on surveys of sixteen major companies with a total of about twenty lakh IT employees. This organization is mostly foreign funded. See: Rathi and Hickok, ‘Future of Work’ in India’s IT/IT-eS Sector.",AIFP_B055,AIFP_N261_Rathi_Future-of-Work-in-India-s-IT,"Rathi, Aayush and Elonnai Hickok. ‘Future of Work’ in India’s IT/IT-es Sector. The Centre for Internet and Society, January 2019.",,,,To do,,,,,https://www.google.com/search?tbm=bks&q=Future%20of%20Work%20in%20India%20s%20IT%20IT%20es%20Rathi,[match: author only (unique)]
AIFP_N261_u2,Note (extra address),7,Chapter 7: Technological Dependence,261,URL,"See: https://www.analyticsinsight.net/artificial-intelligence-india-comprehensive-overview/ (accessed July 20, 2020). Furthermore, India’s tech workers face serious challenges in the coming years, according to The Center for Internet and Society based in Bengaluru, that has produced a report on the technological impact on IT/ITES based on surveys of sixteen major companies with a total of about twenty lakh IT employees. This organization is mostly foreign funded. See: Rathi and Hickok, ‘Future of Work’ in India’s IT/IT-eS Sector.",,AIFP_N261_u2_analyticsinsight-net_artificial-intelligence-india-comprehensive-overview,,https://www.analyticsinsight.net/artificial-intelligence-india-comprehensive-overview/,,,To do,,,,,,Another web address printed in endnote 261 (the first one is on the row above) | download failed - live page: web server answered HTTP 404 | download failed - live page: web server answered HTTP 404 | download failed - live page: web server answered HTTP 404
AIFP_N262,Note,7,Chapter 7: Technological Dependence,262,URL,"NITI Aayog, National Strategy for AI, 50-51. Another recent article that criticizes India’s mediocrity is by Subhash Kak. See: https://medium.com/@subhashkak/whence-premium-mediocrity-in-india-ff894a984fde (accessed July 20, 2020).",AIFP_B041,AIFP_N262_Niti-Aayog_National-Strategy-for-AI,"NITI Aayog. National Strategy for AI. Delhi, June 2018. https://niti.gov.in/sites/default/files/2019-01/NationalStrategy-for-AI-Discussion-Paper.pdf",https://niti.gov.in/sites/default/files/2019-01/NationalStrategy-for-AI-Discussion-Paper.pdf,,NO snapshot - capture at web.archive.org/save,On OneDrive,,AIFP_B041_Niti-Aayog_National-Strategy-for-AI_niti-gov-in.pdf,https://1drv.ms/b/c/ACD215A5F926CFCE/IQAx0rtLxl99Qq-BiNL0IGnIAa-DW8qpVZz-RcqzcEAZkhA,,,[match: author only (unique)] | download failed: RuntimeError: web server answered HTTP 403 | Page saved as PDF (cover page + copy) from live page on 2026-10-07
AIFP_N262_u2,Note (extra address),7,Chapter 7: Technological Dependence,262,URL,"NITI Aayog, National Strategy for AI, 50-51. Another recent article that criticizes India’s mediocrity is by Subhash Kak. See: https://medium.com/@subhashkak/whence-premium-mediocrity-in-india-ff894a984fde (accessed July 20, 2020).",,AIFP_N262_u2_medium-com_whence-premium-mediocrity-in-india-ff894a984fde,,https://medium.com/@subhashkak/whence-premium-mediocrity-in-india-ff894a984fde,,,Downloaded,,AIFP_N262_u2_medium-com_whence-premium-mediocrity-in-india-ff894a984fde.pdf,,,,Another web address printed in endnote 262 (the first one is on the row above) | Page saved as PDF (cover page + copy) from live page on 2026-10-07
AIFP_N263,Note,7,Chapter 7: Technological Dependence,263,URL,"NITI Aayog, National Strategy for AI, 51. To remedy some of this, howsoever late, it is encouraging that IIT Mumbai and IIT Patna have entered into a joint research collaboration with industry on the applied aspects of AI. The government of Karnataka has set up a Centre of Excellence for Data Science and Artificial Intelligence in partnership with NASSCOM. Wadhwani Foundation has set up India’s first research institute dedicated to developing AI solutions for social good in Mumbai in Feb 2018.",AIFP_B041,AIFP_N263_Niti-Aayog_National-Strategy-for-AI,"NITI Aayog. National Strategy for AI. Delhi, June 2018. https://niti.gov.in/sites/default/files/2019-01/NationalStrategy-for-AI-Discussion-Paper.pdf",https://niti.gov.in/sites/default/files/2019-01/NationalStrategy-for-AI-Discussion-Paper.pdf,,NO snapshot - capture at web.archive.org/save,On OneDrive,,AIFP_B041_Niti-Aayog_National-Strategy-for-AI_niti-gov-in.pdf,https://1drv.ms/b/c/ACD215A5F926CFCE/IQAx0rtLxl99Qq-BiNL0IGnIAa-DW8qpVZz-RcqzcEAZkhA,,,download failed: RuntimeError: web server answered HTTP 403 | Page saved as PDF (cover page + copy) from live page on 2026-10-07
AIFP_N264,Note,7,Chapter 7: Technological Dependence,264,URL,"See: https://techbeacon.com/enterprise-it/google-goes-ai-first-io-what-dev-ops-need-know (accessed July 20, 2020).",,AIFP_N264_techbeacon-com_google-goes-ai-first-io-what-dev,,https://techbeacon.com/enterprise-it/google-goes-ai-first-io-what-dev-ops-need-know,http://web.archive.org/web/20240521203652/https://techbeacon.com/enterprise-it/google-goes-ai-first-io-what-dev-ops-need-know,Snapshot found,Downloaded,,AIFP_N264_techbeacon-com_google-goes-ai-first-io-what-dev.pdf,,,,Web page named in the endnote only (it is not in the bibliography)
AIFP_N265,Note,7,Chapter 7: Technological Dependence,265,URL,"See: https://www.cnbctv18.com/business/uday-kotak-bats-for-re-think-on-business-policy-to-get-migrant-labour-back-6070221.htm (accessed July 20, 2020).",,AIFP_N265_cnbctv18-com_uday-kotak-bats-for-re-think-on,,https://www.cnbctv18.com/business/uday-kotak-bats-for-re-think-on-business-policy-to-get-migrant-labour-back-6070221.htm,http://web.archive.org/web/20221006150157/http://www.cnbctv18.com/business/uday-kotak-bats-for-re-think-on-business-policy-to-get-migrant-labour-back-6070221.htm,Snapshot found,Downloaded,,AIFP_N265_cnbctv18-com_uday-kotak-bats-for-re-think-on.pdf,,,,Web page named in the endnote only (it is not in the bibliography)
AIFP_N266,Note,7,Chapter 7: Technological Dependence,266,URL,"See: https://coe-dsai.nasscom.in/ (accessed July 20, 2020).",,AIFP_N266_coe-dsai-nasscom-in,,https://coe-dsai.nasscom.in/,,,To do,,,,,,"Checked by hand: this endnote does not cite a bibliography entry (the author's own comment, or a web page only named here) | download failed - live page: Page.goto: net::ERR_NAME_NOT_RESOLVED at https://coe-dsai.nasscom.in/ | download failed - live page: Page.goto: net::ERR_NAME_NOT_RESOLVED at https://coe-dsai.nasscom.in/ | download failed - live page: Page.goto: net::ERR_NAME_NOT_RESOLVED at https://coe-dsai.nasscom.in/"
AIFP_N267,Note,7,Chapter 7: Technological Dependence,267,URL,"See: https://analyticsindiamag.com/should-ai-be-allowed-to-get-patents-how-can-indian-companies-protect-their-inventions/ (accessed July 31, 2020).",,AIFP_N267_analyticsindiamag-com_should-ai-be-allowed-to-get-patents,,https://analyticsindiamag.com/should-ai-be-allowed-to-get-patents-how-can-indian-companies-protect-their-inventions/,http://web.archive.org/web/20230927080247/https://analyticsindiamag.com/should-ai-be-allowed-to-get-patents-how-can-indian-companies-protect-their-inventions/,Snapshot found,Downloaded,,AIFP_N267_analyticsindiamag-com_should-ai-be-allowed-to-get-patents.pdf,,,,Web page named in the endnote only (it is not in the bibliography)
AIFP_N268,Note,7,Chapter 7: Technological Dependence,268,URL,"See: https://emerj.com/ai-market-research/artificial-intelligence-in-india/ (accessed July 20, 2020).",,AIFP_N268_emerj-com_artificial-intelligence-in-india,,https://emerj.com/ai-market-research/artificial-intelligence-in-india/,http://web.archive.org/web/20240619111955/https://emerj.com/ai-market-research/artificial-intelligence-in-india/,Snapshot found,Downloaded,,AIFP_N268_emerj-com_artificial-intelligence-in-india.pdf,,,,Web page named in the endnote only (it is not in the bibliography)
AIFP_N269,Note,7,Chapter 7: Technological Dependence,269,URL,"See: https://economictimes.indiatimes.com/small-biz/startups/newsbuzz/tencents-now-the-alibaba-of-indian-startup-scene/articleshow/73789241.cms (accessed July 20, 2020).",,AIFP_N269_economictimes-indiatimes-com_73789241,,https://economictimes.indiatimes.com/small-biz/startups/newsbuzz/tencents-now-the-alibaba-of-indian-startup-scene/articleshow/73789241.cms,http://web.archive.org/web/20240616090845/https://economictimes.indiatimes.com/small-biz/startups/newsbuzz/tencents-now-the-alibaba-of-indian-startup-scene/articleshow/73789241.cms,Snapshot found,Downloaded,,AIFP_N269_economictimes-indiatimes-com_73789241.pdf,,,,Web page named in the endnote only (it is not in the bibliography)
AIFP_N270,Note,7,Chapter 7: Technological Dependence,270,Unlinked note,"For instance, the Chinese technology behemoth Tencent has made at least fifteen technology investments in Indian companies. One startup offers a product that allows students to upload a snapshot of a conceptual problem, and in theory their AI system will provide a video solution in ten seconds. Another product Tencent invested in provides audio content such as audiobooks, stories, podcasts, and self-help content in a variety of Indian languages.",,AIFP_N270,,,,,To do,,,,,,"No bibliography entry matched: the author's own comment, or a source to identify by hand"
AIFP_N271,Note,7,Chapter 7: Technological Dependence,271,URL,"See: https://economictimes.indiatimes.com/tech/internet/alibaba-tencent-pour-cash-into-indias-gambling-loopholes/articleshow/75173745.cms (accessed July 20, 2020).",,AIFP_N271_economictimes-indiatimes-com_75173745,,https://economictimes.indiatimes.com/tech/internet/alibaba-tencent-pour-cash-into-indias-gambling-loopholes/articleshow/75173745.cms,http://web.archive.org/web/20260115200727/https://economictimes.indiatimes.com/tech/internet/alibaba-tencent-pour-cash-into-indias-gambling-loopholes/articleshow/75173745.cms,Snapshot found,Downloaded,,AIFP_N271_economictimes-indiatimes-com_75173745.pdf,,,,Web page named in the endnote only (it is not in the bibliography)
AIFP_N272,Note,7,Chapter 7: Technological Dependence,272,URL,"See: https://economictimes.indiatimes.com/news/economy/foreign-trade/keeping-a-check-on-the-chinese/articleshow/75223704.cms (accessed July 20, 2020). However, when China complained, India immediately backtracked somewhat; see: http://www.cnbctv18.com/economy/no-intention-to-stop-chinese-investments-in-startups-says-niti-aayog-ceo-5733001.htm (accessed July 20, 2020). A few days later, India yielded to pressure and decided to help certain Chinese investments in special cases; see https://www.reuters.com/article/us-india-china-investments-exclusive-idUSKCN2270L9 (accessed July 20, 2020).",,AIFP_N272_economictimes-indiatimes-com_75223704,,https://economictimes.indiatimes.com/news/economy/foreign-trade/keeping-a-check-on-the-chinese/articleshow/75223704.cms,,,Downloaded,,AIFP_N272_economictimes-indiatimes-com_75223704.pdf,,,,"Checked by hand: this endnote does not cite a bibliography entry (the author's own comment, or a web page only named here) | Page saved as PDF (cover page + copy) from live page on 2026-10-07"
AIFP_N272_u2,Note (extra address),7,Chapter 7: Technological Dependence,272,URL,"See: https://economictimes.indiatimes.com/news/economy/foreign-trade/keeping-a-check-on-the-chinese/articleshow/75223704.cms (accessed July 20, 2020). However, when China complained, India immediately backtracked somewhat; see: http://www.cnbctv18.com/economy/no-intention-to-stop-chinese-investments-in-startups-says-niti-aayog-ceo-5733001.htm (accessed July 20, 2020). A few days later, India yielded to pressure and decided to help certain Chinese investments in special cases; see https://www.reuters.com/article/us-india-china-investments-exclusive-idUSKCN2270L9 (accessed July 20, 2020).",,AIFP_N272_u2_cnbctv18-com_no-intention-to-stop-chinese-investments-in,,http://www.cnbctv18.com/economy/no-intention-to-stop-chinese-investments-in-startups-says-niti-aayog-ceo-5733001.htm,,,Downloaded,,AIFP_N272_u2_cnbctv18-com_no-intention-to-stop-chinese-investments-in.pdf,,,,Another web address printed in endnote 272 (the first one is on the row above) | Page saved as PDF (cover page + copy) from live page on 2026-10-07
AIFP_N272_u3,Note (extra address),7,Chapter 7: Technological Dependence,272,URL,"See: https://economictimes.indiatimes.com/news/economy/foreign-trade/keeping-a-check-on-the-chinese/articleshow/75223704.cms (accessed July 20, 2020). However, when China complained, India immediately backtracked somewhat; see: http://www.cnbctv18.com/economy/no-intention-to-stop-chinese-investments-in-startups-says-niti-aayog-ceo-5733001.htm (accessed July 20, 2020). A few days later, India yielded to pressure and decided to help certain Chinese investments in special cases; see https://www.reuters.com/article/us-india-china-investments-exclusive-idUSKCN2270L9 (accessed July 20, 2020).",,AIFP_N272_u3_reuters-com_us-india-china-investments-exclusive-idUSKCN2270L9,,https://www.reuters.com/article/us-india-china-investments-exclusive-idUSKCN2270L9,,,Downloaded,,AIFP_N272_u3_reuters-com_us-india-china-investments-exclusive-idUSKCN2270L9.pdf,,,,Another web address printed in endnote 272 (the first one is on the row above) | Saved by hand from live page on 2026-10-07
AIFP_N273,Note,7,Chapter 7: Technological Dependence,273,URL,"See: http://www.cnbctv18.com/politics/rss-affiliate-wants-swadeshi-zoom-lauds-crackdown-on-chinese-app-5729751.htm (accessed July 20, 2020).",,AIFP_N273_cnbctv18-com_rss-affiliate-wants-swadeshi-zoom-lauds-crackdown,,http://www.cnbctv18.com/politics/rss-affiliate-wants-swadeshi-zoom-lauds-crackdown-on-chinese-app-5729751.htm,http://web.archive.org/web/20250823034625/https://www.cnbctv18.com/politics/rss-affiliate-wants-swadeshi-zoom-lauds-crackdown-on-chinese-app-5729751.htm/,Snapshot found,Downloaded,,AIFP_N273_cnbctv18-com_rss-affiliate-wants-swadeshi-zoom-lauds-crackdown.pdf,,,,Web page named in the endnote only (it is not in the bibliography)
AIFP_N274,Note,7,Chapter 7: Technological Dependence,274,URL,"Desouza and Somvanshi, How India can prepare its workforce for the artificial intelligence era.",AIFP_B011,AIFP_N274_Desouza_and-Kiran-Kabtta-Somvanshi,"Desouza, Kevin C. and Kiran Kabtta Somvanshi. How India can prepare its workforce for the artificial intelligence era. Brookings, April 22, 2019. https://www.brookings.edu/blog/techtank/2019/04/22/how-india-can-prepare-its-workforce-for-the-artificial-intelligence-era/",https://www.brookings.edu/blog/techtank/2019/04/22/how-india-can-prepare-its-workforce-for-the-artificial-intelligence-era/,http://web.archive.org/web/20230604010928/https://www.brookings.edu/blog/techtank/2019/04/22/how-india-can-prepare-its-workforce-for-the-artificial-intelligence-era/,Snapshot found,On OneDrive,,AIFP_B011_Desouza_and-Kiran-Kabtta-Somvanshi_brookings-edu.pdf,https://1drv.ms/b/c/ACD215A5F926CFCE/IQCDIJOy521FRYSw3nU_pTp3Ae1hVJzE612q3VmswiLl2PI,,,[match: author+title] | Page saved as PDF (cover page + copy) from live page on 2026-10-07
AIFP_N275,Note,7,Chapter 7: Technological Dependence,275,URL,"Desouza and Somvanshi, How India can prepare its workforce for the artificial intelligence era.",AIFP_B011,AIFP_N275_Desouza_and-Kiran-Kabtta-Somvanshi,"Desouza, Kevin C. and Kiran Kabtta Somvanshi. How India can prepare its workforce for the artificial intelligence era. Brookings, April 22, 2019. https://www.brookings.edu/blog/techtank/2019/04/22/how-india-can-prepare-its-workforce-for-the-artificial-intelligence-era/",https://www.brookings.edu/blog/techtank/2019/04/22/how-india-can-prepare-its-workforce-for-the-artificial-intelligence-era/,http://web.archive.org/web/20230604010928/https://www.brookings.edu/blog/techtank/2019/04/22/how-india-can-prepare-its-workforce-for-the-artificial-intelligence-era/,Snapshot found,On OneDrive,,AIFP_B011_Desouza_and-Kiran-Kabtta-Somvanshi_brookings-edu.pdf,https://1drv.ms/b/c/ACD215A5F926CFCE/IQCDIJOy521FRYSw3nU_pTp3Ae1hVJzE612q3VmswiLl2PI,,,[match: author+title] | Page saved as PDF (cover page + copy) from live page on 2026-10-07
AIFP_N276,Note,7,Chapter 7: Technological Dependence,276,URL,"See: https://medium.com/the-coleman-fung-institute/blue-river-technology-how-robotics-and-machine-learning-are-transforming-the-future-of-farming-f355398dc567 (accessed July 20, 2020).",,AIFP_N276_medium-com_blue-river-technology-how-robotics-and-machine,,https://medium.com/the-coleman-fung-institute/blue-river-technology-how-robotics-and-machine-learning-are-transforming-the-future-of-farming-f355398dc567,http://web.archive.org/web/20221026134453/https://medium.com/the-coleman-fung-institute/blue-river-technology-how-robotics-and-machine-learning-are-transforming-the-future-of-farming-f355398dc567,Snapshot found,Downloaded,,AIFP_N276_medium-com_blue-river-technology-how-robotics-and-machine.pdf,,,,"Web page named in the endnote only (it is not in the bibliography) | download failed: RuntimeError: page is empty or is an error page, not a real copy | Page saved as PDF (cover page + copy) from live page on 2026-10-07"
AIFP_N277,Note,7,Chapter 7: Technological Dependence,277,URL,"See: https://www.chathamhouse.org/expert/comment/problem-india-s-ai-all-strategy (accessed July 20, 2020).",,AIFP_N277_chathamhouse-org_problem-india-s-ai-all-strategy,,https://www.chathamhouse.org/expert/comment/problem-india-s-ai-all-strategy,,NO snapshot - capture at web.archive.org/save,Downloaded,,AIFP_N277_chathamhouse-org_problem-india-s-ai-all-strategy.pdf,,,,Web page named in the endnote only (it is not in the bibliography)
AIFP_N278,Note,7,Chapter 7: Technological Dependence,278,URL,"NASSCOM, FICCI, and EY, Future of Jobs in India – A 2022 perspective.",AIFP_B040,AIFP_N278_Nasscom_2017,"NASSCOM, FICCI, and EY, Future of Jobs in India – A 2022 perspective. 2017, http://ficci.in/spdocument/22951/FICCI-NASSCOM-EY-Report_Future-of-Jobs.pdf",http://ficci.in/spdocument/22951/FICCI-NASSCOM-EY-Report_Future-of-Jobs.pdf,http://web.archive.org/web/20221110173223/https://ficci.in/spdocument/22951/FICCI-NASSCOM-EY-Report_Future-of-Jobs.pdf,Snapshot found,On OneDrive,,AIFP_B040_Nasscom_2017_ficci-in.pdf,https://1drv.ms/b/c/ACD215A5F926CFCE/IQA_ejVX9n5iQoRwyQpFY5JwAbOZ-tswdtO8JygXF-CVki4,,,"download failed: Error: Page.goto: Download is starting
Call log:
  - navigating to ""http://web.archive. | Page saved as PDF (cover page + copy) from Wayback snapshot on 2026-10-07"
AIFP_N279,Note,7,Chapter 7: Technological Dependence,279,Book/Print,"Yew, The Wit and Wisdom of Lee Kuan Yew, 29.",AIFP_B091,AIFP_N279_Yew_The-Wit-and-Wisdom-of-Lee-Kuan,"Yew, Lee Kuan. The Wit and Wisdom of Lee Kuan Yew. Didier Millet, 2013.",,,,To do,,,,,https://books.google.com/books?id=lI2gEQAAQBAJ,[match: author+title] | Google Books preview: PARTIAL (check it is the right edition)
AIFP_N280,Note,7,Chapter 7: Technological Dependence,280,Book/Print,"Chandrasekaran and Purushothaman, Bridgital Nation.",AIFP_B006,AIFP_N280_Chandrasekaran_Bridgital-Nation-Solving-Technology-s-People-Problem,"Chandrasekaran, Natarajan, and Roopa Purushothaman. Bridgital Nation: Solving Technology’s People Problem. Penguin Random House India, 2019.",,,,To do,,,,,https://books.google.com/books?id=N0TzygEACAAJ,[match: author only (unique)] | Google Books preview: NO_PAGES (check it is the right edition)
AIFP_N281,Note,7,Chapter 7: Technological Dependence,281,URL,"See (1) https://qz.com/india/1051533/india-is-unprepared-for-a-near-future-when-it-will-be-the-worlds-most-populous-country/ (accessed July 20, 2020), (2) https://www.livemint.com/Money/JYalqNRTOtaQCIU4EuXGRO/More-than-30-of-Indias-youth-not-in-employment-shows-OECD.html                   (accessed July 20, 2020), (3) https://www.livemint.com/politics/policy/a-third-of-skilled-youth-in-india-jobless-official-survey-1565161972818.html (accessed July 20, 2020).",,AIFP_N281_qz-com_india-is-unprepared-for-a-near-future,,https://qz.com/india/1051533/india-is-unprepared-for-a-near-future-when-it-will-be-the-worlds-most-populous-country/,,,Downloaded,,AIFP_N281_qz-com_india-is-unprepared-for-a-near-future.pdf,,,,"Checked by hand: this endnote does not cite a bibliography entry (the author's own comment, or a web page only named here) | Page saved as PDF (cover page + copy) from live page on 2026-10-07"
AIFP_N281_u2,Note (extra address),7,Chapter 7: Technological Dependence,281,URL,"See (1) https://qz.com/india/1051533/india-is-unprepared-for-a-near-future-when-it-will-be-the-worlds-most-populous-country/ (accessed July 20, 2020), (2) https://www.livemint.com/Money/JYalqNRTOtaQCIU4EuXGRO/More-than-30-of-Indias-youth-not-in-employment-shows-OECD.html                   (accessed July 20, 2020), (3) https://www.livemint.com/politics/policy/a-third-of-skilled-youth-in-india-jobless-official-survey-1565161972818.html (accessed July 20, 2020).",,AIFP_N281_u2_livemint-com_More-than-30-of-Indias-youth-not,,https://www.livemint.com/Money/JYalqNRTOtaQCIU4EuXGRO/More-than-30-of-Indias-youth-not-in-employment-shows-OECD.html,,,Downloaded,,AIFP_N281_u2_livemint-com_More-than-30-of-Indias-youth-not.pdf,,,,Another web address printed in endnote 281 (the first one is on the row above) | Page saved as PDF (cover page + copy) from live page on 2026-10-07
AIFP_N281_u3,Note (extra address),7,Chapter 7: Technological Dependence,281,URL,"See (1) https://qz.com/india/1051533/india-is-unprepared-for-a-near-future-when-it-will-be-the-worlds-most-populous-country/ (accessed July 20, 2020), (2) https://www.livemint.com/Money/JYalqNRTOtaQCIU4EuXGRO/More-than-30-of-Indias-youth-not-in-employment-shows-OECD.html                   (accessed July 20, 2020), (3) https://www.livemint.com/politics/policy/a-third-of-skilled-youth-in-india-jobless-official-survey-1565161972818.html (accessed July 20, 2020).",,AIFP_N281_u3_livemint-com_a-third-of-skilled-youth-in-india,,https://www.livemint.com/politics/policy/a-third-of-skilled-youth-in-india-jobless-official-survey-1565161972818.html,,,Downloaded,,AIFP_N281_u3_livemint-com_a-third-of-skilled-youth-in-india.pdf,,,,Another web address printed in endnote 281 (the first one is on the row above) | Page saved as PDF (cover page + copy) from live page on 2026-10-07
AIFP_N282,Note,7,Chapter 7: Technological Dependence,282,URL,"The economic burden of the aging population is also worsening due to increases in life expectancy. See: https://economictimes.indiatimes.com/news/politics-and-nation/share-of-population-over-age-of-60-in-india-projected-to-increase-to-20-in-2050-un/articleshow/68919318.cms (accessed July 20, 2020).",,AIFP_N282_economictimes-indiatimes-com_68919318,,https://economictimes.indiatimes.com/news/politics-and-nation/share-of-population-over-age-of-60-in-india-projected-to-increase-to-20-in-2050-un/articleshow/68919318.cms,http://web.archive.org/web/20260123030016/https://economictimes.indiatimes.com/news/politics-and-nation/share-of-population-over-age-of-60-in-india-projected-to-increase-to-20-in-2050-un/articleshow/68919318.cms,Snapshot found,Downloaded,,AIFP_N282_economictimes-indiatimes-com_68919318.pdf,,,,Web page named in the endnote only (it is not in the bibliography) | Page saved as PDF (cover page + copy) from live page on 2026-10-07
AIFP_N283,Note,7,Chapter 7: Technological Dependence,283,Book/Print,"Sage Vasishtha to Shri Rama (Verse 2.5.18): Mitra, The Yoga Vasishtha Maharamayana of Valmiki, 1:143.",AIFP_B037,AIFP_N283_Mitra_The-Yoga-Vasishtha-Maharamayana-of-Valmiki,"Mitra, Vihari-Lala. The Yoga Vasishtha Maharamayana of Valmiki, 4 vols. Calcutta: Bonnerjee and Co, 1891.",,,,Downloaded,https://www.gutenberg.org/ebooks/71326,AIFP_B037_Mitra_The-Yoga-Vasishtha-Maharamayana-of-Valmiki.txt,,,https://books.google.com/books?id=nDgI0QEACAAJ,[match: author only (unique)] | Google Books preview: NO_PAGES (check it is the right edition) | Carried over from the earlier backup (A37_Mitra_1891_YogaVasishthaMaharamayana_Vol1_ProjectGutenberg.txt) | CAUTION: the saved file is Volume 1 only; the book also cites later volumes of this work
AIFP_N284,Note,7,Chapter 7: Technological Dependence,284,Book/Print,"Chandrasekaran and Purushothaman, Bridgital Nation, 83.",AIFP_B006,AIFP_N284_Chandrasekaran_Bridgital-Nation-Solving-Technology-s-People-Problem,"Chandrasekaran, Natarajan, and Roopa Purushothaman. Bridgital Nation: Solving Technology’s People Problem. Penguin Random House India, 2019.",,,,To do,,,,,https://books.google.com/books?id=N0TzygEACAAJ,[match: author only (unique)] | Google Books preview: NO_PAGES (check it is the right edition)
AIFP_N285,Note,7,Chapter 7: Technological Dependence,285,Book/Print,"Chandrasekaran and Purushothaman, Bridgital Nation, 153.",AIFP_B006,AIFP_N285_Chandrasekaran_Bridgital-Nation-Solving-Technology-s-People-Problem,"Chandrasekaran, Natarajan, and Roopa Purushothaman. Bridgital Nation: Solving Technology’s People Problem. Penguin Random House India, 2019.",,,,To do,,,,,https://books.google.com/books?id=N0TzygEACAAJ,[match: author only (unique)] | Google Books preview: NO_PAGES (check it is the right edition)
AIFP_N286,Note,7,Chapter 7: Technological Dependence,286,Book/Print,"Chandrasekaran and Purushothaman, Bridgital Nation, 11, 93.",AIFP_B006,AIFP_N286_Chandrasekaran_Bridgital-Nation-Solving-Technology-s-People-Problem,"Chandrasekaran, Natarajan, and Roopa Purushothaman. Bridgital Nation: Solving Technology’s People Problem. Penguin Random House India, 2019.",,,,To do,,,,,https://books.google.com/books?id=N0TzygEACAAJ,[match: author only (unique)] | Google Books preview: NO_PAGES (check it is the right edition)
AIFP_N287,Note,7,Chapter 7: Technological Dependence,287,URL,"See: https://economictimes.indiatimes.com/tech/internet/india-is-worlds-most-digitally-dexterous-country-survey/articleshow/75178052.cms (accessed July 20, 2020).",,AIFP_N287_economictimes-indiatimes-com_75178052,,https://economictimes.indiatimes.com/tech/internet/india-is-worlds-most-digitally-dexterous-country-survey/articleshow/75178052.cms,http://web.archive.org/web/20250723212929/https://economictimes.indiatimes.com/tech/internet/india-is-worlds-most-digitally-dexterous-country-survey/articleshow/75178052.cms,Snapshot found,Downloaded,,AIFP_N287_economictimes-indiatimes-com_75178052.pdf,,,,Web page named in the endnote only (it is not in the bibliography) | Page saved as PDF (cover page + copy) from live page on 2026-10-07
AIFP_N288,Note,8,Chapter 8: Digital Colonization,288,URL,"See: https://time.com/5237458/the-facebook-defect/ (accessed July 20, 2020).",,AIFP_N288_time-com_the-facebook-defect,,https://time.com/5237458/the-facebook-defect/,http://web.archive.org/web/20260908063536/https://time.com/5237458/the-facebook-defect/,Snapshot found,Downloaded,,AIFP_N288_time-com_the-facebook-defect.pdf,,,,Web page named in the endnote only (it is not in the bibliography) | Page saved as PDF (cover page + copy) from live page on 2026-10-07
AIFP_N289,Note,8,Chapter 8: Digital Colonization,289,Book/Print,"Eric Schmidt was Google’s CEO and Jared Cohen served as chief advisor to Schmidt. See: Schmidt and Cohen, The New Digital Age: Transforming Nations, Businesses, and Our Lives.",AIFP_B062,AIFP_N289_Schmidt_The-New-Digital-Age-Transforming-Nations,"Schmidt, Eric and Jared Cohen. The New Digital Age: Transforming Nations, Businesses, and Our Lives. New York: Vintage, 2014.",,,,To do,,,,,https://books.google.com/books?id=SSWODQAAQBAJ,[match: author only (unique)] | Google Books preview: PARTIAL (check it is the right edition)
AIFP_N290,Note,8,Chapter 8: Digital Colonization,290,Book/Print,"Bhishma to Yudhishthira in Santi Parva: Roy, The Mahabharata of Krishna-Dwaipayana Vyasa, 8:213.",AIFP_B060,AIFP_N290_Roy_The-Mahabharata-of-Krishna-Dwaipayana-Vyasa,"Roy, Pratap Chandra. The Mahabharata of Krishna-Dwaipayana Vyasa, 12 vols. Calcutta: Oriental Publishing Company Calcutta, 1884-1894.",,,,To do,,,,,https://books.google.com/books?id=_51q0QEACAAJ,[match: author only (unique)] | Google Books preview: NO_PAGES (check it is the right edition)
AIFP_N291,Note,8,Chapter 8: Digital Colonization,291,Book/Print,"Joglekar, Bhartrihari Niti and Vairagya Shatakas, 15.",AIFP_B028,AIFP_N291_Joglekar_Bhartrihari-Niti-and-Vairagya-Shatakas,"Joglekar, K.M. Bhartrihari Niti and Vairagya Shatakas. Oriental Publishing Company, 1911.",,,,To do,,,,,https://books.google.com/books?id=2ygpAAAAYAAJ,[match: author only (unique)] | Google Books preview: ALL_PAGES (check it is the right edition)
AIFP_N292,Note,8,Chapter 8: Digital Colonization,292,Book/Print,"Sri Aurobindo, Karmayogin, 283.",AIFP_B070,AIFP_N292_Sri-Aurobindo_Karmayogin-Early-Political-Writings-II,"Sri Aurobindo. Karmayogin: Early Political Writings - II (1908-1910). Sri Aurobindo Birth Centenary Library, 1972.",,,,To do,,,,,https://books.google.com/books?id=DyZEEAAAQBAJ,[match: author+title] | Google Books preview: PARTIAL (check it is the right edition)
AIFP_N293,Note,8,Chapter 8: Digital Colonization,293,URL,"See: https://www.mygov.in/task/share-your-inputs-draft-non-personal-data-governance-framework/ (accessed July 31, 2020).",,AIFP_N293_mygov-in_share-your-inputs-draft-non-personal-data,,https://www.mygov.in/task/share-your-inputs-draft-non-personal-data-governance-framework/,http://web.archive.org/web/20240519195304/https://www.mygov.in/task/share-your-inputs-draft-non-personal-data-governance-framework/,Snapshot found,Downloaded,,AIFP_N293_mygov-in_share-your-inputs-draft-non-personal-data.pdf,,,,Web page named in the endnote only (it is not in the bibliography) | Page saved as PDF (cover page + copy) from live page on 2026-10-07
AIFP_N294,Note,8,Chapter 8: Digital Colonization,294,Unlinked note,"Rather than a state monopoly being custodian for the data and its equitable marketing, a different approach would be for the government to make and enforce the rules, but let private industry compete in aggregating, managing, and selling the data. To create a level playing field, I propose the approach followed in deregulating the US telecom industry in the 1980s and ’90s. A powerful man named Judge Greene was appointed by the federal court for oversight of the breakup of AT&T. The fundamental principle was to separate the critical bottleneck asset (which was the long-distance backbone network in those days) into a separate private company that would be required to make this asset available equally and impartially to everyone including its own businesses. This was called the Equal Access principle. AT&T, as the owner of this backbone asset would not enjoy any privileged use of it compared to its competitors (like MCI and Sprint in those days). Today’s application of Equal Access to the data industry would be to separate the data aggregating business of Google, Microsoft, Facebook, Amazon, and others, and require it to be made available to all users including a given data aggregator’s own affiliates on equal terms. For instance, all of Google’s data would become a separate business of Google, and the value-added applications of Google and its competitors would have equal access to it without favoring Google’s own access. This means a data-grid would be set up as a separate business and all those selling raw data to it would be treated as arms-length suppliers, and all those buying its data would be treated on par as customers. In principle, every sensor or data capture device could be metered as a supplier to the data-grid. If there are multiple competing data-grids, there could also be a competitive bidding system to value any given raw data. This would lead to competing data curators as intermediaries in the value chain—similar to music licensing companies like ASCAP (American Society of Composers, Authors and Publishers) and other aggregators of intellectual property. This would create three separate and distinct kinds of businesses run on arms-length basis from each other: (1) raw data capture, (2) aggregation and organization of databases, and (3) value- added and sale of applications. The breakup of AT&T along these lines is what unleashed the telecom revolution, internet, and all the internet-based industries that dominate the landscape today.",,AIFP_N294,,,,,To do,,,,,,"No bibliography entry matched: the author's own comment, or a source to identify by hand"
AIFP_N295,Note,8,Chapter 8: Digital Colonization,295,Unlinked note,"Microsoft has impressed Indian authorities by investing in data centers for its Azure cloud infrastructure, and Amazon is locating some of its cloud infrastructure in India. However, the physical location of a data center is irrelevant; the data resident in India is still being accessed by algorithms over which the Indian government has little direct control.",,AIFP_N295,,,,,To do,,,,,,"Checked by hand: this endnote does not cite a bibliography entry (the author's own comment, or a web page only named here)"
AIFP_N296,Note,8,Chapter 8: Digital Colonization,296,URL,"Interestingly, when the White House suddenly unfollowed Prime Minister Narendra Modi and India’s president, Ram Nath Kovind, it produced an emotional shock in India. See: https://www.indiatoday.in/india/story/white-house-donald-trump-unfollows-narendra-modi-twitter-pmo-president-ram-nath-kovind-1672344-2020-04-29 (accessed July 20, 2020).",,AIFP_N296_indiatoday-in_white-house-donald-trump-unfollows-narendra-modi,,https://www.indiatoday.in/india/story/white-house-donald-trump-unfollows-narendra-modi-twitter-pmo-president-ram-nath-kovind-1672344-2020-04-29,,,Downloaded,,AIFP_N296_indiatoday-in_white-house-donald-trump-unfollows-narendra-modi.pdf,,,,"Checked by hand: this endnote does not cite a bibliography entry (the author's own comment, or a web page only named here) | Page saved as PDF (cover page + copy) from live page on 2026-10-07"
AIFP_N297,Note,8,Chapter 8: Digital Colonization,297,Book/Print,"Vidura to Dhritarashtra in Udyoga Parva: Roy, The Mahabharata of Krishna-Dwaipayana Vyasa, 4:63- 64.",AIFP_B060,AIFP_N297_Roy_The-Mahabharata-of-Krishna-Dwaipayana-Vyasa,"Roy, Pratap Chandra. The Mahabharata of Krishna-Dwaipayana Vyasa, 12 vols. Calcutta: Oriental Publishing Company Calcutta, 1884-1894.",,,,To do,,,,,https://books.google.com/books?id=_51q0QEACAAJ,[match: author only (unique)] | Google Books preview: NO_PAGES (check it is the right edition)
AIFP_N298,Note,8,Chapter 8: Digital Colonization,298,URL,"See: https://economictimes.indiatimes.com/news/politics-and-nation/up-government-invites-top-varsities-for-kumbh-research/articleshow/66111831.cms (accessed July 20, 2020). See also: https://swarajyamag.com/insta/with-preparations-in-full-swing-yogi-adityanath-government-invites-the-worlds-best-universities-for-kumbh-research (accessed July 20, 2020).",,AIFP_N298_economictimes-indiatimes-com_66111831,,https://economictimes.indiatimes.com/news/politics-and-nation/up-government-invites-top-varsities-for-kumbh-research/articleshow/66111831.cms,http://web.archive.org/web/20230627090100/https://economictimes.indiatimes.com/news/politics-and-nation/up-government-invites-top-varsities-for-kumbh-research/articleshow/66111831.cms,Snapshot found,Downloaded,,AIFP_N298_economictimes-indiatimes-com_66111831.pdf,,,,Web page named in the endnote only (it is not in the bibliography) | Page saved as PDF (cover page + copy) from live page on 2026-10-07
AIFP_N298_u2,Note (extra address),8,Chapter 8: Digital Colonization,298,URL,"See: https://economictimes.indiatimes.com/news/politics-and-nation/up-government-invites-top-varsities-for-kumbh-research/articleshow/66111831.cms (accessed July 20, 2020). See also: https://swarajyamag.com/insta/with-preparations-in-full-swing-yogi-adityanath-government-invites-the-worlds-best-universities-for-kumbh-research (accessed July 20, 2020).",,AIFP_N298_u2_swarajyamag-com_with-preparations-in-full-swing-yogi-adityanath,,https://swarajyamag.com/insta/with-preparations-in-full-swing-yogi-adityanath-government-invites-the-worlds-best-universities-for-kumbh-research,,,Downloaded,,AIFP_N298_u2_swarajyamag-com_with-preparations-in-full-swing-yogi-adityanath.pdf,,,,Another web address printed in endnote 298 (the first one is on the row above) | Page saved as PDF (cover page + copy) from live page on 2026-10-07
AIFP_N299,Note,8,Chapter 8: Digital Colonization,299,URL,"I have been following the recent developments on data protection regulations in India. Though these are important initial steps they are insufficient because of the overriding deficiencies this book points out. Some examples of recent data protection initiatives by India are given in the following articles: https://www.ndtv.com/india-news/amazon-google-face-tough-government-e-commerce-rules-report-2257678 (accessed July 20, 2020); http://www.cnbctv18.com/startup/draft-e-commerce-policy-oyos-esops-and-other-top-startup-stories-of-the-day-6272771.htm (accessed July 20, 2020); http://www.cnbctv18.com/technology/data-of-one-country-should-not-become-surreptitious-property-of-another-country-prasad-6298761.htm (accessed July 20, 2020).",,AIFP_N299_ndtv-com_amazon-google-face-tough-government-e-commerce,,https://www.ndtv.com/india-news/amazon-google-face-tough-government-e-commerce-rules-report-2257678,,,Downloaded,,AIFP_N299_ndtv-com_amazon-google-face-tough-government-e-commerce.pdf,,,,"Checked by hand: this endnote does not cite a bibliography entry (the author's own comment, or a web page only named here) | download failed - live page: web server answered HTTP 403 | Page saved as PDF (cover page + copy) from live page on 2026-10-07"
AIFP_N299_u2,Note (extra address),8,Chapter 8: Digital Colonization,299,URL,"I have been following the recent developments on data protection regulations in India. Though these are important initial steps they are insufficient because of the overriding deficiencies this book points out. Some examples of recent data protection initiatives by India are given in the following articles: https://www.ndtv.com/india-news/amazon-google-face-tough-government-e-commerce-rules-report-2257678 (accessed July 20, 2020); http://www.cnbctv18.com/startup/draft-e-commerce-policy-oyos-esops-and-other-top-startup-stories-of-the-day-6272771.htm (accessed July 20, 2020); http://www.cnbctv18.com/technology/data-of-one-country-should-not-become-surreptitious-property-of-another-country-prasad-6298761.htm (accessed July 20, 2020).",,AIFP_N299_u2_cnbctv18-com_draft-e-commerce-policy-oyos-esops-and,,http://www.cnbctv18.com/startup/draft-e-commerce-policy-oyos-esops-and-other-top-startup-stories-of-the-day-6272771.htm,,,Downloaded,,AIFP_N299_u2_cnbctv18-com_draft-e-commerce-policy-oyos-esops-and.pdf,,,,Another web address printed in endnote 299 (the first one is on the row above) | Page saved as PDF (cover page + copy) from live page on 2026-10-07
AIFP_N299_u3,Note (extra address),8,Chapter 8: Digital Colonization,299,URL,"I have been following the recent developments on data protection regulations in India. Though these are important initial steps they are insufficient because of the overriding deficiencies this book points out. Some examples of recent data protection initiatives by India are given in the following articles: https://www.ndtv.com/india-news/amazon-google-face-tough-government-e-commerce-rules-report-2257678 (accessed July 20, 2020); http://www.cnbctv18.com/startup/draft-e-commerce-policy-oyos-esops-and-other-top-startup-stories-of-the-day-6272771.htm (accessed July 20, 2020); http://www.cnbctv18.com/technology/data-of-one-country-should-not-become-surreptitious-property-of-another-country-prasad-6298761.htm (accessed July 20, 2020).",,AIFP_N299_u3_cnbctv18-com_data-of-one-country-should-not-become,,http://www.cnbctv18.com/technology/data-of-one-country-should-not-become-surreptitious-property-of-another-country-prasad-6298761.htm,,,Downloaded,,AIFP_N299_u3_cnbctv18-com_data-of-one-country-should-not-become.pdf,,,,Another web address printed in endnote 299 (the first one is on the row above) | Page saved as PDF (cover page + copy) from live page on 2026-10-07
AIFP_N300,Note,8,Chapter 8: Digital Colonization,300,URL,"See:     https://www.wired.com/story/cambridge-analytica-suspends-alexander-nix-amid-scandals/ (accessed July 20, 2020).",,AIFP_N300_wired-com_cambridge-analytica-suspends-alexander-nix-amid-scandals,,https://www.wired.com/story/cambridge-analytica-suspends-alexander-nix-amid-scandals/,http://web.archive.org/web/20260602184834/https://www.wired.com/story/cambridge-analytica-suspends-alexander-nix-amid-scandals/,Snapshot found,Downloaded,,AIFP_N300_wired-com_cambridge-analytica-suspends-alexander-nix-amid-scandals.pdf,,,,Web page named in the endnote only (it is not in the bibliography) | Page saved as PDF (cover page + copy) from live page on 2026-10-07
AIFP_N301,Note,8,Chapter 8: Digital Colonization,301,URL,"See: https://qz.com/1239561/cambridge-analyticas-parent-firm-proposed-a-massive-political-machine-for-indias-2014-elections/ (accessed July 20, 2020) and https://www.livemint.com/Politics/CHlxMZEbw24tzCoirSGdGJ/Cambrige-Analytica-whistleblower-Christopher-Wylie-tweets-de.html              (accessed July 20, 2020). These reports were denied by some persons in Indian politics. See also: https://qz.com/1239762/cambridge-analytica-scandal-all-the-countries-where-scl-elections-claims-to-have-worked/ (accessed July 20, 2020).",,AIFP_N301_qz-com_cambridge-analyticas-parent-firm-proposed-a-massive,,https://qz.com/1239561/cambridge-analyticas-parent-firm-proposed-a-massive-political-machine-for-indias-2014-elections/,http://web.archive.org/web/20251001214012/https://qz.com/1239561/cambridge-analyticas-parent-firm-proposed-a-massive-political-machine-for-indias-2014-elections,Snapshot found,Downloaded,,AIFP_N301_qz-com_cambridge-analyticas-parent-firm-proposed-a-massive.pdf,,,,Web page named in the endnote only (it is not in the bibliography) | Page saved as PDF (cover page + copy) from live page on 2026-10-07
AIFP_N301_u2,Note (extra address),8,Chapter 8: Digital Colonization,301,URL,"See: https://qz.com/1239561/cambridge-analyticas-parent-firm-proposed-a-massive-political-machine-for-indias-2014-elections/ (accessed July 20, 2020) and https://www.livemint.com/Politics/CHlxMZEbw24tzCoirSGdGJ/Cambrige-Analytica-whistleblower-Christopher-Wylie-tweets-de.html              (accessed July 20, 2020). These reports were denied by some persons in Indian politics. See also: https://qz.com/1239762/cambridge-analytica-scandal-all-the-countries-where-scl-elections-claims-to-have-worked/ (accessed July 20, 2020).",,AIFP_N301_u2_livemint-com_Cambrige-Analytica-whistleblower-Christopher-Wylie-tweets-de,,https://www.livemint.com/Politics/CHlxMZEbw24tzCoirSGdGJ/Cambrige-Analytica-whistleblower-Christopher-Wylie-tweets-de.html,,,Downloaded,,AIFP_N301_u2_livemint-com_Cambrige-Analytica-whistleblower-Christopher-Wylie-tweets-de.pdf,,,,Another web address printed in endnote 301 (the first one is on the row above) | Page saved as PDF (cover page + copy) from live page on 2026-10-07
AIFP_N301_u3,Note (extra address),8,Chapter 8: Digital Colonization,301,URL,"See: https://qz.com/1239561/cambridge-analyticas-parent-firm-proposed-a-massive-political-machine-for-indias-2014-elections/ (accessed July 20, 2020) and https://www.livemint.com/Politics/CHlxMZEbw24tzCoirSGdGJ/Cambrige-Analytica-whistleblower-Christopher-Wylie-tweets-de.html              (accessed July 20, 2020). These reports were denied by some persons in Indian politics. See also: https://qz.com/1239762/cambridge-analytica-scandal-all-the-countries-where-scl-elections-claims-to-have-worked/ (accessed July 20, 2020).",,AIFP_N301_u3_qz-com_cambridge-analytica-scandal-all-the-countries-where,,https://qz.com/1239762/cambridge-analytica-scandal-all-the-countries-where-scl-elections-claims-to-have-worked/,,,Downloaded,,AIFP_N301_u3_qz-com_cambridge-analytica-scandal-all-the-countries-where.pdf,,,,Another web address printed in endnote 301 (the first one is on the row above) | download failed - live page: web server answered HTTP 403 | Page saved as PDF (cover page + copy) from live page on 2026-10-07
AIFP_N302,Note,8,Chapter 8: Digital Colonization,302,URL,"Pham, “Facebook is Spending $5.7 Billion to Capitalize on India’s Internet Boom”.",AIFP_B048,AIFP_N302_Pham_Facebook-is-Spending-5,"Pham, Sherisse. “Facebook is Spending $5.7 Billion to Capitalize on India’s Internet Boom”. Business, CNN, updated April 24, 2020. https://www.cnn.com/2020/04/22/tech/facebook-india-reliance-jio/index.html",https://www.cnn.com/2020/04/22/tech/facebook-india-reliance-jio/index.html,http://web.archive.org/web/20260126043825/https://www.cnn.com/2020/04/22/tech/facebook-india-reliance-jio/index.html,Snapshot found,On OneDrive,,AIFP_B048_Pham_Facebook-is-Spending-5_cnn-com.pdf,https://1drv.ms/b/c/ACD215A5F926CFCE/IQBFEZjKnDLTRb3ucXdTN_fpAe2W83cWIEK5qaWbziCXP_A,,,[match: author only (unique)] | Page saved as PDF (cover page + copy) from live page on 2026-10-07
AIFP_N303,Note,8,Chapter 8: Digital Colonization,303,URL,"See: http://www.cnbctv18.com/retail/jiomart-whatsapp-kirana-launch-how-to-place-order-thane-kalyan-5779521.htm (accessed July 20, 2020).",,AIFP_N303_cnbctv18-com_jiomart-whatsapp-kirana-launch-how-to-place,,http://www.cnbctv18.com/retail/jiomart-whatsapp-kirana-launch-how-to-place-order-thane-kalyan-5779521.htm,http://web.archive.org/web/20260808094707/https://www.cnbctv18.com/retail/jiomart-whatsapp-kirana-launch-how-to-place-order-thane-kalyan-5779521.htm,Snapshot found,Downloaded,,AIFP_N303_cnbctv18-com_jiomart-whatsapp-kirana-launch-how-to-place.pdf,,,,Web page named in the endnote only (it is not in the bibliography) | Page saved as PDF (cover page + copy) from live page on 2026-10-07
AIFP_N304,Note,8,Chapter 8: Digital Colonization,304,URL,"See: https://www.thestreet.com/investing/facebook-investment-jio-platforms-ambani-india (accessed July 20, 2020).",,AIFP_N304_thestreet-com_facebook-investment-jio-platforms-ambani-india,,https://www.thestreet.com/investing/facebook-investment-jio-platforms-ambani-india,http://web.archive.org/web/20221205221223/https://www.thestreet.com/investing/facebook-investment-jio-platforms-ambani-india,Snapshot found,Downloaded,,AIFP_N304_thestreet-com_facebook-investment-jio-platforms-ambani-india.pdf,,,,Web page named in the endnote only (it is not in the bibliography) | Page saved as PDF (cover page + copy) from Wayback snapshot on 2026-10-07
AIFP_N305,Note,8,Chapter 8: Digital Colonization,305,URL,"The well-known firm Bernstein Research explains the strategic benefit: “The transaction fits with their recent push to build themselves and experiment … a WeChat like app”. Pham, “Facebook is Spending $5.7 Billion to Capitalize on India’s Internet Boom”.",AIFP_B048,AIFP_N305_Pham_Facebook-is-Spending-5,"Pham, Sherisse. “Facebook is Spending $5.7 Billion to Capitalize on India’s Internet Boom”. Business, CNN, updated April 24, 2020. https://www.cnn.com/2020/04/22/tech/facebook-india-reliance-jio/index.html",https://www.cnn.com/2020/04/22/tech/facebook-india-reliance-jio/index.html,http://web.archive.org/web/20260126043825/https://www.cnn.com/2020/04/22/tech/facebook-india-reliance-jio/index.html,Snapshot found,On OneDrive,,AIFP_B048_Pham_Facebook-is-Spending-5_cnn-com.pdf,https://1drv.ms/b/c/ACD215A5F926CFCE/IQBFEZjKnDLTRb3ucXdTN_fpAe2W83cWIEK5qaWbziCXP_A,,,[match: author+title] | Page saved as PDF (cover page + copy) from live page on 2026-10-07
AIFP_N306,Note,8,Chapter 8: Digital Colonization,306,URL,"Bloomberg reports: “Facebook may benefit from a well-connected ally in the country, where its Whatsapp is trying to launch a payments service but has run afoul of regulators over fake news and privacy concerns. … Zuckerberg has long aimed to roll out a digital currency as well as tools that let users make payments and buy and sell products over the social network’s messaging services in India. … While India will be a testing ground for WhatsApp payment services—currently in pilot— Zuckerberg is also separately looking at the market for his crypto-currency project called Libra. Zuckerberg has said that payments and commerce are a priority, representing a major business opportunity for the company moving forward”. See: https://www.bloomberg.com/news/articles/2020-04-22/facebook-to-plow-5-7-billion-in-ambani-s-jio-wireless-platforms (accessed July 20, 2020).",,AIFP_N306_bloomberg-com_facebook-to-plow-5-7-billion-in,,https://www.bloomberg.com/news/articles/2020-04-22/facebook-to-plow-5-7-billion-in-ambani-s-jio-wireless-platforms,,,Downloaded,,AIFP_N306_bloomberg-com_facebook-to-plow-5-7-billion-in.pdf,,,,"Checked by hand: this endnote does not cite a bibliography entry (the author's own comment, or a web page only named here) | Saved by hand from live page on 2026-10-07"
AIFP_N307,Note,8,Chapter 8: Digital Colonization,307,URL,"Pham, “Facebook is Spending $5.7 Billion to Capitalize on India’s Internet Boom”.",AIFP_B048,AIFP_N307_Pham_Facebook-is-Spending-5,"Pham, Sherisse. “Facebook is Spending $5.7 Billion to Capitalize on India’s Internet Boom”. Business, CNN, updated April 24, 2020. https://www.cnn.com/2020/04/22/tech/facebook-india-reliance-jio/index.html",https://www.cnn.com/2020/04/22/tech/facebook-india-reliance-jio/index.html,http://web.archive.org/web/20260126043825/https://www.cnn.com/2020/04/22/tech/facebook-india-reliance-jio/index.html,Snapshot found,On OneDrive,,AIFP_B048_Pham_Facebook-is-Spending-5_cnn-com.pdf,https://1drv.ms/b/c/ACD215A5F926CFCE/IQBFEZjKnDLTRb3ucXdTN_fpAe2W83cWIEK5qaWbziCXP_A,,,[match: author only (unique)] | Page saved as PDF (cover page + copy) from live page on 2026-10-07
AIFP_N308,Note,8,Chapter 8: Digital Colonization,308,URL,"See: https://www.ndtv.com/india-news/facebook-buys-9-99-per-cent-in-reliance-jio-facebook-teams-up-with-mukesh-ambanis-jio-mark-zuckerber-2215960 (accessed July 20, 2020).",,AIFP_N308_ndtv-com_facebook-buys-9-99-per-cent-in,,https://www.ndtv.com/india-news/facebook-buys-9-99-per-cent-in-reliance-jio-facebook-teams-up-with-mukesh-ambanis-jio-mark-zuckerber-2215960,,NO snapshot - capture at web.archive.org/save,Downloaded,,AIFP_N308_ndtv-com_facebook-buys-9-99-per-cent-in.pdf,,,,Web page named in the endnote only (it is not in the bibliography) | Saved by hand from live page on 2026-10-07
AIFP_N309,Note,8,Chapter 8: Digital Colonization,309,URL,See: https://www.deccanherald.com/business/facebook-to-invest-rs-43574-crore-in-reliance-jio-for-99-stake-828352.html.,,AIFP_N309_deccanherald-com_facebook-to-invest-rs-43574-crore-in,,https://www.deccanherald.com/business/facebook-to-invest-rs-43574-crore-in-reliance-jio-for-99-stake-828352.html,,NO snapshot - capture at web.archive.org/save,Downloaded,,AIFP_N309_deccanherald-com_facebook-to-invest-rs-43574-crore-in.pdf,,,,Web page named in the endnote only (it is not in the bibliography)
AIFP_N310,Note,8,Chapter 8: Digital Colonization,310,URL,"See: https://www.ndtv.com/india-news/reliance-jio-facebook-deal-bravo-mukesh-anand-mahindra-on-how-facebook-jio-deal-could-help-india-2216236 (accessed July 20, 2020). The self-congratulatory tone continues in Indian media across the political spectrum. In the following article, this deal is seen as a boost to India’s economy: https://www.ndtv.com/india-news/how-a-whatsapp-hi-could-end-up-transforming-a-1-trillion-industry-2220859 (accessed July 20, 2020).",,AIFP_N310_ndtv-com_reliance-jio-facebook-deal-bravo-mukesh-anand,,https://www.ndtv.com/india-news/reliance-jio-facebook-deal-bravo-mukesh-anand-mahindra-on-how-facebook-jio-deal-could-help-india-2216236,http://web.archive.org/web/20220430154203/https://www.ndtv.com/india-news/reliance-jio-facebook-deal-bravo-mukesh-anand-mahindra-on-how-facebook-jio-deal-could-help-india-2216236,Snapshot found,Downloaded,,AIFP_N310_ndtv-com_reliance-jio-facebook-deal-bravo-mukesh-anand.pdf,,,,Web page named in the endnote only (it is not in the bibliography) | Page saved as PDF (cover page + copy) from Wayback snapshot on 2026-10-07
AIFP_N310_u2,Note (extra address),8,Chapter 8: Digital Colonization,310,URL,"See: https://www.ndtv.com/india-news/reliance-jio-facebook-deal-bravo-mukesh-anand-mahindra-on-how-facebook-jio-deal-could-help-india-2216236 (accessed July 20, 2020). The self-congratulatory tone continues in Indian media across the political spectrum. In the following article, this deal is seen as a boost to India’s economy: https://www.ndtv.com/india-news/how-a-whatsapp-hi-could-end-up-transforming-a-1-trillion-industry-2220859 (accessed July 20, 2020).",,AIFP_N310_u2_ndtv-com_how-a-whatsapp-hi-could-end-up,,https://www.ndtv.com/india-news/how-a-whatsapp-hi-could-end-up-transforming-a-1-trillion-industry-2220859,,,Downloaded,,AIFP_N310_u2_ndtv-com_how-a-whatsapp-hi-could-end-up.pdf,,,,Another web address printed in endnote 310 (the first one is on the row above) | download failed - live page: web server answered HTTP 403 | Page saved as PDF (cover page + copy) from live page on 2026-10-07
AIFP_N311,Note,8,Chapter 8: Digital Colonization,311,URL,"Swamy, “Four Reasons Why Reliance Jio-Facebook Deal is Commercially Sensible and Good for India”.",AIFP_B075,AIFP_N311_Swamy_Subramanian-Swamy-writes-Four-Reasons-Why-Reliance,"Swamy, Subramanian. “Subramanian Swamy writes: Four Reasons Why Reliance Jio-Facebook Deal is Commercially Sensible and Good for India”. MoneyControl, April 29, 2020, https://www.moneycontrol.com/news/trends/expert-columns-2/subramanian-swamy-writes-four-reasons-why-reliance-jio-facebook-deal-is-commercially-sensible-and-good-for-india-5198301.html",https://www.moneycontrol.com/news/trends/expert-columns-2/subramanian-swamy-writes-four-reasons-why-reliance-jio-facebook-deal-is-commercially-sensible-and-good-for-india-5198301.html,,NO snapshot - capture at web.archive.org/save,On OneDrive,,AIFP_B075_Swamy_Subramanian-Swamy-writes-Four-Reasons-Why-Reliance_moneycontrol-com.pdf,https://1drv.ms/b/c/ACD215A5F926CFCE/IQCV786soMNVSpBh4mKQ6FkrAYHjUbe-ouQnNC9j5028MIQ,,,[match: author+title] | Saved by hand from live page on 2026-10-07
AIFP_N312,Note,8,Chapter 8: Digital Colonization,312,URL,"Swamy, “Four Reasons Why Reliance Jio-Facebook Deal is Commercially Sensible and Good for India”.",AIFP_B075,AIFP_N312_Swamy_Subramanian-Swamy-writes-Four-Reasons-Why-Reliance,"Swamy, Subramanian. “Subramanian Swamy writes: Four Reasons Why Reliance Jio-Facebook Deal is Commercially Sensible and Good for India”. MoneyControl, April 29, 2020, https://www.moneycontrol.com/news/trends/expert-columns-2/subramanian-swamy-writes-four-reasons-why-reliance-jio-facebook-deal-is-commercially-sensible-and-good-for-india-5198301.html",https://www.moneycontrol.com/news/trends/expert-columns-2/subramanian-swamy-writes-four-reasons-why-reliance-jio-facebook-deal-is-commercially-sensible-and-good-for-india-5198301.html,,NO snapshot - capture at web.archive.org/save,On OneDrive,,AIFP_B075_Swamy_Subramanian-Swamy-writes-Four-Reasons-Why-Reliance_moneycontrol-com.pdf,https://1drv.ms/b/c/ACD215A5F926CFCE/IQCV786soMNVSpBh4mKQ6FkrAYHjUbe-ouQnNC9j5028MIQ,,,[match: author+title] | Saved by hand from live page on 2026-10-07
AIFP_N313,Note,8,Chapter 8: Digital Colonization,313,URL,"See: https://www.cnbctv18.com/telecom/jios-sixth-deal-in-six-weeks-underscores-digital-india-opportunity-6076351.htm (accessed July 20, 2020).",,AIFP_N313_cnbctv18-com_jios-sixth-deal-in-six-weeks-underscores,,https://www.cnbctv18.com/telecom/jios-sixth-deal-in-six-weeks-underscores-digital-india-opportunity-6076351.htm,http://web.archive.org/web/20211220015132/https://www.cnbctv18.com/telecom/jios-sixth-deal-in-six-weeks-underscores-digital-india-opportunity-6076351.htm,Snapshot found,Downloaded,,AIFP_N313_cnbctv18-com_jios-sixth-deal-in-six-weeks-underscores.pdf,,,,Web page named in the endnote only (it is not in the bibliography) | Page saved as PDF (cover page + copy) from live page on 2026-10-07
AIFP_N314,Note,8,Chapter 8: Digital Colonization,314,URL,"See: http://www.cnbctv18.com/business/after-jio-partnership-in-india-facebook-wants-to-expand-whatsapp-commerce-globally-6503951.htm (accessed July 31, 2020). This is a rapidly developing situation. Subsequently, there have been more favorable developments reported in the following articles: https://www.businesstoday.in/current/corporate/facebook-ril-deal-cci-raises-concerns-over-data-sharing-pact-fb-assures-limited/story/418090.html https://www.bloombergquint.com/law-and-policy/data-sharing-not-the-purpose-of-deal-reliance-jio-facebook-tell-cci “The regulator said deals between entities having access to user data must be examined in light of incentives they may have for pooling their databanks and monetising it. This transaction will give the Facebook Group and Reliance Jio restricted access to each other’s data, the CCI pointed out. Jaadhu Holdings clarified to the regulator that data will be provided only for the purpose of facilitating e- commerce transactions on JioMart. Its use will be limited and proportionate. And any confidential information received from the other party will not be used for their own business purposes. The CCI accepted their submission that data-sharing is not the purpose of the deal. But it also said that any anti-competitive conduct resulting from any data sharing in the future will be open to scrutiny”.",,AIFP_N314_cnbctv18-com_after-jio-partnership-in-india-facebook-wants,,http://www.cnbctv18.com/business/after-jio-partnership-in-india-facebook-wants-to-expand-whatsapp-commerce-globally-6503951.htm,http://web.archive.org/web/20220127164745/https://www.cnbctv18.com/business/after-jio-partnership-in-india-facebook-wants-to-expand-whatsapp-commerce-globally-6503951.htm,Snapshot found,Downloaded,,AIFP_N314_cnbctv18-com_after-jio-partnership-in-india-facebook-wants.pdf,,,,Web page named in the endnote only (it is not in the bibliography) | Page saved as PDF (cover page + copy) from live page on 2026-10-07
AIFP_N314_u2,Note (extra address),8,Chapter 8: Digital Colonization,314,URL,"See: http://www.cnbctv18.com/business/after-jio-partnership-in-india-facebook-wants-to-expand-whatsapp-commerce-globally-6503951.htm (accessed July 31, 2020). This is a rapidly developing situation. Subsequently, there have been more favorable developments reported in the following articles: https://www.businesstoday.in/current/corporate/facebook-ril-deal-cci-raises-concerns-over-data-sharing-pact-fb-assures-limited/story/418090.html https://www.bloombergquint.com/law-and-policy/data-sharing-not-the-purpose-of-deal-reliance-jio-facebook-tell-cci “The regulator said deals between entities having access to user data must be examined in light of incentives they may have for pooling their databanks and monetising it. This transaction will give the Facebook Group and Reliance Jio restricted access to each other’s data, the CCI pointed out. Jaadhu Holdings clarified to the regulator that data will be provided only for the purpose of facilitating e- commerce transactions on JioMart. Its use will be limited and proportionate. And any confidential information received from the other party will not be used for their own business purposes. The CCI accepted their submission that data-sharing is not the purpose of the deal. But it also said that any anti-competitive conduct resulting from any data sharing in the future will be open to scrutiny”.",,AIFP_N314_u2_businesstoday-in_418090,,https://www.businesstoday.in/current/corporate/facebook-ril-deal-cci-raises-concerns-over-data-sharing-pact-fb-assures-limited/story/418090.html,,,Downloaded,,AIFP_N314_u2_businesstoday-in_418090.pdf,,,,Another web address printed in endnote 314 (the first one is on the row above) | Page saved as PDF (cover page + copy) from live page on 2026-10-07
AIFP_N314_u3,Note (extra address),8,Chapter 8: Digital Colonization,314,URL,"See: http://www.cnbctv18.com/business/after-jio-partnership-in-india-facebook-wants-to-expand-whatsapp-commerce-globally-6503951.htm (accessed July 31, 2020). This is a rapidly developing situation. Subsequently, there have been more favorable developments reported in the following articles: https://www.businesstoday.in/current/corporate/facebook-ril-deal-cci-raises-concerns-over-data-sharing-pact-fb-assures-limited/story/418090.html https://www.bloombergquint.com/law-and-policy/data-sharing-not-the-purpose-of-deal-reliance-jio-facebook-tell-cci “The regulator said deals between entities having access to user data must be examined in light of incentives they may have for pooling their databanks and monetising it. This transaction will give the Facebook Group and Reliance Jio restricted access to each other’s data, the CCI pointed out. Jaadhu Holdings clarified to the regulator that data will be provided only for the purpose of facilitating e- commerce transactions on JioMart. Its use will be limited and proportionate. And any confidential information received from the other party will not be used for their own business purposes. The CCI accepted their submission that data-sharing is not the purpose of the deal. But it also said that any anti-competitive conduct resulting from any data sharing in the future will be open to scrutiny”.",,AIFP_N314_u3_bloombergquint-com_data-sharing-not-the-purpose-of-deal,,https://www.bloombergquint.com/law-and-policy/data-sharing-not-the-purpose-of-deal-reliance-jio-facebook-tell-cci,,,To do,,,,,,Another web address printed in endnote 314 (the first one is on the row above) | download failed - live page: Page.goto: net::ERR_NAME_NOT_RESOLVED at https://www.bloombergquint.co | download failed - live page: Page.goto: net::ERR_NAME_NOT_RESOLVED at https://www.bloombergquint.co | download failed - live page: Page.goto: net::ERR_NAME_NOT_RESOLVED at https://www.bloombergquint.co
AIFP_N315,Note,8,Chapter 8: Digital Colonization,315,URL,"Horwitz and Seetharaman, “Facebook Executives Shut Down Efforts to Make the Site Less Divisive”.",AIFP_B024,AIFP_N315_Horwitz_Facebook-Executives-Shut-Down-Efforts-to-Make,"Horwitz, Jeff and Deepa Seetharaman. “Facebook Executives Shut Down Efforts to Make the Site Less Divisive”. Wall Street Journal, May 26, 2020. https://www.wsj.com/articles/facebook-knows-it-encourages-division-top-executives-nixed-solutions-11590507499",https://www.wsj.com/articles/facebook-knows-it-encourages-division-top-executives-nixed-solutions-11590507499,,NO snapshot - capture at web.archive.org/save,To do,,,,,,[match: author only (unique)] | download failed: RuntimeError: web server answered HTTP 401 | download failed - live page: web server answered HTTP 401 | download failed - live page: web server answered HTTP 401 | download failed - live page: web server answered HTTP 401 | download failed - live page: web server answered HTTP 401 | download failed - live page: web server answered HTTP 401 | download failed - live page: web server answered HTTP 401 | download failed - live page: web server answered HTTP 401
AIFP_N316,Note,8,Chapter 8: Digital Colonization,316,URL,"Horwitz and Seetharaman, “Facebook Executives Shut Down Efforts to Make the Site Less Divisive”.",AIFP_B024,AIFP_N316_Horwitz_Facebook-Executives-Shut-Down-Efforts-to-Make,"Horwitz, Jeff and Deepa Seetharaman. “Facebook Executives Shut Down Efforts to Make the Site Less Divisive”. Wall Street Journal, May 26, 2020. https://www.wsj.com/articles/facebook-knows-it-encourages-division-top-executives-nixed-solutions-11590507499",https://www.wsj.com/articles/facebook-knows-it-encourages-division-top-executives-nixed-solutions-11590507499,,NO snapshot - capture at web.archive.org/save,To do,,,,,,[match: author only (unique)] | download failed: RuntimeError: web server answered HTTP 401 | download failed - live page: web server answered HTTP 401 | download failed - live page: web server answered HTTP 401 | download failed - live page: web server answered HTTP 401 | download failed - live page: web server answered HTTP 401 | download failed - live page: web server answered HTTP 401 | download failed - live page: web server answered HTTP 401 | download failed - live page: web server answered HTTP 401
AIFP_N317,Note,8,Chapter 8: Digital Colonization,317,URL,"For example, see: https://www.buzzfeednews.com/article/ryanmac/facebook-employee-leaks-show-they-feel-betrayed (accessed July 31, 2020).",,AIFP_N317_buzzfeednews-com_facebook-employee-leaks-show-they-feel-betrayed,,https://www.buzzfeednews.com/article/ryanmac/facebook-employee-leaks-show-they-feel-betrayed,http://web.archive.org/web/20260921091511/https://www.buzzfeednews.com/article/ryanmac/facebook-employee-leaks-show-they-feel-betrayed,Snapshot found,Downloaded,,AIFP_N317_buzzfeednews-com_facebook-employee-leaks-show-they-feel-betrayed.pdf,,,,Web page named in the endnote only (it is not in the bibliography) | Page saved as PDF (cover page + copy) from live page on 2026-10-07
AIFP_N318,Note,8,Chapter 8: Digital Colonization,318,URL,"See: https://in.reuters.com/article/amazon-india-bharti-idINKBN23B1FH (accessed July 20, 2020).",,AIFP_N318_in-reuters-com_amazon-india-bharti-idINKBN23B1FH,,https://in.reuters.com/article/amazon-india-bharti-idINKBN23B1FH,http://web.archive.org/web/20200628211210/https://in.reuters.com/article/amazon-india-bharti-idINKBN23B1FH,Snapshot found,Downloaded,,AIFP_N318_in-reuters-com_amazon-india-bharti-idINKBN23B1FH.pdf,,,,Web page named in the endnote only (it is not in the bibliography) | Page saved as PDF (cover page + copy) from Wayback snapshot on 2026-10-07
AIFP_N319,Note,8,Chapter 8: Digital Colonization,319,URL,"In the following CNN report, there is great deal of excitement that Jio could become a massive tech company in all sorts of sectors across India. Facebook’s intrusion is celebrated, but readers should note the complete silence on the core issue I raise: the heist in which Jio serves as the vehicle for control of India’s big data. See: https://www.cnn.com/videos/business/2020/05/29/mukesh-ambani-jio-platforms-orig.cnn-business/video/playlists/atv-trending-videos/ (accessed July 20, 2020).",,AIFP_N319_cnn-com_atv-trending-videos,,https://www.cnn.com/videos/business/2020/05/29/mukesh-ambani-jio-platforms-orig.cnn-business/video/playlists/atv-trending-videos/,,,Downloaded,,AIFP_N319_cnn-com_atv-trending-videos.pdf,,,,"Checked by hand: this endnote does not cite a bibliography entry (the author's own comment, or a web page only named here) | Page saved as PDF (cover page + copy) from live page on 2026-10-07"
AIFP_N320,Note,8,Chapter 8: Digital Colonization,320,URL,"See: http://www.cnbctv18.com/business/what-googles-rs-75000-crore-india-investment-means-6318891.htm (accessed July 20, 2020). And: http://www.cnbctv18.com/technology/google-india-digitization-fund-sundar-pichai-6317041.htm (accessed July 20, 2020).",,AIFP_N320_cnbctv18-com_what-googles-rs-75000-crore-india-investment,,http://www.cnbctv18.com/business/what-googles-rs-75000-crore-india-investment-means-6318891.htm,http://web.archive.org/web/20261001121622/https://www.cnbctv18.com/business/what-googles-rs-75000-crore-india-investment-means-6318891.htm,Snapshot found,Downloaded,,AIFP_N320_cnbctv18-com_what-googles-rs-75000-crore-india-investment.pdf,,,,Web page named in the endnote only (it is not in the bibliography)
AIFP_N320_u2,Note (extra address),8,Chapter 8: Digital Colonization,320,URL,"See: http://www.cnbctv18.com/business/what-googles-rs-75000-crore-india-investment-means-6318891.htm (accessed July 20, 2020). And: http://www.cnbctv18.com/technology/google-india-digitization-fund-sundar-pichai-6317041.htm (accessed July 20, 2020).",,AIFP_N320_u2_cnbctv18-com_google-india-digitization-fund-sundar-pichai-6317041,,http://www.cnbctv18.com/technology/google-india-digitization-fund-sundar-pichai-6317041.htm,,,Downloaded,,AIFP_N320_u2_cnbctv18-com_google-india-digitization-fund-sundar-pichai-6317041.pdf,,,,Another web address printed in endnote 320 (the first one is on the row above) | Page saved as PDF (cover page + copy) from live page on 2026-10-07
AIFP_N321,Note,8,Chapter 8: Digital Colonization,321,Book/Print,"Edwards, I’m Feeling Lucky, 291.",AIFP_B012,AIFP_N321_Edwards_I-m-Feeling-Lucky,"Edwards, Douglas. I’m Feeling Lucky. Boston: Houghton Mifflin Harcourt, 2011.",,,,To do,,,,,https://www.google.com/search?tbm=bks&q=I%20m%20Feeling%20Lucky%20Boston%20Houghton%20Mifflin%20Harcourt%202011%20Edwards,[match: author only (unique)]
AIFP_N322,Note,8,Chapter 8: Digital Colonization,322,URL,"See: http://www.cnbctv18.com/business/ril-agm-jio-to-make-cheap-5g-phones-built-on-made-for-india-android-os-6334131.htm (accessed July 31, 2020).",,AIFP_N322_cnbctv18-com_ril-agm-jio-to-make-cheap-5g,,http://www.cnbctv18.com/business/ril-agm-jio-to-make-cheap-5g-phones-built-on-made-for-india-android-os-6334131.htm,http://web.archive.org/web/20220812173042/https://www.cnbctv18.com/business/ril-agm-jio-to-make-cheap-5g-phones-built-on-made-for-india-android-os-6334131.htm,Snapshot found,Downloaded,,AIFP_N322_cnbctv18-com_ril-agm-jio-to-make-cheap-5g.pdf,,,,Web page named in the endnote only (it is not in the bibliography) | Page saved as PDF (cover page + copy) from live page on 2026-10-07
AIFP_N323,Note,8,Chapter 8: Digital Colonization,323,URL,"See: https://www.ndtv.com/world-news/why-does-google-steal-content-from-honest-businesses-us-congressman-2271102 and: https://www.foxnews.com/politics/rep-ken-buck-big-tech-google-china-violations (accessed July 31, 2020).",,AIFP_N323_ndtv-com_why-does-google-steal-content-from-honest,,https://www.ndtv.com/world-news/why-does-google-steal-content-from-honest-businesses-us-congressman-2271102,http://web.archive.org/web/20250724120250/https://www.ndtv.com/world-news/why-does-google-steal-content-from-honest-businesses-us-congressman-2271102,Snapshot found,Downloaded,,AIFP_N323_ndtv-com_why-does-google-steal-content-from-honest.pdf,,,,Web page named in the endnote only (it is not in the bibliography) | Page saved as PDF (cover page + copy) from Wayback snapshot on 2026-10-07
AIFP_N323_u2,Note (extra address),8,Chapter 8: Digital Colonization,323,URL,"See: https://www.ndtv.com/world-news/why-does-google-steal-content-from-honest-businesses-us-congressman-2271102 and: https://www.foxnews.com/politics/rep-ken-buck-big-tech-google-china-violations (accessed July 31, 2020).",,AIFP_N323_u2_foxnews-com_rep-ken-buck-big-tech-google-china,,https://www.foxnews.com/politics/rep-ken-buck-big-tech-google-china-violations,,,Downloaded,,AIFP_N323_u2_foxnews-com_rep-ken-buck-big-tech-google-china.pdf,,,,Another web address printed in endnote 323 (the first one is on the row above) | Page saved as PDF (cover page + copy) from live page on 2026-10-07
AIFP_N324,Note,8,Chapter 8: Digital Colonization,324,URL,"For the EU crackdown, see: https://www-nytimes-com.cdn.ampproject.org/c/s/www.nytimes.com/2020/07/30/technology/europe-new-phase-tech-amazon-apple-facebook-google.amp.html (accessed July 31, 2020). For Australia, see: https://www.accc.gov.au/system/files/Exposure%20Draft%20EM%20-%20NEWS%20MEDIA%20AND%20DIGITAL%20PLATFORMS%20MANDATORY%20BARGAINING%20CODE%20BILL%202020.pdf (accessed July 31, 2020).",,AIFP_N324_www-nytimes-com-cdn-ampproject-org_europe-new-phase-tech-amazon-apple-facebook,,https://www-nytimes-com.cdn.ampproject.org/c/s/www.nytimes.com/2020/07/30/technology/europe-new-phase-tech-amazon-apple-facebook-google.amp.html,http://web.archive.org/web/20220729101212/https://www-nytimes-com.cdn.ampproject.org/c/s/www.nytimes.com/2020/07/30/technology/europe-new-phase-tech-amazon-apple-facebook-google.amp.html,Snapshot found,Downloaded,,AIFP_N324_www-nytimes-com-cdn-ampproject-org_europe-new-phase-tech-amazon-apple-facebook.pdf,,,,Web page named in the endnote only (it is not in the bibliography) | download failed: Error: Page.goto: net::ERR_CONNECTION_REFUSED at http://web.archive.org/web/20220729101 | Page saved as PDF (cover page + copy) from Wayback snapshot on 2026-10-07
AIFP_N324_u2,Note (extra address),8,Chapter 8: Digital Colonization,324,URL,"For the EU crackdown, see: https://www-nytimes-com.cdn.ampproject.org/c/s/www.nytimes.com/2020/07/30/technology/europe-new-phase-tech-amazon-apple-facebook-google.amp.html (accessed July 31, 2020). For Australia, see: https://www.accc.gov.au/system/files/Exposure%20Draft%20EM%20-%20NEWS%20MEDIA%20AND%20DIGITAL%20PLATFORMS%20MANDATORY%20BARGAINING%20CODE%20BILL%202020.pdf (accessed July 31, 2020).",,AIFP_N324_u2_accc-gov-au_Exposure-20Draft-20EM-20-20NEWS-20MEDIA-20AND,,https://www.accc.gov.au/system/files/Exposure%20Draft%20EM%20-%20NEWS%20MEDIA%20AND%20DIGITAL%20PLATFORMS%20MANDATORY%20BARGAINING%20CODE%20BILL%202020.pdf,,,Downloaded,,AIFP_N324_u2_accc-gov-au_Exposure-20Draft-20EM-20-20NEWS-20MEDIA-20AND.pdf,,,,Another web address printed in endnote 324 (the first one is on the row above) | Saved by hand from live page on 2026-10-07
AIFP_N325,Note,9,Chapter 9: Psychological Hijacking,325,Book/Print,"Joglekar, Bhartrihari Niti and Vairagya Shatakas, 21.",AIFP_B028,AIFP_N325_Joglekar_Bhartrihari-Niti-and-Vairagya-Shatakas,"Joglekar, K.M. Bhartrihari Niti and Vairagya Shatakas. Oriental Publishing Company, 1911.",,,,To do,,,,,https://books.google.com/books?id=2ygpAAAAYAAJ,[match: author only (unique)] | Google Books preview: ALL_PAGES (check it is the right edition)
AIFP_N326,Note,9,Chapter 9: Psychological Hijacking,326,Book/Print,"Fraser, Poems of Tukarama, 3:267-68.",AIFP_B016,AIFP_N326_Fraser_Nelson,"Fraser, J. Nelson. Poems of Tukarama Volume 3. The Christian Literature Society for India, 1915.",,,,To do,,,,,https://www.google.com/search?tbm=bks&q=Nelson%20Poems%20of%20Tukarama%20Volume%203%20The%20Christian%20Literature%20Fraser,[match: author only (unique)]
AIFP_N327,Note,9,Chapter 9: Psychological Hijacking,327,Book/Print,"Fraser, Poems of Tukarama, 3:267-68.",AIFP_B016,AIFP_N327_Fraser_Nelson,"Fraser, J. Nelson. Poems of Tukarama Volume 3. The Christian Literature Society for India, 1915.",,,,To do,,,,,https://www.google.com/search?tbm=bks&q=Nelson%20Poems%20of%20Tukarama%20Volume%203%20The%20Christian%20Literature%20Fraser,[match: author only (unique)]
AIFP_N328,Note,9,Chapter 9: Psychological Hijacking,328,Unlinked note,"Those familiar with Sanskrit taxonomy understand the term sthula-sharira to refer to the physical body of individuals. Here I am addressing the sthula-sharira of the collective body of society in terms of the economy, education, human capital, and issues of unemployment.",,AIFP_N328,,,,,To do,,,,,,"No bibliography entry matched: the author's own comment, or a source to identify by hand"
AIFP_N329,Note,9,Chapter 9: Psychological Hijacking,329,Unlinked note,The Sanskrit term sukshma-sharira refers to the psychological and mental body of an individual. My treatment of this level explains the psychological impact of AI both at the level of individuals and the collective.,,AIFP_N329,,,,,To do,,,,,,"No bibliography entry matched: the author's own comment, or a source to identify by hand"
AIFP_N330,Note,9,Chapter 9: Psychological Hijacking,330,Book/Print,"Prasad, A Historical Developmental Study of Classical Indian Philosophy of Morals, 110.",AIFP_B050,AIFP_N330_Prasad_A-Historical-Developmental-Study-of-Classical-Indian,"Prasad, Rajendra. A Historical Developmental Study of Classical Indian Philosophy of Morals. 2009.",,,,To do,,,,,https://books.google.com/books?id=1gtxVmUr1ygC,[match: author only (unique)] | Google Books preview: PARTIAL (check it is the right edition)
AIFP_N331,Note,9,Chapter 9: Psychological Hijacking,331,Book/Print,"Joglekar, Bhartrihari Niti and Vairagya Shatakas, 13.",AIFP_B028,AIFP_N331_Joglekar_Bhartrihari-Niti-and-Vairagya-Shatakas,"Joglekar, K.M. Bhartrihari Niti and Vairagya Shatakas. Oriental Publishing Company, 1911.",,,,To do,,,,,https://books.google.com/books?id=2ygpAAAAYAAJ,[match: author only (unique)] | Google Books preview: ALL_PAGES (check it is the right edition)
AIFP_N332,Note,9,Chapter 9: Psychological Hijacking,332,Book/Print,"Joshi, Dasabodha, 21.",AIFP_B029,AIFP_N332_Joshi_Dasabodha,"Joshi, Shankar Narahari. Dasabodha (Hindi Translation), Pune: Publisher Unknown, 1930.",,,,To do,,,,,https://www.google.com/search?tbm=bks&q=Dasabodha%20Hindi%20Translation%20Pune%20Publisher%20Unknown%201930%20Joshi,[match: author only (unique)]
AIFP_N333,Note,9,Chapter 9: Psychological Hijacking,333,Book/Print,"For e.g. Bhishma says to Yudhishthira, “Even Bhagavan Vishnu, who created the three worlds with the daityas and all the gods, even He is engaged in tapsaya in the ocean.” See: Ganguli, Mahabharata of Krishna-Dwaipayana Vyasa, 13:20",AIFP_B017,AIFP_N333_Ganguli_The-Mahabharata-of-Krishna-Dwaipayana-Vyasa,"Ganguli, Kisari Mohan. The Mahabharata of Krishna-Dwaipayana Vyasa, Calcutta: Bharata Press, 1883.",,,,Downloaded,https://www.gutenberg.org/ebooks/author/2563,AIFP_B017_Ganguli_The-Mahabharata-of-Krishna-Dwaipayana-Vyasa.txt,,,https://books.google.com/books?id=Xt0PEQAAQBAJ,[match: author only (unique)] | Google Books preview: PARTIAL (check it is the right edition) | Carried over from the earlier backup (A17_Ganguli_1883_Mahabharata_Vol1_ProjectGutenberg.txt) | CAUTION: the saved file is Volume 1 only; the book also cites later volumes of this work
AIFP_N334,Note,9,Chapter 9: Psychological Hijacking,334,Book/Print,"Shri Krishna to Arjuna in Bhagavad Gita 2.3, 2.31, 2.32, 2.33, 2.38: Swami Chinmayananda, The Holy Geeta, 58, 107-109, 114.",AIFP_B074,AIFP_N334_Swami-Chinmayananda_The-Holy-Geeta,"Swami Chinmayananda. The Holy Geeta. Mumbai: Central Chinmaya Mission Trust, 2008.",,,,To do,,,,,https://www.google.com/search?tbm=bks&q=The%20Holy%20Geeta%20Mumbai%20Central%20Chinmaya%20Mission%20Trust%202008%20Swami%20Chinmayananda,[match: author only (unique)]
AIFP_N335,Note,9,Chapter 9: Psychological Hijacking,335,Book/Print,"Rishi Markandeya to Yudhishthira in Vana Parva: Roy, The Mahabharata of Krishna-Dwaipayana Vyasa, 3:247.",AIFP_B060,AIFP_N335_Roy_The-Mahabharata-of-Krishna-Dwaipayana-Vyasa,"Roy, Pratap Chandra. The Mahabharata of Krishna-Dwaipayana Vyasa, 12 vols. Calcutta: Oriental Publishing Company Calcutta, 1884-1894.",,,,To do,,,,,https://books.google.com/books?id=_51q0QEACAAJ,[match: author only (unique)] | Google Books preview: NO_PAGES (check it is the right edition)
AIFP_N336,Note,9,Chapter 9: Psychological Hijacking,336,Unlinked note,"My assessment of India’s urban youth and middle class is based on extensive study of India and its people over the past twenty-five years. I have held more than 2,000 live events and encounters discussing my work, interacted with tens of thousands of individuals online, and helped launch and organize a large number of projects and movements. About 75% of my audience are between the ages of eighteen and thirty-five. This data set has helped me reach the conclusions being summarized.",,AIFP_N336,,,,,To do,,,,,,"Checked by hand: this endnote does not cite a bibliography entry (the author's own comment, or a web page only named here)"
AIFP_N337,Note,9,Chapter 9: Psychological Hijacking,337,URL,"Upadhyaya, Integral Humanism, 47.",AIFP_B081,AIFP_N337_Upadhyaya_Integral-Humanism,"Upadhyaya, Deendayal. Integral Humanism. Deendayal Research Institute, 2002. ht tps://www.dri.org.in/integral-humanism-booklet/",http://www.dri.org.in/integral-humanism-booklet/,,check failed: HTTP 429,On OneDrive,,AIFP_B081_Upadhyaya_Integral-Humanism_dri-org-in.pdf,https://1drv.ms/b/c/ACD215A5F926CFCE/IQDtsXMDzDwITrggZIEyNBHsAatMLBrfyJE54eeEdboTprM,,,[match: author only (unique)]
AIFP_N338,Note,9,Chapter 9: Psychological Hijacking,338,URL,"For an overview of my thesis on the five waves of Indology, see: https://www.speakingtree.in/blog/why-swadeshi-indology-is-required-part-2. For a video on the same topic, see: https://www.youtube.com/watch?v=XWeFa6jUiPw.",,AIFP_N338_speakingtree-in_why-swadeshi-indology-is-required-part-2,,https://www.speakingtree.in/blog/why-swadeshi-indology-is-required-part-2,http://web.archive.org/web/20241012032047/https://www.speakingtree.in/blog/why-swadeshi-indology-is-required-part-2,Snapshot found,Downloaded,,AIFP_N338_speakingtree-in_why-swadeshi-indology-is-required-part-2.pdf,,,,Web page named in the endnote only (it is not in the bibliography) | Page saved as PDF (cover page + copy) from live page on 2026-10-07
AIFP_N338_u2,Note (extra address),9,Chapter 9: Psychological Hijacking,338,Social post,"For an overview of my thesis on the five waves of Indology, see: https://www.speakingtree.in/blog/why-swadeshi-indology-is-required-part-2. For a video on the same topic, see: https://www.youtube.com/watch?v=XWeFa6jUiPw.",,AIFP_N338_u2_youtube-com_watch,,https://www.youtube.com/watch?v=XWeFa6jUiPw,,,Downloaded,,AIFP_N338_u2_youtube-com_watch.pdf,,,,Another web address printed in endnote 338 (the first one is on the row above) | Page saved as PDF (cover page + copy) from live page on 2026-10-07
AIFP_N339,Note,9,Chapter 9: Psychological Hijacking,339,Unlinked note,"Some Indian laws are frequently used to pander to emotional sensitivities. For instance, Indian Penal Code 295A considers it a crime to say something that “insults or attempts to insult the religion or the religious beliefs of that class”. Indian Penal Code 298 considers a crime “uttering any word or making any sound in the hearing or making any gesture or placing any object in the sight of any person, with intention to wound his religious feeling”. I wonder whether such laws have made people too emotionally sensitive at the expense of critical thinking.",,AIFP_N339,,,,,To do,,,,,,"No bibliography entry matched: the author's own comment, or a source to identify by hand"
AIFP_N340,Note,9,Chapter 9: Psychological Hijacking,340,Book/Print,"Joshi, Dasabodha, 21-23, 46.",AIFP_B029,AIFP_N340_Joshi_Dasabodha,"Joshi, Shankar Narahari. Dasabodha (Hindi Translation), Pune: Publisher Unknown, 1930.",,,,To do,,,,,https://www.google.com/search?tbm=bks&q=Dasabodha%20Hindi%20Translation%20Pune%20Publisher%20Unknown%201930%20Joshi,[match: author only (unique)]
AIFP_N341,Note,9,Chapter 9: Psychological Hijacking,341,Book/Print,"Rishi Markandeya to Yudhishthira in Vana Parva: Roy, The Mahabharata of Krishna-Dwaipayana Vyasa, 3:248.",AIFP_B060,AIFP_N341_Roy_The-Mahabharata-of-Krishna-Dwaipayana-Vyasa,"Roy, Pratap Chandra. The Mahabharata of Krishna-Dwaipayana Vyasa, 12 vols. Calcutta: Oriental Publishing Company Calcutta, 1884-1894.",,,,To do,,,,,https://books.google.com/books?id=_51q0QEACAAJ,[match: author only (unique)] | Google Books preview: NO_PAGES (check it is the right edition)
AIFP_N342,Note,10,Chapter 10: How Robust Is the Rashtra?,342,Book/Print,"Yew, The Wit and Wisdom of Lee Kuan Yew, 47.",AIFP_B091,AIFP_N342_Yew_The-Wit-and-Wisdom-of-Lee-Kuan,"Yew, Lee Kuan. The Wit and Wisdom of Lee Kuan Yew. Didier Millet, 2013.",,,,To do,,,,,https://books.google.com/books?id=lI2gEQAAQBAJ,[match: author+title] | Google Books preview: PARTIAL (check it is the right edition)
AIFP_N343,Note,10,Chapter 10: How Robust Is the Rashtra?,343,Unlinked note,"Tamilians are Tamil-speaking people, and Dravidian refers to an identity that was developed in recent times and popularized to put the Tamil speakers in conflict with the north Indians.",,AIFP_N343,,,,,To do,,,,,,"No bibliography entry matched: the author's own comment, or a source to identify by hand"
AIFP_N344,Note,10,Chapter 10: How Robust Is the Rashtra?,344,Unlinked note,"The Indian Constitution has had 104 amendments during the past 73 years of independence, and even now it is considered unstable in some respects. By contrast, the US constitution has been amended a total of 27 times in 233 years.",,AIFP_N344,,,,,To do,,,,,,"No bibliography entry matched: the author's own comment, or a source to identify by hand"
AIFP_N345,Note,10,Chapter 10: How Robust Is the Rashtra?,345,Book/Print,"Vidura to Dhritarashtra in Udyoga Parva: Roy, The Mahabharata of Krishna-Dwaipayana Vyasa, 4:66.",AIFP_B060,AIFP_N345_Roy_The-Mahabharata-of-Krishna-Dwaipayana-Vyasa,"Roy, Pratap Chandra. The Mahabharata of Krishna-Dwaipayana Vyasa, 12 vols. Calcutta: Oriental Publishing Company Calcutta, 1884-1894.",,,,To do,,,,,https://books.google.com/books?id=_51q0QEACAAJ,[match: author only (unique)] | Google Books preview: NO_PAGES (check it is the right edition)
AIFP_N346,Note,10,Chapter 10: How Robust Is the Rashtra?,346,URL,"An example of China’s manufacturing edge over India for a major industry (i.e. pharmaceuticals) is analyzed in the following recent report: http://www.cnbctv18.com/healthcare/why-china-has-an-edge-over-india-in-api-manufacturing-6331911.htm (accessed July 31, 2020).",,AIFP_N346_cnbctv18-com_why-china-has-an-edge-over-india,,http://www.cnbctv18.com/healthcare/why-china-has-an-edge-over-india-in-api-manufacturing-6331911.htm,,,Downloaded,,AIFP_N346_cnbctv18-com_why-china-has-an-edge-over-india.pdf,,,,"Checked by hand: this endnote does not cite a bibliography entry (the author's own comment, or a web page only named here) | Page saved as PDF (cover page + copy) from live page on 2026-10-07"
AIFP_N347,Note,10,Chapter 10: How Robust Is the Rashtra?,347,URL,"Table adapted from: https://timesofindia.indiatimes.com/india/not-just-galwan-we-need-to-win-these-5-battles/articleshow/76669128.cms (accessed July 20, 2020).",,AIFP_N347_timesofindia-indiatimes-com_76669128,,https://timesofindia.indiatimes.com/india/not-just-galwan-we-need-to-win-these-5-battles/articleshow/76669128.cms,,,Downloaded,,AIFP_N347_timesofindia-indiatimes-com_76669128.pdf,,,,"Checked by hand: this endnote does not cite a bibliography entry (the author's own comment, or a web page only named here) | Page saved as PDF (cover page + copy) from live page on 2026-10-07"
AIFP_N348,Note,10,Chapter 10: How Robust Is the Rashtra?,348,Book/Print,"A University of Toronto report concluded that Alibaba’s UC Browser has “several major privacy and security vulnerabilities that would seriously expose users of UC Browser to surveillance and other privacy violations”. (Bhandari, Fernandes, and Agarwal, Chinese Investments in India, 17).",AIFP_B004,AIFP_N348_Bhandari_Chinese-Investments-in-India,"Bhandari, Amit, Blaise Fernandes, and Aashna Agarwal. Chinese Investments in India. Gateway House, Indian Council on Global Relations, 2020.",,,,On OneDrive,https://www.gatewayhouse.in/wp-content/uploads/2020/03/Chinese-Investments-in-India-Report_2020_Final.pdf,AIFP_B004_Bhandari_Chinese-Investments-in-India.pdf,https://1drv.ms/b/c/ACD215A5F926CFCE/IQDpSxOtodKkSKxfmBfNxAhcAajxKABrbx7KZEuZqn9m-UI,,https://www.google.com/search?tbm=bks&q=Chinese%20Investments%20in%20India%20Gateway%20House%20Indian%20Council%20on%20Bhandari,[match: author+title] | Carried over from the earlier backup (A4_GatewayHouse_2020_Chinese-Investments-in-India.pdf)
AIFP_N349,Note,10,Chapter 10: How Robust Is the Rashtra?,349,Book/Print,"Bhandari, Fernandes, and Agarwal, Chinese Investments in India. Some of it is worth quoting in detail: “Unable to persuade India to sign on to its Belt and Road Initiative (BRI), China has entered the Indian market through venture investments in startups and penetrated the online ecosystem with its popular smartphones and their applications (apps). Chinese tech investors have put an estimated $4 billion into Indian startups. Such is their success that over the five years ending March 2020, 18 of India’s 30 unicorns are now Chinese-funded. TikTok, the video app, has 200 million subscribers and has overtaken YouTube in India. Alibaba, Tencent and ByteDance rival the U.S. penetration of Facebook, Amazon, and Google in India. Chinese smartphones like Oppo and Xiaomi lead the Indian market with an estimated 72% share, leaving Samsung and Apple behind. … There are no major Indian venture investors for Indian startups. China has taken early advantage of this gap…. China provides the capital needed to support the Indian startups, which like any other, are loss-making. The trade-off for market share is worthwhile.” (p.6) “In India, China’s tech giant companies and venture capital funds have become the primary vehicle for investments in the country. … Chinese funding to Indian tech startups is making an impact disproportionate to its value, given the deepening penetration of technology across sectors in India. TikTok, owned by ByteDance, is already one of the most popular apps in India, overtaking YouTube; Xiaomi handsets are bigger than Samsung smartphones; Huawei routers are widely used. These are investments made by nearly two dozen Chinese tech companies and funds, led by giants like Alibaba, ByteDance and Tencent which have funded 92 Indian startups, including unicorns such as Paytm, Byju’s, Oyo and Ola.… 18 of the 30 Indian unicorns have a Chinese investor. This means that China is embedded in Indian society, the economy, and the technology ecosystem that influences it. Unlike a port or a railway line, these are invisible assets in small sizes – rarely over $100 million – and made by the Chinese private sector, which doesn’t cause immediate alarm. All this adds up to just 1.5% of the total official Chinese (including Hong Kong) FDI into India. This doesn’t cover investments made by funds based out of Singapore and elsewhere, where the ultimate owner is Chinese, so the actual investment in India will be higher. … [There are] over 75 companies with Chinese investors concentrated in e-commerce, fintech, media/social media, aggregation services and logistics.” (p.8) “Alibaba/Tencent … can encourage the startup to use pre-existing Chinese solutions for its tech requirements – again leading to loss of control over data. If this process is followed across a range of companies – a taxi service, a hotel aggregator, online retail outlets, a payment provider – it permits an intrusive, comprehensive profile of an individual and his/her habits”. (p.6-12)",AIFP_B004,AIFP_N349_Bhandari_Chinese-Investments-in-India,"Bhandari, Amit, Blaise Fernandes, and Aashna Agarwal. Chinese Investments in India. Gateway House, Indian Council on Global Relations, 2020.",,,,On OneDrive,https://www.gatewayhouse.in/wp-content/uploads/2020/03/Chinese-Investments-in-India-Report_2020_Final.pdf,AIFP_B004_Bhandari_Chinese-Investments-in-India.pdf,https://1drv.ms/b/c/ACD215A5F926CFCE/IQDpSxOtodKkSKxfmBfNxAhcAajxKABrbx7KZEuZqn9m-UI,18,https://www.google.com/search?tbm=bks&q=Chinese%20Investments%20in%20India%20Gateway%20House%20Indian%20Council%20on%20Bhandari,Carried over from the earlier backup (A4_GatewayHouse_2020_Chinese-Investments-in-India.pdf)
AIFP_N350,Note,10,Chapter 10: How Robust Is the Rashtra?,350,Book/Print,"Bhandari, Fernandes, and Agarwal, Chinese Investments in India, 15.",AIFP_B004,AIFP_N350_Bhandari_Chinese-Investments-in-India,"Bhandari, Amit, Blaise Fernandes, and Aashna Agarwal. Chinese Investments in India. Gateway House, Indian Council on Global Relations, 2020.",,,,On OneDrive,https://www.gatewayhouse.in/wp-content/uploads/2020/03/Chinese-Investments-in-India-Report_2020_Final.pdf,AIFP_B004_Bhandari_Chinese-Investments-in-India.pdf,https://1drv.ms/b/c/ACD215A5F926CFCE/IQDpSxOtodKkSKxfmBfNxAhcAajxKABrbx7KZEuZqn9m-UI,,https://www.google.com/search?tbm=bks&q=Chinese%20Investments%20in%20India%20Gateway%20House%20Indian%20Council%20on%20Bhandari,[match: author+title] | Carried over from the earlier backup (A4_GatewayHouse_2020_Chinese-Investments-in-India.pdf)
AIFP_N351,Note,10,Chapter 10: How Robust Is the Rashtra?,351,Book/Print,"Bhandari, Fernandes, and Agarwal, Chinese Investments in India, 16.",AIFP_B004,AIFP_N351_Bhandari_Chinese-Investments-in-India,"Bhandari, Amit, Blaise Fernandes, and Aashna Agarwal. Chinese Investments in India. Gateway House, Indian Council on Global Relations, 2020.",,,,On OneDrive,https://www.gatewayhouse.in/wp-content/uploads/2020/03/Chinese-Investments-in-India-Report_2020_Final.pdf,AIFP_B004_Bhandari_Chinese-Investments-in-India.pdf,https://1drv.ms/b/c/ACD215A5F926CFCE/IQDpSxOtodKkSKxfmBfNxAhcAajxKABrbx7KZEuZqn9m-UI,,https://www.google.com/search?tbm=bks&q=Chinese%20Investments%20in%20India%20Gateway%20House%20Indian%20Council%20on%20Bhandari,[match: author+title] | Carried over from the earlier backup (A4_GatewayHouse_2020_Chinese-Investments-in-India.pdf)
AIFP_N352,Note,10,Chapter 10: How Robust Is the Rashtra?,352,Book/Print,"Reddy, India and the Challenge of Autonomous Weapons, 11.",AIFP_B057,AIFP_N352_Reddy_Shashank,"Reddy, R. Shashank. India and the Challenge of Autonomous Weapons. Carnegie India, 2016.",,,,On OneDrive,https://carnegieendowment.org/files/CEIP_CP275_Reddy_final.pdf,AIFP_B057_Reddy_Shashank.pdf,https://1drv.ms/b/c/ACD215A5F926CFCE/IQABr_hhnQA8SqAbofNrR4LvAYSQWaz2nBsmSrugj6LF_ME,,https://www.google.com/search?tbm=bks&q=Shashank%20India%20and%20the%20Challenge%20of%20Autonomous%20Weapons%20Carnegie%20Reddy,[match: author+title] | Carried over from the earlier backup (A57_CarnegieIndia_2016_IndiaAndChallengeOfAutonomousWeapons.pdf)
AIFP_N353,Note,10,Chapter 10: How Robust Is the Rashtra?,353,URL,"World Bank, World Bank East Asia and Pacific Economic Update, April 2020.",AIFP_B087,AIFP_N353_World-Bank_World-Bank-East-Asia-and-Pacific-Economic,"World Bank. World Bank East Asia and Pacific Economic Update, April 2020: East Asia and Pacific in the Time of COVID-19. Washington, DC: World Bank, 2020. https://openknowledge.worldbank.org/handle/10986/33477",https://openknowledge.worldbank.org/handle/10986/33477,http://web.archive.org/web/20250108230615/https://openknowledge.worldbank.org/handle/10986/33477,Snapshot found,On OneDrive,,AIFP_B087_World-Bank_World-Bank-East-Asia-and-Pacific-Economic_openknowledge-worldbank-org.pdf,https://1drv.ms/b/c/ACD215A5F926CFCE/IQCcz5MYFvLARpP77TAGRFghAd_i_iFnlAc2XQmT7Uvpzmw?e=l2ILA2,,,Page saved as PDF (cover page + copy) from live page on 2026-10-07
AIFP_N354,Note,11,Conclusion,354,URL,"See: https://www.technologyreview.com/2020/07/31/1005824/decolonial-ai-for-everyone/ (accessed August 3, 2020).",,AIFP_N354_technologyreview-com_decolonial-ai-for-everyone,,https://www.technologyreview.com/2020/07/31/1005824/decolonial-ai-for-everyone/,http://web.archive.org/web/20260910022024/https://www.technologyreview.com/2020/07/31/1005824/decolonial-ai-for-everyone/,Snapshot found,Downloaded,,AIFP_N354_technologyreview-com_decolonial-ai-for-everyone.pdf,,,,Web page named in the endnote only (it is not in the bibliography) | Page saved as PDF (cover page + copy) from live page on 2026-10-07
AIFP_N355,Note,11,Conclusion,355,Book/Print,"Sri Aurobindo, Bande Mataram, 18.",AIFP_B069,AIFP_N355_Sri-Aurobindo_Bande-Mataram,"Sri Aurobindo. Bande Mataram, Early Political Writings - I (1893-1908). Sri Aurobindo Birth Centenary Library, 1972.",,,,To do,,,,,https://books.google.com/books?id=vNygswEACAAJ,[match: author+title] | Google Books preview: NO_PAGES (check it is the right edition)
AIFP_N356,Note,12,Appendix A: Forecasts by Economists,356,Book/Print,"McKinsey Global Institute, A Future That Works, 8.",AIFP_B036,AIFP_N356_Mckinsey-Global_A-Future-that-Works-Automation,"McKinsey Global Institute. A Future that Works: Automation, Employment, and Productivity. 2017.",,,,On OneDrive,https://www.mckinsey.com/featured-insights/digital-disruption/harnessing-automation-for-a-future-that-works,AIFP_B036_Mckinsey-Global_A-Future-that-Works-Automation.pdf,https://1drv.ms/b/c/ACD215A5F926CFCE/IQBqLmOErCZ7S6PSDNIGd7gUAWWMPREKpCCy9KoeIs9vEiQ,,https://books.google.com/books?id=NlR1swEACAAJ,[match: author+title] | Google Books preview: NO_PAGES (check it is the right edition) | Carried over from the earlier backup (A36_McKinsey_2017_AFutureThatWorks-AutomationEmploymentProductivity.pdf)
AIFP_N357,Note,12,Appendix A: Forecasts by Economists,357,Book/Print,"McKinsey Global Institute, A Future That Works, ii.",AIFP_B036,AIFP_N357_Mckinsey-Global_A-Future-that-Works-Automation,"McKinsey Global Institute. A Future that Works: Automation, Employment, and Productivity. 2017.",,,,On OneDrive,https://www.mckinsey.com/featured-insights/digital-disruption/harnessing-automation-for-a-future-that-works,AIFP_B036_Mckinsey-Global_A-Future-that-Works-Automation.pdf,https://1drv.ms/b/c/ACD215A5F926CFCE/IQBqLmOErCZ7S6PSDNIGd7gUAWWMPREKpCCy9KoeIs9vEiQ,,https://books.google.com/books?id=NlR1swEACAAJ,[match: author+title] | Google Books preview: NO_PAGES (check it is the right edition) | Carried over from the earlier backup (A36_McKinsey_2017_AFutureThatWorks-AutomationEmploymentProductivity.pdf)
AIFP_N358,Note,12,Appendix A: Forecasts by Economists,358,URL,"Oxford Economics, How Robots Change the World.",AIFP_B044,AIFP_N358_Oxford-Economics_How-Robots-Change-the-World-What-automation,Oxford Economics. How Robots Change the World: What automation really means for jobs and productivity. June 2019. http://resources.oxfordeconomics.com/how-robots-change-the-world,http://resources.oxfordeconomics.com/how-robots-change-the-world,http://web.archive.org/web/20251209234740/https://resources.oxfordeconomics.com/how-robots-change-the-world/,Snapshot found,On OneDrive,,AIFP_B044_Oxford-Economics_How-Robots-Change-the-World-What-automation_resources-oxfordeconomics-com.pdf,https://1drv.ms/b/c/ACD215A5F926CFCE/IQCDQzZCSffhTpA0_TaaiIrOAerM3dSrTqdcFyXSbybt7mQ,,,[match: author only (unique)]
AIFP_N359,Note,12,Appendix A: Forecasts by Economists,359,Book/Print,"United Nations Conference on Trade and Development, Digital Economy Report 2019.",AIFP_B078,AIFP_N359_United-Nations_Digital-Economy-Report-2019,"United Nations Conference on Trade and Development. Digital Economy Report 2019. Value Creation and Capture: Implications for Developing Countries. New York: United Nations, 2019.",,,,To do,,,,,https://books.google.com/books?id=BrXcw-FoEkYC,Google Books preview: NO_PAGES (check it is the right edition)
AIFP_N360,Note,12,Appendix A: Forecasts by Economists,360,URL,"Oxford Economics, How Robots Change the World, 52.",AIFP_B044,AIFP_N360_Oxford-Economics_How-Robots-Change-the-World-What-automation,Oxford Economics. How Robots Change the World: What automation really means for jobs and productivity. June 2019. http://resources.oxfordeconomics.com/how-robots-change-the-world,http://resources.oxfordeconomics.com/how-robots-change-the-world,http://web.archive.org/web/20251209234740/https://resources.oxfordeconomics.com/how-robots-change-the-world/,Snapshot found,On OneDrive,,AIFP_B044_Oxford-Economics_How-Robots-Change-the-World-What-automation_resources-oxfordeconomics-com.pdf,https://1drv.ms/b/c/ACD215A5F926CFCE/IQCDQzZCSffhTpA0_TaaiIrOAerM3dSrTqdcFyXSbybt7mQ,,,[match: author only (unique)]
AIFP_N361,Note,12,Appendix A: Forecasts by Economists,361,Book/Print,"Susskind, A World Without Work, 5.",AIFP_B072,AIFP_N361_Susskind_A-World-Without-Work-Technology,"Susskind, Daniel. A World Without Work: Technology, Automation, and How We Should Respond. New York: Metropolitan Books, Henry Holt and Company, 2020.",,,,To do,,,,,https://books.google.com/books?id=-m-VDwAAQBAJ,[match: author+title] | Google Books preview: PARTIAL (check it is the right edition)
AIFP_N362,Note,12,Appendix A: Forecasts by Economists,362,Book/Print,"Balliester and Elsheikhi, The Future of Work, 8. Emphasis added.",AIFP_B003,AIFP_N362_Balliester_The-Future-of-Work-A-Literature-Review,"Balliester, Thereza and Adam Elsheikhi. The Future of Work: A Literature Review. Geneva, Switzerland: International Labor Office, 2018.",,,,On OneDrive,https://www.ilo.org/sites/default/files/wcmsp5/groups/public/@dgreports/@inst/documents/publication/wcms_625866.pdf,AIFP_B003_Balliester_The-Future-of-Work-A-Literature-Review.pdf,https://1drv.ms/b/c/ACD215A5F926CFCE/IQBpIVQiZ4xaSJEkGTdAA73MAZLCowR_R2atdQZlJ2DSCJY,,https://www.google.com/search?tbm=bks&q=The%20Future%20of%20Work%20A%20Literature%20Review%20Geneva%20Switzerland%20Balliester,[match: author only (unique)] | Carried over from the earlier backup (A3_ILO_2017_Future-of-Work-Literature-Review.pdf)
AIFP_N363,Note,12,Appendix A: Forecasts by Economists,363,Book/Print,"Harris, Kimson, and Schwedel, Labor 2030, 44.",AIFP_B022,AIFP_N363_Harris_Labor-2030-The-Collision-of-Demographics,"Harris, Karen, Austin Kimson, and Andrew Schwedel. Labor 2030: The Collision of Demographics, Automation and Inequality. Bain & Company, 2018.",,,,On OneDrive,https://www.bain.com/insights/labor-2030-the-collision-of-demographics-automation-and-inequality,AIFP_B022_Harris_Labor-2030-The-Collision-of-Demographics.pdf,https://1drv.ms/b/c/ACD215A5F926CFCE/IQD2Hckyvi00Sq8GwqeHLAmmAR_kYAk873K6Ui2qhU-i74s,44,https://www.google.com/search?tbm=bks&q=Labor%202030%20The%20Collision%20of%20Demographics%20Automation%20and%20Inequality%20Harris,Carried over from the earlier backup (A22_Bain_2018_Labor2030-CollisionOfDemographicsAutomationInequality.pdf)
AIFP_N364,Note,12,Appendix A: Forecasts by Economists,364,Book/Print,"PricewaterhouseCoopers, Will Robots Really Steal Our Jobs? 8.",AIFP_B052,AIFP_N364_Pricewaterhousecoopers_Will-Robots-Really-Steal-Our-Jobs,"PricewaterhouseCoopers. Will Robots Really Steal Our Jobs? An International Analysis of the Potential Long-term Impact of Automation. PricewaterhouseCoopers, 2018.",,,,On OneDrive,https://www.pwc.co.uk/economic-services/assets/international-impact-of-automation-feb-2018.pdf,AIFP_B052_Pricewaterhousecoopers_Will-Robots-Really-Steal-Our-Jobs.pdf,https://1drv.ms/b/c/ACD215A5F926CFCE/IQCcGN8YMAwtT4T6ZYTKjGJgAeatTxQrq6xXkS3D6a2ZQvs,,https://www.google.com/search?tbm=bks&q=Will%20Robots%20Really%20Steal%20Our%20Jobs%20An%20International%20Analysis%20PricewaterhouseCoopers,[match: author+title] | Carried over from the earlier backup (A52_PwC_2018_WillRobotsReallyStealOurJobs.pdf)
AIFP_N365,Note,12,Appendix A: Forecasts by Economists,365,Book/Print,"McKinsey Global Institute, A Future That Works, 12.",AIFP_B036,AIFP_N365_Mckinsey-Global_A-Future-that-Works-Automation,"McKinsey Global Institute. A Future that Works: Automation, Employment, and Productivity. 2017.",,,,On OneDrive,https://www.mckinsey.com/featured-insights/digital-disruption/harnessing-automation-for-a-future-that-works,AIFP_B036_Mckinsey-Global_A-Future-that-Works-Automation.pdf,https://1drv.ms/b/c/ACD215A5F926CFCE/IQBqLmOErCZ7S6PSDNIGd7gUAWWMPREKpCCy9KoeIs9vEiQ,,https://books.google.com/books?id=NlR1swEACAAJ,[match: author+title] | Google Books preview: NO_PAGES (check it is the right edition) | Carried over from the earlier backup (A36_McKinsey_2017_AFutureThatWorks-AutomationEmploymentProductivity.pdf)
AIFP_N366,Note,12,Appendix A: Forecasts by Economists,366,Book/Print,"McKinsey Global Institute, A Future That Works, 3.",AIFP_B036,AIFP_N366_Mckinsey-Global_A-Future-that-Works-Automation,"McKinsey Global Institute. A Future that Works: Automation, Employment, and Productivity. 2017.",,,,On OneDrive,https://www.mckinsey.com/featured-insights/digital-disruption/harnessing-automation-for-a-future-that-works,AIFP_B036_Mckinsey-Global_A-Future-that-Works-Automation.pdf,https://1drv.ms/b/c/ACD215A5F926CFCE/IQBqLmOErCZ7S6PSDNIGd7gUAWWMPREKpCCy9KoeIs9vEiQ,,https://books.google.com/books?id=NlR1swEACAAJ,[match: author+title] | Google Books preview: NO_PAGES (check it is the right edition) | Carried over from the earlier backup (A36_McKinsey_2017_AFutureThatWorks-AutomationEmploymentProductivity.pdf)
AIFP_N367,Note,12,Appendix A: Forecasts by Economists,367,URL,"PricewaterhouseCoopers, Will Robots Really Steal Our Jobs?. Similarly, a report from OECD concluded that the risk of job loss in the countries within its scope was not worrisome. See Arntz, Gregory, and Zierahn, OECD Social, Employment and Migration Working Papers. No. 189.",AIFP_B002,AIFP_N367_Arntz_OECD-Social,"Arntz, Melanie, Terry Gregory, and Ulrich Zierahn. OECD Social, Employment and Migration Working Papers. o. 189. Organisation for Economic Cooperation and Development, May 14, 2016. https://www.oecd-ilibrary.org/social-issues-migration-health/the-risk-of-automation-for-jobs-in-oecd-countries_5jlz9h56dvq7-en",https://www.oecd-ilibrary.org/social-issues-migration-health/the-risk-of-automation-for-jobs-in-oecd-countries_5jlz9h56dvq7-en,http://web.archive.org/web/20241126214049/https://www.oecd-ilibrary.org/social-issues-migration-health/the-risk-of-automation-for-jobs-in-oecd-countries_5jlz9h56dvq7-en,Snapshot found,On OneDrive,,AIFP_B002_Arntz_OECD-Social_oecd-ilibrary-org.pdf,https://1drv.ms/b/c/ACD215A5F926CFCE/IQBSXGQoh3lVTbvsAlejJgTwAb8DnbMRCN4hV1f-hioJOJY,,,[match: author+title] | Page saved as PDF (cover page + copy) from Wayback snapshot on 2026-10-07
AIFP_N368,Note,12,Appendix A: Forecasts by Economists,368,Book/Print,"World Economic Forum, “The Future of Jobs Report 2018”, v.",AIFP_B088,AIFP_N368_World-Economic_The-Future-of-Jobs-Report-2018,"World Economic Forum. The Future of Jobs Report 2018, Geneva, Switzerland: World Economic Forum, 2018.",,,,On OneDrive,https://www.weforum.org/publications/the-future-of-jobs-report-2018/,AIFP_B088_World-Economic_The-Future-of-Jobs-Report-2018.pdf,https://1drv.ms/b/c/ACD215A5F926CFCE/IQBc7ZhpI2GdSqu2G0HKPbcvAemVoZWKB4kGhQ93wAMyfx0?e=SgzkH3,,https://books.google.com/books?id=kVnSDwAAQBAJ,Google Books preview: PARTIAL (check it is the right edition) | Carried over from the earlier backup (A88_WEF_2018_Future-of-Jobs-Report.pdf)
AIFP_N369,Note,12,Appendix A: Forecasts by Economists,369,Book/Print,"World Economic Forum, “The Future of Jobs Report 2018”. v.",AIFP_B088,AIFP_N369_World-Economic_The-Future-of-Jobs-Report-2018,"World Economic Forum. The Future of Jobs Report 2018, Geneva, Switzerland: World Economic Forum, 2018.",,,,On OneDrive,https://www.weforum.org/publications/the-future-of-jobs-report-2018/,AIFP_B088_World-Economic_The-Future-of-Jobs-Report-2018.pdf,https://1drv.ms/b/c/ACD215A5F926CFCE/IQBc7ZhpI2GdSqu2G0HKPbcvAemVoZWKB4kGhQ93wAMyfx0?e=SgzkH3,,https://books.google.com/books?id=kVnSDwAAQBAJ,Google Books preview: PARTIAL (check it is the right edition) | Carried over from the earlier backup (A88_WEF_2018_Future-of-Jobs-Report.pdf)
AIFP_N370,Note,12,Appendix A: Forecasts by Economists,370,Book/Print,"World Economic Forum, “The Future of Jobs Report 2018”, ix.",AIFP_B088,AIFP_N370_World-Economic_The-Future-of-Jobs-Report-2018,"World Economic Forum. The Future of Jobs Report 2018, Geneva, Switzerland: World Economic Forum, 2018.",,,,On OneDrive,https://www.weforum.org/publications/the-future-of-jobs-report-2018/,AIFP_B088_World-Economic_The-Future-of-Jobs-Report-2018.pdf,https://1drv.ms/b/c/ACD215A5F926CFCE/IQBc7ZhpI2GdSqu2G0HKPbcvAemVoZWKB4kGhQ93wAMyfx0?e=SgzkH3,,https://books.google.com/books?id=kVnSDwAAQBAJ,Google Books preview: PARTIAL (check it is the right edition) | Carried over from the earlier backup (A88_WEF_2018_Future-of-Jobs-Report.pdf)
AIFP_N371,Note,12,Appendix A: Forecasts by Economists,371,Book/Print,"WEF lists the following as the most likely major risks: extreme weather, climate action failure, natural disasters, biodiversity loss, human-made environmental disasters, data fraud or theft, cyberattacks, water crisis, global governance failure and asset bubbles. Risks with the highest impact are climate action failure, weapons of mass destruction, biodiversity loss, extreme weather, water crises, information infrastructure breakdown, natural disasters, cyberattacks, and human-made environmental disasters. (World Economic Forum, The Global Risks Report 2020, 12).",AIFP_B089,AIFP_N371_World-Economic_The-Global-Risks-Report-2020,"World Economic Forum. The Global Risks Report 2020, Geneva, Switzerland: World Economic Forum, 2020.",,,,On OneDrive,https://www.weforum.org/publications/the-global-risks-report-2020/,AIFP_B089_World-Economic_The-Global-Risks-Report-2020.pdf,https://1drv.ms/b/c/ACD215A5F926CFCE/IQC6FOzC3MG7SbFdQxjz7U9PARoBy3OK4lSuBookNrXNMEg?e=Iu46e5,12,https://books.google.com/books?id=qUkQEAAAQBAJ&pg=PA12,Google Books preview: ALL_PAGES (check it is the right edition) | Carried over from the earlier backup (A89_WEF_2020_Global-Risks-Report.pdf)
AIFP_N372,Note,12,Appendix A: Forecasts by Economists,372,Social post,"See: https://www.youtube.com/watch?v=2C-A797y8dA (accessed July 20, 2020).",,AIFP_N372_youtube-com_watch,,https://www.youtube.com/watch?v=2C-A797y8dA,http://web.archive.org/web/20260811015116/https://www.youtube.com/watch?v=2C-A797y8dA,Snapshot found,Downloaded,,AIFP_N372_youtube-com_watch.pdf,,,,Web page named in the endnote only (it is not in the bibliography) | Page saved as PDF (cover page + copy) from live page on 2026-10-07
AIFP_N373,Note,13,Appendix B: History of Shortsighted Imports by India,373,Book/Print,"“Indore Process” of manufacturing organic manure was learnt by him from Indian farmers. See: Howard, An Agricultural Testament, 39.",AIFP_B025,AIFP_N373_Howard_An-Agricultural-Testament,"Howard, Albert. An Agricultural Testament. Oxford University Press, 1943.",,,,To do,,,,,https://books.google.com/books?id=FVv7nQEACAAJ,[match: author only (unique)] | Google Books preview: NO_PAGES (check it is the right edition)
AIFP_N374,Note,14,Appendix C: Tata Chairman's Playbook for India,374,Book/Print,"Chandrasekaran and Purushothaman, Bridgital Nation.",AIFP_B006,AIFP_N374_Chandrasekaran_Bridgital-Nation-Solving-Technology-s-People-Problem,"Chandrasekaran, Natarajan, and Roopa Purushothaman. Bridgital Nation: Solving Technology’s People Problem. Penguin Random House India, 2019.",,,,To do,,,,,https://books.google.com/books?id=N0TzygEACAAJ,[match: author only (unique)] | Google Books preview: NO_PAGES (check it is the right edition)
AIFP_N375,Note,14,Appendix C: Tata Chairman's Playbook for India,375,Book/Print,"Chandrasekaran and Purushothaman, Bridgital Nation, 16.",AIFP_B006,AIFP_N375_Chandrasekaran_Bridgital-Nation-Solving-Technology-s-People-Problem,"Chandrasekaran, Natarajan, and Roopa Purushothaman. Bridgital Nation: Solving Technology’s People Problem. Penguin Random House India, 2019.",,,,To do,,,,,https://books.google.com/books?id=N0TzygEACAAJ,[match: author only (unique)] | Google Books preview: NO_PAGES (check it is the right edition)
AIFP_N376,Note,14,Appendix C: Tata Chairman's Playbook for India,376,Book/Print,"Chandrasekaran and Purushothaman, Bridgital Nation, 164.",AIFP_B006,AIFP_N376_Chandrasekaran_Bridgital-Nation-Solving-Technology-s-People-Problem,"Chandrasekaran, Natarajan, and Roopa Purushothaman. Bridgital Nation: Solving Technology’s People Problem. Penguin Random House India, 2019.",,,,To do,,,,,https://books.google.com/books?id=N0TzygEACAAJ,[match: author only (unique)] | Google Books preview: NO_PAGES (check it is the right edition)
AIFP_N377,Note,14,Appendix C: Tata Chairman's Playbook for India,377,Book/Print,"Safety and mobility concerns are among the blockages identified. Chandrasekaran and Purushothaman, Bridgital Nation, 94-95; 125.",AIFP_B006,AIFP_N377_Chandrasekaran_Bridgital-Nation-Solving-Technology-s-People-Problem,"Chandrasekaran, Natarajan, and Roopa Purushothaman. Bridgital Nation: Solving Technology’s People Problem. Penguin Random House India, 2019.",,,,To do,,,,,https://books.google.com/books?id=N0TzygEACAAJ,[match: author only (unique)] | Google Books preview: NO_PAGES (check it is the right edition)
AIFP_N378,Note,14,Appendix C: Tata Chairman's Playbook for India,378,Book/Print,"Chandrasekaran and Purushothaman, Bridgital Nation, 149-50.",AIFP_B006,AIFP_N378_Chandrasekaran_Bridgital-Nation-Solving-Technology-s-People-Problem,"Chandrasekaran, Natarajan, and Roopa Purushothaman. Bridgital Nation: Solving Technology’s People Problem. Penguin Random House India, 2019.",,,,To do,,,,,https://books.google.com/books?id=N0TzygEACAAJ,[match: author only (unique)] | Google Books preview: NO_PAGES (check it is the right edition)
AIFP_N379,Note,14,Appendix C: Tata Chairman's Playbook for India,379,Book/Print,"Chandrasekaran and Purushothaman, Bridgital Nation, 12, 84.",AIFP_B006,AIFP_N379_Chandrasekaran_Bridgital-Nation-Solving-Technology-s-People-Problem,"Chandrasekaran, Natarajan, and Roopa Purushothaman. Bridgital Nation: Solving Technology’s People Problem. Penguin Random House India, 2019.",,,,To do,,,,,https://books.google.com/books?id=N0TzygEACAAJ,[match: author only (unique)] | Google Books preview: NO_PAGES (check it is the right edition)
AIFP_N380,Note,14,Appendix C: Tata Chairman's Playbook for India,380,Book/Print,"Chandrasekaran and Purushothaman, Bridgital Nation, graph, 181.",AIFP_B006,AIFP_N380_Chandrasekaran_Bridgital-Nation-Solving-Technology-s-People-Problem,"Chandrasekaran, Natarajan, and Roopa Purushothaman. Bridgital Nation: Solving Technology’s People Problem. Penguin Random House India, 2019.",,,,To do,,,,,https://books.google.com/books?id=N0TzygEACAAJ,[match: author only (unique)] | Google Books preview: NO_PAGES (check it is the right edition)
AIFP_B005,Bibliography only,,,,Book/Print,"Burke, Brian. Gamify: How Gamification Motivates People to Do Extraordinary Things. Gartner, 2014.",AIFP_B005,AIFP_B005_Burke_Gamify-How-Gamification-Motivates-People-to-Do,"Burke, Brian. Gamify: How Gamification Motivates People to Do Extraordinary Things. Gartner, 2014.",,,,To do,,,,,https://books.google.com/books?id=r9FXBAAAQBAJ,In the bibliography; no footnote matched to it | Google Books preview: PARTIAL (check it is the right edition)
AIFP_B007,Bibliography only,,,,URL,"Chinn, Ewing Y. John Dewey and the Buddhist Philosophy of the Middle Way. Downloadable book: https://www.tandfonline.com/doi/full/10.1080/09552360600772645",AIFP_B007,AIFP_B007_Chinn_John-Dewey-and-the-Buddhist-Philosophy-of,"Chinn, Ewing Y. John Dewey and the Buddhist Philosophy of the Middle Way. Downloadable book: https://www.tandfonline.com/doi/full/10.1080/09552360600772645",https://www.tandfonline.com/doi/full/10.1080/09552360600772645,http://web.archive.org/web/20220623111053/https://www.tandfonline.com/doi/full/10.1080/09552360600772645,Snapshot found,On OneDrive,,AIFP_B007_Chinn_John-Dewey-and-the-Buddhist-Philosophy-of_tandfonline-com.pdf,https://1drv.ms/b/c/ACD215A5F926CFCE/IQAVTrZi-RIPRaskgeLOjpxgASq6rna6hYWe5l78pNw6QTs,,,In the bibliography; no footnote matched to it | Page saved as PDF (cover page + copy) from Wayback snapshot on 2026-10-07
AIFP_B018,Bibliography only,,,,Book/Print,"Gita Press. Sri Ramacaritamanasa (A Romanized Edition With English Translation). Gita Press Gorakhpur, 2018.",AIFP_B018,AIFP_B018_Gita-Press_Sri-Ramacaritamanasa,"Gita Press. Sri Ramacaritamanasa (A Romanized Edition With English Translation). Gita Press Gorakhpur, 2018.",,,,On OneDrive,https://archive.org/details/RamcharitmanasGitapressEnglish,AIFP_B018_Gita-Press_Sri-Ramacaritamanasa.pdf,https://1drv.ms/b/c/ACD215A5F926CFCE/IQDbWGX17vqgQ64X5ww6YXW4AX9TYyD8D6_OlZyeHjLdJJM,,https://www.google.com/search?tbm=bks&q=Sri%20Ramacaritamanasa%20A%20Romanized%20Edition%20With%20English%20Translation%20Gita%20Gita%20Press,In the bibliography; no footnote matched to it | Carried over from the earlier backup (A18_GitaPress_2018_SriRamacaritamanasa-RomanizedEnglishTranslation.pdf)
AIFP_B019,Bibliography only,,,,URL,Government of India. Comments/suggestions invited on Draft National Guidelines for Gene Therapy Product Development and Clinical Trials. 2019. http://dbtindia.gov.in/sites/default/files/Call_comments.pdf,AIFP_B019,AIFP_B019_Government-Of_Comments-suggestions-invited-on-Draft-National-Guideline,Government of India. Comments/suggestions invited on Draft National Guidelines for Gene Therapy Product Development and Clinical Trials. 2019. http://dbtindia.gov.in/sites/default/files/Call_comments.pdf,http://dbtindia.gov.in/sites/default/files/Call_comments.pdf,http://web.archive.org/web/20210620072836/https://dbtindia.gov.in/sites/default/files/Call_comments.pdf,Snapshot found,To do,,,,,,"In the bibliography; no endnote matched to it | download failed - live page: Page.goto: net::ERR_NAME_NOT_RESOLVED at http://dbtindia.gov.in/sites/ / Wayback snapshot: Stream has ended unexpectedly | download failed - live page: Page.goto: net::ERR_NAME_NOT_RESOLVED at http://dbtindia.gov.in/sites/ / Wayback snapshot: page is empty or is an error page, not a real copy | download failed - live page: Page.goto: net::ERR_NAME_NOT_RESOLVED at http://dbtindia.gov.in/sites/ / Wayback snapshot: page is empty or is an error page, not a real copy"
AIFP_B020,Bibliography only,,,,Book/Print,"Han, Barbara A., John Paul Schmidt, Laura W. Alexander, Sarah E. Bowden, David T.S. Hayman, and John M. Drake. “Undiscovered Bat Hosts of Filoviruses”. PLOS, July 14, 2016.",AIFP_B020,AIFP_B020_Han_Alexander,"Han, Barbara A., John Paul Schmidt, Laura W. Alexander, Sarah E. Bowden, David T.S. Hayman, and John M. Drake. “Undiscovered Bat Hosts of Filoviruses”. PLOS, July 14, 2016.",,,,On OneDrive,https://pmc.ncbi.nlm.nih.gov/articles/PMC4460448/,AIFP_B020_Han_Alexander.pdf,https://1drv.ms/b/c/ACD215A5F926CFCE/IQC01qUN2spjTKMGapCJmaxvAfa0NdcwQ0oTgXVw4cSXbAs,,https://books.google.com/books?id=NWN9gE_t-K0C,In the bibliography; no footnote matched to it | Google Books preview: ALL_PAGES (check it is the right edition) | Carried over from the earlier backup (A20_Han-et-al_2015_PNAS_RodentReservoirsOfFutureZoonoticDiseases.pdf)
AIFP_B034,Bibliography only,,,,Book/Print,"Maqsood, Ammara. The New Pakistani Middle-Class. Cambridge, MA: Harvard University Press, 2017.",AIFP_B034,AIFP_B034_Maqsood_The-New-Pakistani-Middle-Class,"Maqsood, Ammara. The New Pakistani Middle-Class. Cambridge, MA: Harvard University Press, 2017.",,,,To do,,,,,https://books.google.com/books?id=KPI7DwAAQBAJ,In the bibliography; no footnote matched to it | Google Books preview: PARTIAL (check it is the right edition)
AIFP_B039,Bibliography only,,,,Book/Print,"Muro, Mark, Jacob Whiton, and Robert Maxim. What Jobs Are Affected by AI? Washington, DC: Metropolitan Policy Program at Brookings, 2019.",AIFP_B039,AIFP_B039_Muro_What-Jobs-Are-Affected-by-AI,"Muro, Mark, Jacob Whiton, and Robert Maxim. What Jobs Are Affected by AI? Washington, DC: Metropolitan Policy Program at Brookings, 2019.",,,,On OneDrive,https://www.brookings.edu/articles/what-jobs-are-affected-by-ai/,AIFP_B039_Muro_What-Jobs-Are-Affected-by-AI.pdf,https://1drv.ms/b/c/ACD215A5F926CFCE/IQB4xF88Br-TSYofEwtoyY-eARkq-3E-tIi8Jp3-Run3wZk,,https://www.google.com/search?tbm=bks&q=What%20Jobs%20Are%20Affected%20by%20AI%20Washington%20DC%20Metropolitan%20Muro,In the bibliography; no footnote matched to it | Carried over from the earlier backup (A39_Brookings_2019_WhatJobsAreAffectedByAI.pdf)
AIFP_B045,Bibliography only,,,,URL,"Pai, Mohandas and Umakant Soni. “An AI innovation engine for New India”. Financial Express, July 19, 2019. https://www.financialexpress.com/opinion/an-ai-innovation-engine-for-new-india/1649078/lite/",AIFP_B045,AIFP_B045_Pai_An-AI-innovation-engine-for-New-India,"Pai, Mohandas and Umakant Soni. “An AI innovation engine for New India”. Financial Express, July 19, 2019. https://www.financialexpress.com/opinion/an-ai-innovation-engine-for-new-india/1649078/lite/",https://www.financialexpress.com/opinion/an-ai-innovation-engine-for-new-india/1649078/lite/,http://web.archive.org/web/20200203074304/https://www.financialexpress.com/opinion/an-ai-innovation-engine-for-new-india/1649078/lite/,Snapshot found,On OneDrive,,AIFP_B045_Pai_An-AI-innovation-engine-for-New-India_financialexpress-com.pdf,https://1drv.ms/b/c/ACD215A5F926CFCE/IQCi_-RmXtpRQa695BuNtapOATcYKXCUslVxaYD_mgVKuzc,,,In the bibliography; no footnote matched to it | Page saved as PDF (cover page + copy) from live page on 2026-10-07
AIFP_B047,Bibliography only,,,,Book/Print,"Pentland, Alex. Social Physics: How Social Networks Can Make Us Smarter. Penguin, 2014.",AIFP_B047,AIFP_B047_Pentland_Social-Physics-How-Social-Networks-Can-Make,"Pentland, Alex. Social Physics: How Social Networks Can Make Us Smarter. Penguin, 2014.",,,,To do,,,,,https://books.google.com/books?id=vcgqAAAAQBAJ,In the bibliography; no footnote matched to it | Google Books preview: PARTIAL (check it is the right edition)
AIFP_B053,Bibliography only,,,,Book/Print,"PricewaterhouseCoopers. How AI is reshaping jobs in India. PwC India and All India Management Association, 2018.",AIFP_B053,AIFP_B053_Pricewaterhousecoopers_How-AI-is-reshaping-jobs-in-India,"PricewaterhouseCoopers. How AI is reshaping jobs in India. PwC India and All India Management Association, 2018.",,,,On OneDrive,https://www.pwc.in/assets/pdfs/publications/2018/how-ai-is-reshaping-jobs-in-india.pdf,AIFP_B053_Pricewaterhousecoopers_How-AI-is-reshaping-jobs-in-India.pdf,https://1drv.ms/b/c/ACD215A5F926CFCE/IQA1ZGerU7jqR67dbfjMkpRqAV1zClpf6dJBbtG32kf_ucY,,https://www.google.com/search?tbm=bks&q=How%20AI%20is%20reshaping%20jobs%20in%20India%20PwC%20India%20PricewaterhouseCoopers,In the bibliography; no footnote matched to it | Carried over from the earlier backup (A53_PwC_2018_HowAIisReshapingJobsInIndia.pdf)
AIFP_B056,Bibliography only,,,,URL,"RBR Staff. “New Research Shows How AI Will Impact the Workforce”. Robotics Business Review, 2019. https://www.roboticsbusinessreview.com/ai/new-research-shows-how-ai-will-impact-the-workforce/",AIFP_B056,AIFP_B056_Rbr-Staff_New-Research-Shows-How-AI-Will-Impact,"RBR Staff. “New Research Shows How AI Will Impact the Workforce”. Robotics Business Review, 2019. https://www.roboticsbusinessreview.com/ai/new-research-shows-how-ai-will-impact-the-workforce/",https://www.roboticsbusinessreview.com/ai/new-research-shows-how-ai-will-impact-the-workforce/,http://web.archive.org/web/20230424155728/https://www.roboticsbusinessreview.com/ai/new-research-shows-how-ai-will-impact-the-workforce/,Snapshot found,On OneDrive,,AIFP_B056_Rbr-Staff_New-Research-Shows-How-AI-Will-Impact_roboticsbusinessreview-com.pdf,https://1drv.ms/b/c/ACD215A5F926CFCE/IQBZmyFLd_BVRJrs-dYz58_sAdZ7rLR0mHXwYvEGgWU3G5M,,,In the bibliography; no footnote matched to it | Page saved as PDF (cover page + copy) from Wayback snapshot on 2026-10-07
AIFP_B058,Bibliography only,,,,URL,"Reese, Byron. “AI Will Create Millions More Jobs Than It Will Destroy. Here’s How”. SingularityHub, 2019. https://singularityhub.com/2019/01/01/ai-will-create-millions-more-jobs-than-it-will-destroy-heres-how/ Pentland, Alex. Social Physics: How Social Networks Can Make Us Smarter. Penguin, 2014. Ray, Pratap Chandra. The Mahabharata of Krishna-Dwaipayana Vyasa. Calcutta: Bharata Press, 1887. Rathi, Aayush and Elonnai Hickok. ‘Future of Work’ in India’s IT/IT-es Sector. The Centre for Internet and Society, January 2019. Reddy, R. Shashank. India and the Challenge of Autonomous Weapons. Carnegie India, 2016.",AIFP_B058,AIFP_B058_Reese_AI-Will-Create-Millions-More-Jobs-Than,"Reese, Byron. “AI Will Create Millions More Jobs Than It Will Destroy. Here’s How”. SingularityHub, 2019. https://singularityhub.com/2019/01/01/ai-will-create-millions-more-jobs-than-it-will-destroy-heres-how/ Pentland, Alex. Social Physics: How Social Networks Can Make Us Smarter. Penguin, 2014. Ray, Pratap Chandra. The Mahabharata of Krishna-Dwaipayana Vyasa. Calcutta: Bharata Press, 1887. Rathi, Aayush and Elonnai Hickok. ‘Future of Work’ in India’s IT/IT-es Sector. The Centre for Internet and Society, January 2019. Reddy, R. Shashank. India and the Challenge of Autonomous Weapons. Carnegie India, 2016.",https://singularityhub.com/2019/01/01/ai-will-create-millions-more-jobs-than-it-will-destroy-heres-how/,http://web.archive.org/web/20260615143724/https://singularityhub.com/2019/01/01/ai-will-create-millions-more-jobs-than-it-will-destroy-heres-how/,Snapshot found,On OneDrive,,AIFP_B058_Reese_AI-Will-Create-Millions-More-Jobs-Than_singularityhub-com.pdf,https://1drv.ms/b/c/ACD215A5F926CFCE/IQCama39biYiTZ97ulZMh629AdZjqLLAKDOFCUtCV6pkJT8,,,In the bibliography; no footnote matched to it | Page saved as PDF (cover page + copy) from live page on 2026-10-07
AIFP_B061,Bibliography only,,,,Book/Print,"Sanyal, Kaushiki. Artificial Intelligence and India. Oxford University Press India. 2020.",AIFP_B061,AIFP_B061_Sanyal_Artificial-Intelligence-and-India,"Sanyal, Kaushiki. Artificial Intelligence and India. Oxford University Press India. 2020.",,,,To do,,,,,https://books.google.com/books?id=CyvsDwAAQBAJ,In the bibliography; no footnote matched to it | Google Books preview: PARTIAL (check it is the right edition)
AIFP_B064,Bibliography only,,,,Book/Print,"Scott, David. William James and Buddhism: American Pragmatism and the Orient. Downloadable book: htt ps://doi.org/10.1006/reli.2000.0292",AIFP_B064,AIFP_B064_Scott_William-James-and-Buddhism-American-Pragmatism-and,"Scott, David. William James and Buddhism: American Pragmatism and the Orient. Downloadable book: htt ps://doi.org/10.1006/reli.2000.0292",,,,To do,,,,,https://www.google.com/search?tbm=bks&q=William%20James%20and%20Buddhism%20American%20Pragmatism%20and%20the%20Orient%20Scott,In the bibliography; no footnote matched to it
AIFP_B065,Bibliography only,,,,URL,"Sen, Gautam. “History, Geopolitics and the Indian Predicament”. IndiaFacts, 2020. http://indiafacts.org/history-geopolitics-and-the-indian-predicament/",AIFP_B065,AIFP_B065_Sen_History,"Sen, Gautam. “History, Geopolitics and the Indian Predicament”. IndiaFacts, 2020. http://indiafacts.org/history-geopolitics-and-the-indian-predicament/",http://indiafacts.org/history-geopolitics-and-the-indian-predicament/,,NO snapshot - capture at web.archive.org/save,To do,,,,,,In the bibliography; no footnote matched to it | download failed: RuntimeError: web server answered HTTP 404 | download failed - live page: web server answered HTTP 404 | download failed - live page: web server answered HTTP 404 | download failed - live page: web server answered HTTP 404 | download failed - live page: web server answered HTTP 404 | download failed - live page: web server answered HTTP 404 | download failed - live page: Page.goto: net::ERR_HTTP_RESPONSE_CODE_FAILURE at http://indiafacts.or | download failed - live page: Page.goto: net::ERR_HTTP_RESPONSE_CODE_FAILURE at http://indiafacts.or
AIFP_B066,Bibliography only,,,,Book/Print,"Sinha, Amber. The Networked Public: How Social Media Changed Democracy. Rupa Publications, Delhi. 2019.",AIFP_B066,AIFP_B066_Sinha_The-Networked-Public-How-Social-Media-Changed,"Sinha, Amber. The Networked Public: How Social Media Changed Democracy. Rupa Publications, Delhi. 2019.",,,,To do,,,,,https://books.google.com/books?id=U2HlEQAAQBAJ,In the bibliography; no footnote matched to it | Google Books preview: PARTIAL (check it is the right edition)
AIFP_B082,Bibliography only,,,,URL,"U.S. Department of Transportation. Preparing for the Future of Transportation: Automated Vehicles 3.0 (AV 3.0). September 28, 2018. https://www.transportation.gov/av/3/preparing-future-transportation-automated-vehicles-3",AIFP_B082,AIFP_B082_U_Department-of-Transportation,"U.S. Department of Transportation. Preparing for the Future of Transportation: Automated Vehicles 3.0 (AV 3.0). September 28, 2018. https://www.transportation.gov/av/3/preparing-future-transportation-automated-vehicles-3",https://www.transportation.gov/av/3/preparing-future-transportation-automated-vehicles-3,http://web.archive.org/web/20260724003704/https://www.transportation.gov/av/3/preparing-future-transportation-automated-vehicles-3,Snapshot found,On OneDrive,,AIFP_B082_U_Department-of-Transportation_transportation-gov.pdf,https://1drv.ms/b/c/ACD215A5F926CFCE/IQBDjlqWfKY5Qqz_wrKfNon5ATqNMsMI5QW-JbQN_G2N6iQ,,,In the bibliography; no footnote matched to it | Page saved as PDF (cover page + copy) from Wayback snapshot on 2026-10-07
AIFP_B084,Bibliography only,,,,Book/Print,"Webb, Michael, Nick Short, Nicholas Bloom, and Josh Lerner. Some Facts of High-Tech Patenting. Cambridge, MA: National Bureau Of Economic Research, 2018.",AIFP_B084,AIFP_B084_Webb_Some-Facts-of-High-Tech-Patenting,"Webb, Michael, Nick Short, Nicholas Bloom, and Josh Lerner. Some Facts of High-Tech Patenting. Cambridge, MA: National Bureau Of Economic Research, 2018.",,,,On OneDrive,https://www.nber.org/papers/w24793,AIFP_B084_Webb_Some-Facts-of-High-Tech-Patenting.pdf,https://1drv.ms/b/c/ACD215A5F926CFCE/IQC51t5jZHf2SoDWXjAEbfHnASSb-QXgyoCjxu-CkrRT35c?e=PStYFD,,https://books.google.com/books?id=tQyB0AEACAAJ,In the bibliography; no footnote matched to it | Google Books preview: NO_PAGES (check it is the right edition) | Carried over from the earlier backup (A84_Webb-Short-Bloom-Lerner_NBER-w24793_SomeFactsOfHighTechPatenting.pdf)
AIFP_B085,Bibliography only,,,,Book/Print,"Webb, Michael. The Impact of Artificial Intelligence on the Labor Market. Stanford University, November 6, 2019.",AIFP_B085,AIFP_B085_Webb_The-Impact-of-Artificial-Intelligence-on-the,"Webb, Michael. The Impact of Artificial Intelligence on the Labor Market. Stanford University, November 6, 2019.",,,,On OneDrive,https://www.michaelwebb.co/webb_ai.pdf,AIFP_B085_Webb_The-Impact-of-Artificial-Intelligence-on-the.pdf,https://1drv.ms/b/c/ACD215A5F926CFCE/IQDnPowf0-BLQqFNbIGmd0MaAR089Ym-UI3XpGQF-ibM0Vc?e=f0OxjM,,https://www.google.com/search?tbm=bks&q=The%20Impact%20of%20Artificial%20Intelligence%20on%20the%20Labor%20Market%20Webb,In the bibliography; no footnote matched to it | Carried over from the earlier backup (A85_Webb_2019_ImpactOfAIOnLaborMarket.pdf)
AIFP_B093,Bibliography only,,,,Book/Print,"Zichermann, Gabe and Joselin Linder. The Gamification Revolution: How Leaders Leverage Game Mechanics to Crush the Competition. McGraw Hill, 2013.",AIFP_B093,AIFP_B093_Zichermann_The-Gamification-Revolution-How-Leaders-Leverage-Game,"Zichermann, Gabe and Joselin Linder. The Gamification Revolution: How Leaders Leverage Game Mechanics to Crush the Competition. McGraw Hill, 2013.",,,,To do,,,,,https://books.google.com/books?id=CV0rUvnyrkwC,In the bibliography; no footnote matched to it | Google Books preview: PARTIAL (check it is the right edition)
